# arcade address	size	name (C spelling: the link symbol without its leading _)	file
06000400	24	exc_trapa	src/fixed_addr.src
06000418	24	exc_illegal_instr	src/intr.src
06000430	24	exc_illegal_slot	src/intr.src
06000448	24	exc_cpu_addr_err	src/intr.src
06000460	112	exc_dma_addr_err	src/intr.src
060004D0	88	sprite_poly_queue_flush	src/intr.src
06000528	502	vblank_frame_dispatch	src/intr.src
0600071E	32	irq_spare_ack_intr	src/intr.src
0600073E	88	frt_compare_intr	src/intr.src
06000796	166	frt_overflow_intr	src/intr.src
0600083C	4	vblank_user_hook	src/vbl_hook.c
06000840	268	Game_Task	src/Game.c
0600094C	140	task_sleep_tick	src/Game.c
060009D8	74	init_task_stacks	src/Entry.c
06000A22	112	create_task	src/Entry.c
06000A92	30	destroy_current_task	src/Entry.c
06000AB0	40	kill_task	src/Entry.c
06000AD8	20	suspend_task	src/Entry.c
06000AEC	60	post_task	src/Entry.c
06000B28	188	kill_tasks_by_func	src/Entry.c
06000BE4	232	kill_tasks_by_priority	src/Entry.c
06000CCC	16	main_thunk	src/tasksw.src
06000CDC	76	task_dispatch	src/tasksw.src
06000D28	100	task_sleep	src/tasksw.src
06000D8C	100	task_wait	src/tasksw.src
06000DF0	64	task_yield	src/tasksw.src
06000E30	56	vector_restart	src/tasksw.src
06000E68	56	bios_vector_restart	src/tasksw.src
06000EA0	448	reset_entry	src/tasksw.src
06001060	418	cpu_hang_forever	src/tasksw.src
06001202	194	dbg_memory_dump_rows	src/Entry.c
060012C4	210	dbg_disasm_rows	src/Entry.c
06001396	886	disasm_sh_opcode	src/Entry.c
0600170C	14	entry_task	src/entry_2.c
0600171A	100	entry_main	src/entry_2.c
0600177E	756	Entry_00	src/entry_2.c
06001A72	206	Entry_01	src/entry_2.c
06001B40	248	Entry_01_Sub	src/entry_2.c
06001C38	86	entry_to_in_game	src/entry_2.c
06001C8E	40	Entry_02	src/entry_2.c
06001CB6	20	Entry_03	src/entry_2.c
06001CCA	90	Entry_03_1st	src/entry_2.c
06001D24	236	Entry_03_2nd	src/entry_2.c
06001E10	112	Entry_04	src/entry_2.c
06001E80	34	Entry_04_1st	src/entry_2.c
06001EA2	388	Entry_04_2nd	src/entry_2.c
06002026	20	Entry_06	src/entry_2.c
0600203A	40	Entry_06_1st	src/entry_2.c
06002062	338	Entry_06_2nd	src/entry_2.c
060021B4	20	Entry_07	src/entry_2.c
060021C8	40	Entry_07_1st	src/entry_2.c
060021F0	220	Entry_07_2nd	src/entry_2.c
060022CC	120	Entry_08	src/entry_2.c
06002344	56	Entry_08_1st	src/entry_2.c
0600237C	258	Entry_08_2nd	src/entry_2.c
0600247E	20	Entry_10	src/entry_2.c
06002492	346	Entry_10_1st	src/entry_2.c
060025EC	258	Entry_10_2nd	src/entry_2.c
060026EE	1040	Entry_Main_Sub	src/entry_2.c
06002AFE	98	Naming_Init	src/entry_2.c
06002B60	108	Naming_Cut_Sub_1P	src/entry_2.c
06002BCC	122	Naming_Cut_Sub_2P	src/entry_2.c
06002C46	140	Name_In_Sub	src/entry_2.c
06002CD2	38	Name_In_Sub0	src/entry_2.c
06002CF8	68	Entry_Common_Sub	src/entry_2.c
06002D3C	142	Loser_Scene_Sub	src/entry_2.c
06002DCA	180	Loser_Sub_1P	src/entry_2.c
06002E7E	190	Loser_Sub_2P	src/entry_2.c
06002F3C	332	Credit_Sub_1P	src/entry_2.c
06003088	262	Credit_Sub_2P	src/entry_2.c
0600318E	134	Credit_Continue_1P	src/entry_2.c
06003214	72	Credit_Continue_2P	src/entry_2.c
0600325C	444	Entry_Continue_Sub	src/entry_2.c
06003418	358	Setup_Next_Step	src/entry_2.c
0600357E	446	In_Game_Sub	src/entry_2.c
0600373C	74	In_Over_Sub	src/entry_2.c
06003786	482	Flash_Insert_Coin	src/entry_2.c
06003968	324	Flash_Start	src/entry_2.c
06003AAC	322	Flash_Please	src/entry_2.c
06003BEE	362	Flash_More_Coins	src/entry_2.c
06003D58	232	Disp_More_Coins	src/entry_2.c
06003E40	30	Get_2P_Coin_Count	src/entry_2.c
06003E5E	818	credit_display_render	src/entry_2.c
06004190	704	Disp_Start_Message	src/entry_2.c
06004450	92	Break_Into_Sub	src/entry_2.c
060044AC	276	Ck_Break_Into	src/entry_2.c
060045C0	74	Ck_Break_Into_SP	src/entry_2.c
0600460A	242	Pay_Start_Credit	src/entry_2.c
060046FC	240	Break_Into_02	src/entry_2.c
060047EC	154	Break_Into_04	src/entry_2.c
06004886	350	Break_Into_05	src/entry_2.c
060049E4	168	Break_Into_07	src/entry_2.c
06004A8C	160	Break_Into_08	src/entry_2.c
06004B2C	142	Break_Into_09	src/entry_2.c
06004BBA	142	Break_Into_10	src/entry_2.c
06004C48	52	Continue_Score_Sub	src/entry_2.c
06004C7C	168	Correct_BI_Data	src/entry_2.c
06004D24	46	coin_in_sound_request	src/coin_cont.c
06004D52	142	Redisp_Continue_Count	src/coin_cont.c
06004DE0	94	boot_task	src/mode_init.c
06004E3E	24	kill_mode_tasks	src/mode_init.c
06004E56	70	text_clear_task_exit	src/mode_init.c
06004E9C	1154	mode_init_task	src/mode_init.c
0600531E	56	region_setup	src/mode_init.c
06005356	18	region_cc_type_set	src/mode_init.c
06005368	116	region_group_params_set	src/mode_init.c
060053DC	220	display_mode_setup	src/mode_init.c
060054B8	76	test_mode_task	src/test_mode.c
06005504	240	test_mode_wait	src/test_mode.c
060055F4	488	test_menu_init	src/test_mode.c
060057DC	200	test_menu_run	src/test_mode.c
060058A4	358	test_menu_select	src/test_mode.c
06005A0A	242	test_mode_exit	src/test_mode.c
06005AFC	108	screen_flip_offsets_set	src/scrn_ctrl.c
06005B68	152	set_screen_mode	src/scrn_ctrl.c
06005C00	424	screen_window_regs_update	src/scrn_ctrl.c
06005DA8	68	Zoomf_Init	src/scrn_ctrl.c
06005DEC	44	Zoomf_Init_X	src/scrn_ctrl.c
06005E18	44	Zoomf_Init_Y	src/scrn_ctrl.c
06005E44	30	Frame_Up	src/scrn_ctrl.c
06005E62	58	Frame_Down	src/scrn_ctrl.c
06005E9C	284	Frame_Adgjust	src/scrn_ctrl.c
06005FB8	136	zoom_regs_update	src/scrn_ctrl.c
06006040	116	CPU_Sub	src/Com_Pl.c
060060B4	284	Main_Program	src/Com_Pl.c
060061D0	620	Com_Initialize	src/Com_Pl.c
0600643C	256	Com_Free	src/Com_Pl.c
0600653C	212	Com_Before_Follow	src/Com_Pl.c
06006610	216	Com_Before_Passive	src/Com_Pl.c
060066E8	260	Com_Guard	src/Com_Pl.c
060067EC	102	Check_Counter_Attack	src/Com_Pl.c
06006852	194	Check_Hamari	src/Com_Pl.c
06006914	178	Check_No12_Shell_Guard	src/Com_Pl.c
060069C6	48	Check_No12_Shell_Passed	src/Com_Pl.c
060069F6	154	Check_Guard_Type	src/Com_Pl.c
06006A90	240	Ck_Exit_Guard	src/Com_Pl.c
06006B80	162	Ck_Exit_Guard_Sub	src/Com_Pl.c
06006C22	80	Com_Active	src/Com_Pl.c
06006C72	110	Com_Follow	src/Com_Pl.c
06006CE0	80	Com_Passive	src/Com_Pl.c
06006D30	80	Com_VS_Shell	src/Com_Pl.c
06006D80	128	Com_Damage	src/Com_Pl.c
06006E00	774	Damage_1st	src/Com_Pl.c
06007106	120	Damage_2nd	src/Com_Pl.c
0600717E	4	Damage_3rd	src/Com_Pl.c
06007182	4	Damage_4th	src/Com_Pl.c
06007186	220	Damage_5th	src/Com_Pl.c
06007262	858	Damage_6th	src/Com_Pl.c
060075BC	198	Damage_7th	src/Com_Pl.c
06007682	216	Damage_8th	src/Com_Pl.c
0600775A	34	Exit_Damage_Sub	src/Com_Pl.c
0600777C	156	Check_Damage	src/Com_Pl.c
06007818	74	Com_Float	src/Com_Pl.c
06007862	68	Float_2nd	src/Com_Pl.c
060078A6	226	Float_3rd	src/Com_Pl.c
06007988	150	Float_4th	src/Com_Pl.c
06007A1E	78	Com_Flip	src/Com_Pl.c
06007A6C	164	Flip_Zero	src/Com_Pl.c
06007B10	182	Check_Flip_GO	src/Com_Pl.c
06007BC6	16	Flip_1st	src/Com_Pl.c
06007BD6	338	Flip_2nd	src/Com_Pl.c
06007D28	188	Flip_3rd	src/Com_Pl.c
06007DE4	96	Flip_4th	src/Com_Pl.c
06007E44	164	Check_Shell_Flip	src/Com_Pl.c
06007EE8	124	Check_Flip_Chance	src/Com_Pl.c
06007F64	228	Check_Flip	src/Com_Pl.c
06008048	222	Check_Flip_Attack	src/Com_Pl.c
06008126	326	Com_Caught	src/Com_Pl.c
0600826C	106	Decide_Exit_Catch	src/Com_Pl.c
060082D6	68	Com_Rapid_Sub	src/Com_Pl.c
0600831A	134	Check_Caught	src/Com_Pl.c
060083A0	202	Com_Catch	src/Com_Pl.c
0600846A	58	Be_Catch	src/Com_Pl.c
060084A4	72	Com_Wait_Lie	src/Com_Pl.c
060084EC	538	Command_Attack_SP	src/Com_Pl.c
06008706	114	Next_Be_Free	src/Com_Pl.c
06008778	108	Next_Be_Float	src/Com_Pl.c
060087E4	240	Clear_Com_Flag	src/Com_Pl.c
060088D4	198	Check_At_Count	src/Com_Pl.c
0600899A	110	Shift_Resume_Lv	src/Com_Pl.c
06008A08	180	Check_Store_Lv	src/Com_Pl.c
06008ABC	244	Store_LR_Sub	src/Com_Pl.c
06008BB0	64	Setup_Bullet_Counter	src/Com_Pl.c
06008BF0	52	Pattern_Insurance	src/Com_Pl.c
06008C24	6	End_Pattern	src/Com_Sub.c
06008C2A	6	Next_Be_Passive	src/Com_Sub.c
06008C30	38	Turn_Over_On	src/Com_Sub.c
06008C56	30	Only_Shot	src/Com_Sub.c
06008C74	132	Lever_On	src/Com_Sub.c
06008CF8	42	Lever_Off	src/Com_Sub.c
06008D22	52	Pierce_On	src/Com_Sub.c
06008D56	54	Pierce_Off	src/Com_Sub.c
06008D8C	54	Pierce_Off_2	src/Com_Sub.c
06008DC2	96	Setup_DENJIN_LEVEL	src/Com_Sub.c
06008E22	314	Push_Shot	src/Com_Sub.c
06008F5C	420	Check_Exit_DENJIN	src/Com_Sub.c
06009100	192	Keep_Away	src/Com_Sub.c
060091C0	114	Setup_KA_Jump	src/Com_Sub.c
06009232	16	Setup_KA_Walk	src/Com_Sub.c
06009242	168	Search_Back_Term	src/Com_Sub.c
060092EA	322	Approach_Walk	src/Com_Sub.c
0600942C	142	Check_Arrival	src/Com_Sub.c
060094BA	294	Approach_Until_Landed	src/Com_Sub.c
060095E0	358	Walk	src/Com_Sub.c
06009746	108	Forced_Guard	src/Com_Sub.c
060097B2	276	Provoke	src/Com_Sub.c
060098C6	364	Normal_Attack	src/Com_Sub.c
06009A32	50	Small_Jump_Measure	src/Com_Sub.c
06009A64	368	Normal_Attack_SP	src/Com_Sub.c
06009BD4	354	Adjust_Attack	src/Com_Sub.c
06009D36	22	Check_Target_Pat_Status	src/Com_Sub.c
06009D4C	76	Check_Start_Normal_Attack	src/Com_Sub.c
06009D98	254	Lever_Attack	src/Com_Sub.c
06009E96	350	Lever_Attack_SP	src/Com_Sub.c
06009FF4	82	Setup_Guard_Lever	src/Com_Sub.c
0600A046	56	Check_Start_Lever_Attack	src/Com_Sub.c
0600A07E	818	SA_Term	src/Com_Sub.c
0600A3B0	50	DENJIN_Check	src/Com_Sub.c
0600A3E2	64	YAGYOU_Check	src/Com_Sub.c
0600A422	140	SA_Range_Check	src/Com_Sub.c
0600A4AE	116	Check_SA	src/Com_Sub.c
0600A522	158	Check_EX	src/Com_Sub.c
0600A5C0	102	Check_SA_Full	src/Com_Sub.c
0600A626	86	Check_SA_Range	src/Com_Sub.c
0600A67C	140	Branch_Unit_Area	src/Com_Sub.c
0600A708	146	Com_Random_Select	src/Com_Sub.c
0600A79A	240	Branch_Wait_Area	src/Com_Sub.c
0600A88A	214	Wait	src/Com_Sub.c
0600A960	268	Look	src/Com_Sub.c
0600AA6C	340	Keep_Status	src/Com_Sub.c
0600ABC0	180	VS_Jump_Guard	src/Com_Sub.c
0600AC74	300	Wait_Lie	src/Com_Sub.c
0600ADA0	258	Wait_Get_Up	src/Com_Sub.c
0600AEA2	110	Check_Wait_Term	src/Com_Sub.c
0600AF10	262	Wait_Attack_Complete	src/Com_Sub.c
0600B016	80	Check_Exit_Guard	src/Com_Sub.c
0600B066	310	Short_Range_Attack	src/Com_Sub.c
0600B19C	370	EM_Term	src/Com_Sub.c
0600B30E	344	SHELL_Term	src/Com_Sub.c
0600B466	70	Check_Term_Sub_Air	src/Com_Sub.c
0600B4AC	50	Check_Term_Sub	src/Com_Sub.c
0600B4DE	18	Correct_Unit_PL	src/Com_Sub.c
0600B4F0	104	Check_Term_Sub_Y	src/Com_Sub.c
0600B558	414	Jump	src/Com_Sub.c
0600B6F6	582	Hi_Jump	src/Com_Sub.c
0600B93C	56	Check_Start_Hi_Jump	src/Com_Sub.c
0600B974	404	Check_Air_Guard	src/Com_Sub.c
0600BB08	318	Jump_Air_Guard	src/Com_Sub.c
0600BC46	554	Jump_Attack	src/Com_Sub.c
0600BE70	756	Jump_Attack_Term	src/Com_Sub.c
0600C164	50	Check_SP_Jump_Attack	src/Com_Sub.c
0600C196	398	Check_VS_Air_Attack	src/Com_Sub.c
0600C324	856	Hi_Jump_Attack	src/Com_Sub.c
0600C67C	1088	Hi_Jump_Attack_Term	src/Com_Sub.c
0600CABC	120	Check_Term_ABS_Distance	src/Com_Sub.c
0600CB34	62	Check_Com_Add_Y	src/Com_Sub.c
0600CB72	28	Check_Com_Add_Y_Sub	src/Com_Sub.c
0600CB8E	966	ORO_JA_Term	src/Com_Sub.c
0600CF54	1084	ORO_HJA_Term	src/Com_Sub.c
0600D390	1102	Command_Attack	src/Com_Sub.c
0600D7DE	52	Hadou_Check	src/Com_Sub.c
0600D812	98	Check_Resume_Lever	src/Com_Sub.c
0600D874	706	J_Command_Attack	src/Com_Sub.c
0600DB36	642	Rapid_Command_Attack	src/Com_Sub.c
0600DDB8	132	Check_Rapid	src/Com_Sub.c
0600DE3C	58	Setup_Rapid_End_Term	src/Com_Sub.c
0600DE76	46	Setup_Rapid_Time	src/Com_Sub.c
0600DEA4	368	Rapid_Sub	src/Com_Sub.c
0600E014	244	Check_Rapid_End	src/Com_Sub.c
0600E108	162	Check_Start_Command_Attack	src/Com_Sub.c
0600E1AA	928	ORO_JCA_Term	src/Com_Sub.c
0600E54A	1012	ORO_HJCA_Term	src/Com_Sub.c
0600E93E	820	Jump_Command_Attack_Term	src/Com_Sub.c
0600EC72	838	Hi_Jump_Command_Attack_Term	src/Com_Sub.c
0600EFB8	230	Check_Landed	src/Com_Sub.c
0600F09E	188	Check_Dash_Hit	src/Com_Sub.c
0600F15A	42	Setup_Front_or_Back	src/Com_Sub.c
0600F184	88	Check_Hit_Shell	src/Com_Sub.c
0600F1DC	120	Jump_Init	src/Com_Sub.c
0600F254	620	Command_Type_00	src/Com_Sub.c
0600F4C0	180	Command_Type_06	src/Com_Sub.c
0600F574	378	Command_Type_01	src/Com_Sub.c
0600F6EE	104	Setup_Command_01	src/Com_Sub.c
0600F756	140	Check_Store_Lever	src/Com_Sub.c
0600F7E2	156	Check_Store_Direction	src/Com_Sub.c
0600F87E	190	Select_Combo_Speed	src/Com_Sub.c
0600F93C	150	Select_Reflection_Time	src/Com_Sub.c
0600F9D2	66	Setup_Lv04	src/Com_Sub.c
0600FA14	112	Setup_Lv08	src/Com_Sub.c
0600FA84	64	Setup_Lv10	src/Com_Sub.c
0600FAC4	66	Setup_Lv18	src/Com_Sub.c
0600FB06	110	Setup_VS_Catch_Data	src/Com_Sub.c
0600FB74	86	Setup_LP_Data	src/Com_Sub.c
0600FBCA	86	Setup_WT_Data	src/Com_Sub.c
0600FC20	52	Ck_Distance	src/Com_Sub.c
0600FC54	22	Ck_Distance_Height	src/Com_Sub.c
0600FC6A	66	Ck_Area	src/Com_Sub.c
0600FCAC	66	Ck_Area_Shell	src/Com_Sub.c
0600FCEE	72	Ck_Distance_Lv	src/Com_Sub.c
0600FD36	72	Ck_Distance_LvJ	src/Com_Sub.c
0600FD7E	146	Next_End	src/Com_Sub.c
0600FE10	112	Next_Another_Menu	src/Com_Sub.c
0600FE80	850	Reaction_Sub	src/Com_Sub.c
060101D2	286	Check_Meoshi_Attack	src/Com_Sub.c
060102F0	96	Get_Meoshi_Data	src/Com_Sub.c
06010350	116	Reaction_Exit_Sub	src/Com_Sub.c
060103C4	184	Check_Stock_Hit_Menu	src/Com_Sub.c
0601047C	56	Check_First_Menu	src/Com_Sub.c
060104B4	506	Select_Active	src/Com_Sub.c
060106AE	248	Check_Bullet_Counter	src/Com_Sub.c
060107A6	242	Check_SA_Active	src/Com_Sub.c
06010898	128	Setup_Follow	src/Com_Sub.c
06010918	148	Decide_Follow_Menu	src/Com_Sub.c
060109AC	812	Select_Passive	src/Com_Sub.c
06010CD8	64	Devide_Level	src/Com_Sub.c
06010D18	116	Setup_Random	src/Com_Sub.c
06010D8C	94	Check_Dramatic	src/Com_Sub.c
06010DEA	354	Check_Passive	src/Com_Sub.c
06010F4C	404	Check_Guard	src/Com_Sub.c
060110E0	58	Check_Makoto	src/Com_Sub.c
0601111A	146	Check_Flip_Term	src/Com_Sub.c
060111AC	68	Setup_EM_Rank_Index	src/Com_Sub.c
060111F0	88	Flip_Term_Correct	src/Com_Sub.c
06011248	116	Next_Be_Guard	src/Com_Sub.c
060112BC	104	Check_Flip_Tech	src/Com_Sub.c
06011324	240	Next_Be_Flip	src/Com_Sub.c
06011414	236	Check_Diagonal_Shell	src/Com_Sub.c
06011500	106	Check_Ignore_Shell2	src/Com_Sub.c
0601156A	410	Check_Shell	src/Com_Sub.c
06011704	106	Check_Ignore_Shell	src/Com_Sub.c
0601176E	66	Compute_Hit_Time	src/Com_Sub.c
060117B0	182	Decide_Shell_Guard	src/Com_Sub.c
06011866	100	Guard_or_Jump_VS_Shell	src/Com_Sub.c
060118CA	138	Setup_Shell_Disposal	src/Com_Sub.c
06011954	114	Next_Be_Shell_Guard	src/Com_Sub.c
060119C6	140	Decide_Shell_Reaction	src/Com_Sub.c
06011A52	14	calc_abs_diff	src/Com_Sub.c
06011A60	102	Check_Behind	src/Com_Sub.c
06011AC6	108	Ck_Distance_XX	src/Com_Sub.c
06011B32	68	Ck_Distance_Wall	src/Com_Sub.c
06011B76	154	Setup_Lever_LR	src/Com_Sub.c
06011C10	60	Check_Exit_Term	src/Com_Sub.c
06011C4C	274	VS_Jump_Term	src/Com_Sub.c
06011D5E	72	Exit_Term_0000	src/Com_Sub.c
06011DA6	4	Exit_Term_0001	src/Com_Sub.c
06011DAA	28	Exit_Term_0002	src/Com_Sub.c
06011DC6	140	Exit_Term_0003	src/Com_Sub.c
06011E52	96	Exit_Term_0004	src/Com_Sub.c
06011EB2	96	Exit_Term_0005	src/Com_Sub.c
06011F12	96	Exit_Term_0006	src/Com_Sub.c
06011F72	134	Exit_Term_0007	src/Com_Sub.c
06011FF8	108	Exit_Term_0008	src/Com_Sub.c
06012064	32	Check_Drop_Term	src/Com_Sub.c
06012084	70	Check_SHINRYU	src/Com_Sub.c
060120CA	154	Check_BOSS	src/Com_Sub.c
06012164	112	Check_BOSS_EX	src/Com_Sub.c
060121D4	156	ETC_Term	src/Com_Sub.c
06012270	34	ETC_Term_0000	src/Com_Sub.c
06012292	98	ETC_Term_0001	src/Com_Sub.c
060122F4	34	ETC_Term_0002	src/Com_Sub.c
06012316	34	ETC_Term_0003	src/Com_Sub.c
06012338	50	ETC_Term_0004	src/Com_Sub.c
0601236A	36	ETC_Term_0005	src/Com_Sub.c
0601238E	130	ETC_Term_0006	src/Com_Sub.c
06012410	28	ETC_Term_0007	src/Com_Sub.c
0601242C	28	ETC_Term_0008	src/Com_Sub.c
06012448	28	ETC_Term_0009	src/Com_Sub.c
06012464	292	Setup_Com_Max_Range	src/Com_Sub.c
06012588	44	Ck_Passive_Term	src/Ck_Pass.c
060125B4	838	KEN_vs	src/Ck_Pass.c
060128FA	682	HUGO_vs	src/Ck_Pass.c
06012BA4	764	GILL_vs	src/Ck_Pass.c
06012EA0	272	Check_Special_Technique	src/Ck_Pass.c
06012FB0	52	Check_Attack_Direction	src/Ck_Pass.c
06012FE4	80	Check_Special_Tech_ID	src/Ck_Pass.c
06013034	280	Check_VS_Jump	src/Ck_Pass.c
0601314C	198	Check_Jump_Counter	src/Ck_Pass.c
06013212	64	Check_Rolling	src/Ck_Pass.c
06013252	46	Check_Personal_Action	src/Ck_Pass.c
06013280	88	Check_Specific_Term	src/Ck_Pass.c
060132D8	46	Check_Dash	src/Ck_Pass.c
06013306	254	Check_Limited_Attack	src/Ck_Pass.c
06013404	34	Check_Limited_Jump_Attack	src/Ck_Pass.c
06013426	58	limited_jump_attack_set	src/Ck_Pass.c
06013460	108	Check_Stand	src/Ck_Pass.c
060134CC	150	Setup_Next_Stand_Timer	src/Ck_Pass.c
06013562	124	Check_Turn_Over	src/Ck_Pass.c
060135DE	198	Check_VS_Squat	src/Ck_Pass.c
060136A4	34	Setup_Next_Squat_Timer	src/Ck_Pass.c
060136C6	116	Check_Thrown	src/Ck_Pass.c
0601373A	162	Check_Catch	src/Ck_Pass.c
060137DC	72	Check_Lie_Reset	src/Ck_Pass.c
06013824	64	Check_Down_Term	src/Ck_Pass.c
06013864	74	Check_Lie	src/Ck_Pass.c
060138AE	50	Check_Faint	src/Ck_Pass.c
060138E0	80	Check_Blow_Off	src/Ck_Pass.c
06013930	232	Check_After_Attack	src/Ck_Pass.c
06013A18	110	Check_F_Cross_Chop	src/Ck_Pass.c
06013A86	22	Check_PL_Unit_AS	src/Ck_Pass.c
06013A9C	82	VS_GILL_AS	src/Ck_Pass.c
06013AEE	156	VS_ALEX_AS	src/Ck_Pass.c
06013B8A	144	VS_RYU_AS	src/Ck_Pass.c
06013C1A	110	VS_YUN_AS	src/Ck_Pass.c
06013C88	168	VS_DUDLEY_AS	src/Ck_Pass.c
06013D30	4	VS_NECRO_AS	src/Ck_Pass.c
06013D34	168	VS_HUGO_AS	src/Ck_Pass.c
06013DDC	84	VS_IBUKI_AS	src/Ck_Pass.c
06013E30	142	VS_ELENA_AS	src/Ck_Pass.c
06013EBE	54	VS_ORO_AS	src/Ck_Pass.c
06013EF4	150	VS_KEN_AS	src/Ck_Pass.c
06013F8A	52	VS_SEAN_AS	src/Ck_Pass.c
06013FBE	86	VS_URIEN_AS	src/Ck_Pass.c
06014014	120	VS_GOUKI_AS	src/Ck_Pass.c
0601408C	4	VS_CHUN_LI_AS	src/Ck_Pass.c
06014090	4	VS_MAKOTO_AS	src/Ck_Pass.c
06014094	54	VS_Q_AS	src/Ck_Pass.c
060140CA	4	VS_NO12_AS	src/Ck_Pass.c
060140CE	94	VS_REMY_AS	src/Ck_Pass.c
0601412C	22	Check_PL_Unit_A	src/Ck_Pass.c
06014142	152	VS_GILL_A	src/Ck_Pass.c
060141DA	210	VS_ALEX_A	src/Ck_Pass.c
060142AC	150	VS_RYU_A	src/Ck_Pass.c
06014342	88	VS_YUN_A	src/Ck_Pass.c
0601439A	120	VS_DUDLEY_A	src/Ck_Pass.c
06014412	154	VS_NECRO_A	src/Ck_Pass.c
060144AC	212	VS_HUGO_A	src/Ck_Pass.c
06014580	64	VS_IBUKI_A	src/Ck_Pass.c
060145C0	116	VS_ELENA_A	src/Ck_Pass.c
06014634	54	VS_ORO_A	src/Ck_Pass.c
0601466A	54	VS_KEN_A	src/Ck_Pass.c
060146A0	140	VS_SEAN_A	src/Ck_Pass.c
0601472C	152	VS_URIEN_A	src/Ck_Pass.c
060147C4	136	VS_GOUKI_A	src/Ck_Pass.c
0601484C	122	VS_CHUN_LI_A	src/Ck_Pass.c
060148C6	4	VS_MAKOTO_A	src/Ck_Pass.c
060148CA	54	VS_Q_A	src/Ck_Pass.c
06014900	88	VS_NO12_A	src/Ck_Pass.c
06014958	60	VS_REMY_A	src/Ck_Pass.c
06014994	22	Check_PL_Unit_BS	src/Ck_Pass.c
060149AA	86	VS_GILL_BS	src/Ck_Pass.c
06014A00	132	VS_ALEX_BS	src/Ck_Pass.c
06014A84	228	VS_RYU_BS	src/Ck_Pass.c
06014B68	116	VS_YUN_BS	src/Ck_Pass.c
06014BDC	148	VS_DUDLEY_BS	src/Ck_Pass.c
06014C70	4	VS_NECRO_BS	src/Ck_Pass.c
06014C74	214	VS_HUGO_BS	src/Ck_Pass.c
06014D4A	88	VS_IBUKI_BS	src/Ck_Pass.c
06014DA2	158	VS_ELENA_BS	src/Ck_Pass.c
06014E40	54	VS_ORO_BS	src/Ck_Pass.c
06014E76	180	VS_KEN_BS	src/Ck_Pass.c
06014F2A	52	VS_SEAN_BS	src/Ck_Pass.c
06014F5E	86	VS_URIEN_BS	src/Ck_Pass.c
06014FB4	184	VS_GOUKI_BS	src/Ck_Pass.c
0601506C	88	VS_CHUN_LI_BS	src/Ck_Pass.c
060150C4	52	VS_MAKOTO_BS	src/Ck_Pass.c
060150F8	54	VS_Q_BS	src/Ck_Pass.c
0601512E	4	VS_NO12_BS	src/Ck_Pass.c
06015132	88	VS_REMY_BS	src/Ck_Pass.c
0601518A	34	Check_PL_Unit_B	src/Ck_Pass.c
060151AC	152	VS_GILL_B	src/Ck_Pass.c
06015244	202	VS_ALEX_B	src/Ck_Pass.c
0601530E	152	VS_RYU_B	src/Ck_Pass.c
060153A6	130	VS_YUN_B	src/Ck_Pass.c
06015428	122	VS_DUDLEY_B	src/Ck_Pass.c
060154A2	148	VS_NECRO_B	src/Ck_Pass.c
06015536	278	VS_HUGO_B	src/Ck_Pass.c
0601564C	54	VS_IBUKI_B	src/Ck_Pass.c
06015682	128	VS_ELENA_B	src/Ck_Pass.c
06015702	54	VS_ORO_B	src/Ck_Pass.c
06015738	88	VS_KEN_B	src/Ck_Pass.c
06015790	172	VS_SEAN_B	src/Ck_Pass.c
0601583C	152	VS_URIEN_B	src/Ck_Pass.c
060158D4	196	VS_GOUKI_B	src/Ck_Pass.c
06015998	154	VS_CHUN_LI_B	src/Ck_Pass.c
06015A32	54	VS_MAKOTO_B	src/Ck_Pass.c
06015A68	122	VS_Q_B	src/Ck_Pass.c
06015AE2	88	VS_NO12_B	src/Ck_Pass.c
06015B3A	58	VS_REMY_B	src/Ck_Pass.c
06015B74	22	Check_PL_Unit_CS	src/Ck_Pass.c
06015B8A	86	VS_GILL_CS	src/Ck_Pass.c
06015BE0	116	VS_ALEX_CS	src/Ck_Pass.c
06015C54	192	VS_RYU_CS	src/Ck_Pass.c
06015D14	116	VS_YUN_CS	src/Ck_Pass.c
06015D88	180	VS_DUDLEY_CS	src/Ck_Pass.c
06015E3C	4	VS_NECRO_CS	src/Ck_Pass.c
06015E40	214	VS_HUGO_CS	src/Ck_Pass.c
06015F16	52	VS_IBUKI_CS	src/Ck_Pass.c
06015F4A	160	VS_ELENA_CS	src/Ck_Pass.c
06015FEA	54	VS_ORO_CS	src/Ck_Pass.c
06016020	150	VS_KEN_CS	src/Ck_Pass.c
060160B6	52	VS_SEAN_CS	src/Ck_Pass.c
060160EA	86	VS_URIEN_CS	src/Ck_Pass.c
06016140	150	VS_GOUKI_CS	src/Ck_Pass.c
060161D6	88	VS_CHUN_LI_CS	src/Ck_Pass.c
0601622E	56	VS_MAKOTO_CS	src/Ck_Pass.c
06016266	4	VS_Q_CS	src/Ck_Pass.c
0601626A	4	VS_NO12_CS	src/Ck_Pass.c
0601626E	88	VS_REMY_CS	src/Ck_Pass.c
060162C6	22	Check_PL_Unit_C	src/Ck_Pass.c
060162DC	164	VS_GILL_C	src/Ck_Pass.c
06016380	172	VS_ALEX_C	src/Ck_Pass.c
0601642C	152	VS_RYU_C	src/Ck_Pass.c
060164C4	88	VS_YUN_C	src/Ck_Pass.c
0601651C	120	VS_DUDLEY_C	src/Ck_Pass.c
06016594	156	VS_NECRO_C	src/Ck_Pass.c
06016630	282	VS_HUGO_C	src/Ck_Pass.c
0601674A	54	VS_IBUKI_C	src/Ck_Pass.c
06016780	120	VS_ELENA_C	src/Ck_Pass.c
060167F8	54	VS_ORO_C	src/Ck_Pass.c
0601682E	88	VS_KEN_C	src/Ck_Pass.c
06016886	158	VS_SEAN_C	src/Ck_Pass.c
06016924	152	VS_URIEN_C	src/Ck_Pass.c
060169BC	132	VS_GOUKI_C	src/Ck_Pass.c
06016A40	154	VS_CHUN_LI_C	src/Ck_Pass.c
06016ADA	54	VS_MAKOTO_C	src/Ck_Pass.c
06016B10	88	VS_Q_C	src/Ck_Pass.c
06016B68	88	VS_NO12_C	src/Ck_Pass.c
06016BC0	60	VS_REMY_C	src/Ck_Pass.c
06016BFC	22	Check_PL_Unit_DS	src/Ck_Pass.c
06016C12	4	VS_GILL_DS	src/Ck_Pass.c
06016C16	4	VS_ALEX_DS	src/Ck_Pass.c
06016C1A	54	VS_RYU_DS	src/Ck_Pass.c
06016C50	4	VS_YUN_DS	src/Ck_Pass.c
06016C54	4	VS_DUDLEY_DS	src/Ck_Pass.c
06016C58	4	VS_NECRO_DS	src/Ck_Pass.c
06016C5C	4	VS_IBUKI_DS	src/Ck_Pass.c
06016C60	4	VS_HUGO_DS	src/Ck_Pass.c
06016C64	52	VS_ELENA_DS	src/Ck_Pass.c
06016C98	4	VS_ORO_DS	src/Ck_Pass.c
06016C9C	4	VS_KEN_DS	src/Ck_Pass.c
06016CA0	4	VS_SEAN_DS	src/Ck_Pass.c
06016CA4	4	VS_URIEN_DS	src/Ck_Pass.c
06016CA8	4	VS_GOUKI_DS	src/Ck_Pass.c
06016CAC	4	VS_CHUN_LI_DS	src/Ck_Pass.c
06016CB0	4	VS_MAKOTO_DS	src/Ck_Pass.c
06016CB4	4	VS_Q_DS	src/Ck_Pass.c
06016CB8	46	VS_NO12_DS	src/Ck_Pass.c
06016CE6	4	VS_REMY_DS	src/Ck_Pass.c
06016CEA	22	Check_PL_Unit_D	src/Ck_Pass.c
06016D00	4	VS_GILL_D	src/Ck_Pass.c
06016D04	4	VS_ALEX_D	src/Ck_Pass.c
06016D08	54	VS_RYU_D	src/Ck_Pass.c
06016D3E	4	VS_YUN_D	src/Ck_Pass.c
06016D42	4	VS_DUDLEY_D	src/Ck_Pass.c
06016D46	4	VS_NECRO_D	src/Ck_Pass.c
06016D4A	4	VS_HUGO_D	src/Ck_Pass.c
06016D4E	26	VS_IBUKI_D	src/Ck_Pass.c
06016D68	52	VS_ELENA_D	src/Ck_Pass.c
06016D9C	4	VS_ORO_D	src/Ck_Pass.c
06016DA0	4	VS_KEN_D	src/Ck_Pass.c
06016DA4	4	VS_SEAN_D	src/Ck_Pass.c
06016DA8	54	VS_URIEN_D	src/Ck_Pass.c
06016DDE	4	VS_GOUKI_D	src/Ck_Pass.c
06016DE2	4	VS_CHUN_LI_D	src/Ck_Pass.c
06016DE6	4	VS_MAKOTO_D	src/Ck_Pass.c
06016DEA	4	VS_Q_D	src/Ck_Pass.c
06016DEE	88	VS_NO12_D	src/Ck_Pass.c
06016E46	10	VS_REMY_D	src/Ck_Pass.c
06016E50	24	Passive00	src/pass00.c
06016E68	52	Passive00_0000	src/pass00.c
06016E9C	40	Passive00_0001	src/pass00.c
06016EC4	106	Passive00_0002	src/pass00.c
06016F2E	86	Passive00_0003	src/pass00.c
06016F84	66	Passive00_0004	src/pass00.c
06016FC6	30	Passive00_0005	src/pass00.c
06016FE4	68	Passive00_0006	src/pass00.c
06017028	50	Passive00_0007	src/pass00.c
0601705A	112	Passive00_0008	src/pass00.c
060170CA	78	Passive00_0009	src/pass00.c
06017118	50	Passive00_0010	src/pass00.c
0601714A	50	Passive00_0011	src/pass00.c
0601717C	74	Passive00_0012	src/pass00.c
060171C6	128	Passive00_0013	src/pass00.c
06017246	32	Passive00_0014	src/pass00.c
06017266	32	Passive00_0015	src/pass00.c
06017286	68	Passive00_0016	src/pass00.c
060172CA	126	Passive00_0017	src/pass00.c
06017348	68	Passive00_0018	src/pass00.c
0601738C	32	Passive00_0019	src/pass00.c
060173AC	32	Passive00_0020	src/pass00.c
060173CC	82	Passive00_0021	src/pass00.c
0601741E	160	Passive00_0022	src/pass00.c
060174BE	108	Passive00_0023	src/pass00.c
0601752A	44	Passive00_0024	src/pass00.c
06017556	126	Passive00_0025	src/pass00.c
060175D4	32	Passive00_0026	src/pass00.c
060175F4	84	Passive00_0027	src/pass00.c
06017648	32	Passive00_0028	src/pass00.c
06017668	96	Passive00_0029	src/pass00.c
060176C8	70	Passive00_0030	src/pass00.c
0601770E	34	Passive00_0031	src/pass00.c
06017730	44	Passive00_0032	src/pass00.c
0601775C	46	Passive00_0033	src/pass00.c
0601778A	74	Passive00_0034	src/pass00.c
060177D4	70	Passive00_0035	src/pass00.c
0601781A	122	Passive00_0036	src/pass00.c
06017894	120	Passive00_0037	src/pass00.c
0601790C	68	Passive00_0038	src/pass00.c
06017950	116	Passive00_0039	src/pass00.c
060179C4	102	Passive00_0040	src/pass00.c
06017A2A	78	Passive00_0041	src/pass00.c
06017A78	112	Passive00_0042	src/pass00.c
06017AE8	84	Passive00_0043	src/pass00.c
06017B3C	78	Passive00_0044	src/pass00.c
06017B8A	132	Passive00_0045	src/pass00.c
06017C0E	32	Passive00_0046	src/pass00.c
06017C2E	42	Passive00_0047	src/pass00.c
06017C58	74	Passive00_0048	src/pass00.c
06017CA2	32	Passive00_0049	src/pass00.c
06017CC2	80	Passive00_0050	src/pass00.c
06017D12	70	Passive00_0051	src/pass00.c
06017D58	32	Passive00_0052	src/pass00.c
06017D78	50	Passive00_0053	src/pass00.c
06017DAA	74	Passive00_0054	src/pass00.c
06017DF4	34	Passive00_0055	src/pass00.c
06017E16	66	Passive00_0056	src/pass00.c
06017E58	66	Passive00_0057	src/pass00.c
06017E9A	32	Passive00_0058	src/pass00.c
06017EBA	86	Passive00_0059	src/pass00.c
06017F10	30	Passive00_0060	src/pass00.c
06017F2E	66	Passive00_0061	src/pass00.c
06017F70	32	Passive00_0062	src/pass00.c
06017F90	50	Passive00_0063	src/pass00.c
06017FC2	34	Passive00_0064	src/pass00.c
06017FE4	84	Passive00_0065	src/pass00.c
06018038	66	Passive00_0066	src/pass00.c
0601807A	50	Passive00_0067	src/pass00.c
060180AC	62	Passive00_0068	src/pass00.c
060180EA	120	Passive00_0069	src/pass00.c
06018162	46	Passive00_0070	src/pass00.c
06018190	86	Passive00_0071	src/pass00.c
060181E6	114	Passive00_0072	src/pass00.c
06018258	90	Passive00_0073	src/pass00.c
060182B2	70	Passive00_0074	src/pass00.c
060182F8	104	Passive00_0075	src/pass00.c
06018360	132	Passive00_0076	src/pass00.c
060183E4	120	Passive00_0077	src/pass00.c
0601845C	108	Passive00_0078	src/pass00.c
060184C8	82	Passive00_0079	src/pass00.c
0601851A	120	Passive00_0080	src/pass00.c
06018592	90	Passive00_0081	src/pass00.c
060185EC	116	Passive00_0082	src/pass00.c
06018660	116	Passive00_0083	src/pass00.c
060186D4	152	Passive00_0084	src/pass00.c
0601876C	62	Passive00_0085	src/pass00.c
060187AA	136	Passive00_0086	src/pass00.c
06018832	160	Passive00_0087	src/pass00.c
060188D2	218	Passive00_0088	src/pass00.c
060189AC	50	Passive00_0089	src/pass00.c
060189DE	50	Passive00_0090	src/pass00.c
06018A10	96	Passive00_0091	src/pass00.c
06018A70	78	Passive00_0092	src/pass00.c
06018ABE	36	Passive00_0093	src/pass00.c
06018AE2	58	Passive00_0094	src/pass00.c
06018B1C	116	Passive00_0095	src/pass00.c
06018B90	68	Passive00_0096	src/pass00.c
06018BD4	84	Passive00_0097	src/pass00.c
06018C28	172	Passive00_0098	src/pass00.c
06018CD4	74	Passive00_0099	src/pass00.c
06018D1E	78	Passive00_0100	src/pass00.c
06018D6C	106	Passive00_0101	src/pass00.c
06018DD6	78	Passive00_0102	src/pass00.c
06018E24	60	Passive00_0103	src/pass00.c
06018E60	32	Passive00_0104	src/pass00.c
06018E80	90	Passive00_0105	src/pass00.c
06018EDA	60	Passive00_0106	src/pass00.c
06018F16	86	Passive00_0107	src/pass00.c
06018F6C	82	Passive00_0108	src/pass00.c
06018FBE	108	Passive00_0109	src/pass00.c
0601902A	50	Passive00_0110	src/pass00.c
0601905C	130	Passive00_0111	src/pass00.c
060190DE	106	Passive00_0112	src/pass00.c
06019148	130	Passive00_0113	src/pass00.c
060191CA	94	Passive00_0114	src/pass00.c
06019228	128	Passive00_0115	src/pass00.c
060192A8	106	Passive00_0116	src/pass00.c
06019312	66	Passive00_0117	src/pass00.c
06019354	66	Passive00_0118	src/pass00.c
06019396	66	Passive00_0119	src/pass00.c
060193D8	84	Passive00_0120	src/pass00.c
0601942C	66	Passive00_0121	src/pass00.c
0601946E	68	Passive00_0122	src/pass00.c
060194B2	100	Passive00_0123	src/pass00.c
06019516	128	Passive00_0124	src/pass00.c
06019596	60	Passive00_0125	src/pass00.c
060195D2	32	Passive00_0126	src/pass00.c
060195F2	60	Passive00_0127	src/pass00.c
0601962E	104	Passive00_0128	src/pass00.c
06019696	62	Passive00_0129	src/pass00.c
060196D4	114	Passive00_0130	src/pass00.c
06019746	96	Passive00_0131	src/pass00.c
060197A6	72	Passive00_0132	src/pass00.c
060197EE	30	Passive00_0133	src/pass00.c
0601980C	32	Passive00_0134	src/pass00.c
0601982C	30	Passive00_0135	src/pass00.c
0601984A	34	Passive00_0136	src/pass00.c
0601986C	74	Passive00_0137	src/pass00.c
060198B6	44	Passive00_0138	src/pass00.c
060198E2	40	Passive00_0139	src/pass00.c
0601990A	66	Passive00_0140	src/pass00.c
0601994C	128	Passive00_0141	src/pass00.c
060199CC	104	Passive00_0142	src/pass00.c
06019A34	30	Passive00_0143	src/pass00.c
06019A52	68	Passive00_0144	src/pass00.c
06019A96	110	Passive00_0145	src/pass00.c
06019B04	68	Passive00_0146	src/pass00.c
06019B48	72	Passive00_0147	src/pass00.c
06019B90	104	Passive00_0148	src/pass00.c
06019BF8	32	Passive00_0149	src/pass00.c
06019C18	68	Passive00_0150	src/pass00.c
06019C5C	68	Passive00_0151	src/pass00.c
06019CA0	44	Passive00_0152	src/pass00.c
06019CCC	86	Passive00_0153	src/pass00.c
06019D22	58	Passive00_0154	src/pass00.c
06019D5C	50	Passive00_0155	src/pass00.c
06019D8E	62	Passive00_0156	src/pass00.c
06019DCC	104	Passive00_0157	src/pass00.c
06019E34	24	Passive01	src/PASS01.c
06019E4C	52	Passive01_0000	src/PASS01.c
06019E80	40	Passive01_0001	src/PASS01.c
06019EA8	106	Passive01_0002	src/PASS01.c
06019F12	86	Passive01_0003	src/PASS01.c
06019F68	66	Passive01_0004	src/PASS01.c
06019FAA	30	Passive01_0005	src/PASS01.c
06019FC8	68	Passive01_0006	src/PASS01.c
0601A00C	96	Passive01_0007	src/PASS01.c
0601A06C	82	Passive01_0008	src/PASS01.c
0601A0BE	50	Passive01_0009	src/PASS01.c
0601A0F0	50	Passive01_0010	src/PASS01.c
0601A122	66	Passive01_0011	src/PASS01.c
0601A164	66	Passive01_0012	src/PASS01.c
0601A1A6	66	Passive01_0013	src/PASS01.c
0601A1E8	66	Passive01_0014	src/PASS01.c
0601A22A	32	Passive01_0015	src/PASS01.c
0601A24A	146	Passive01_0016	src/PASS01.c
0601A2DC	78	Passive01_0017	src/PASS01.c
0601A32A	158	Passive01_0018	src/PASS01.c
0601A3C8	32	Passive01_0019	src/PASS01.c
0601A3E8	32	Passive01_0020	src/PASS01.c
0601A408	64	Passive01_0021	src/PASS01.c
0601A448	152	Passive01_0022	src/PASS01.c
0601A4E0	96	Passive01_0023	src/PASS01.c
0601A540	124	Passive01_0024	src/PASS01.c
0601A5BC	122	Passive01_0025	src/PASS01.c
0601A636	68	Passive01_0026	src/PASS01.c
0601A67A	106	Passive01_0027	src/PASS01.c
0601A6E4	50	Passive01_0028	src/PASS01.c
0601A716	56	Passive01_0029	src/PASS01.c
0601A74E	70	Passive01_0030	src/PASS01.c
0601A794	72	Passive01_0031	src/PASS01.c
0601A7DC	72	Passive01_0032	src/PASS01.c
0601A824	56	Passive01_0033	src/PASS01.c
0601A85C	64	Passive01_0034	src/PASS01.c
0601A89C	96	Passive01_0035	src/PASS01.c
0601A8FC	78	Passive01_0036	src/PASS01.c
0601A94A	82	Passive01_0037	src/PASS01.c
0601A99C	134	Passive01_0038	src/PASS01.c
0601AA22	78	Passive01_0039	src/PASS01.c
0601AA70	88	Passive01_0040	src/PASS01.c
0601AAC8	122	Passive01_0041	src/PASS01.c
0601AB42	50	Passive01_0042	src/PASS01.c
0601AB74	78	Passive01_0043	src/PASS01.c
0601ABC2	94	Passive01_0044	src/PASS01.c
0601AC20	72	Passive01_0045	src/PASS01.c
0601AC68	32	Passive01_0046	src/PASS01.c
0601AC88	112	Passive01_0047	src/PASS01.c
0601ACF8	42	Passive01_0048	src/PASS01.c
0601AD22	68	Passive01_0049	src/PASS01.c
0601AD66	68	Passive01_0050	src/PASS01.c
0601ADAA	78	Passive01_0051	src/PASS01.c
0601ADF8	32	Passive01_0052	src/PASS01.c
0601AE18	50	Passive01_0053	src/PASS01.c
0601AE4A	52	Passive01_0054	src/PASS01.c
0601AE7E	50	Passive01_0055	src/PASS01.c
0601AEB0	108	Passive01_0056	src/PASS01.c
0601AF1C	66	Passive01_0057	src/PASS01.c
0601AF5E	32	Passive01_0058	src/PASS01.c
0601AF7E	50	Passive01_0059	src/PASS01.c
0601AFB0	30	Passive01_0060	src/PASS01.c
0601AFCE	122	Passive01_0061	src/PASS01.c
0601B048	104	Passive01_0062	src/PASS01.c
0601B0B0	60	Passive01_0063	src/PASS01.c
0601B0EC	32	Passive01_0064	src/PASS01.c
0601B10C	144	Passive01_0065	src/PASS01.c
0601B19C	64	Passive01_0066	src/PASS01.c
0601B1DC	44	Passive01_0067	src/PASS01.c
0601B208	66	Passive01_0068	src/PASS01.c
0601B24A	94	Passive01_0069	src/PASS01.c
0601B2A8	46	Passive01_0070	src/PASS01.c
0601B2D6	70	Passive01_0071	src/PASS01.c
0601B31C	132	Passive01_0072	src/PASS01.c
0601B3A0	80	Passive01_0073	src/PASS01.c
0601B3F0	86	Passive01_0074	src/PASS01.c
0601B446	152	Passive01_0075	src/PASS01.c
0601B4DE	86	Passive01_0076	src/PASS01.c
0601B534	124	Passive01_0077	src/PASS01.c
0601B5B0	90	Passive01_0078	src/PASS01.c
0601B60A	82	Passive01_0079	src/PASS01.c
0601B65C	120	Passive01_0080	src/PASS01.c
0601B6D4	88	Passive01_0081	src/PASS01.c
0601B72C	80	Passive01_0082	src/PASS01.c
0601B77C	130	Passive01_0083	src/PASS01.c
0601B7FE	84	Passive01_0084	src/PASS01.c
0601B852	68	Passive01_0085	src/PASS01.c
0601B896	156	Passive01_0086	src/PASS01.c
0601B932	126	Passive01_0087	src/PASS01.c
0601B9B0	102	Passive01_0088	src/PASS01.c
0601BA16	50	Passive01_0089	src/PASS01.c
0601BA48	50	Passive01_0090	src/PASS01.c
0601BA7A	50	Passive01_0091	src/PASS01.c
0601BAAC	134	Passive01_0092	src/PASS01.c
0601BB32	42	Passive01_0093	src/PASS01.c
0601BB5C	34	Passive01_0094	src/PASS01.c
0601BB7E	110	Passive01_0095	src/PASS01.c
0601BBEC	84	Passive01_0096	src/PASS01.c
0601BC40	96	Passive01_0097	src/PASS01.c
0601BCA0	162	Passive01_0098	src/PASS01.c
0601BD42	96	Passive01_0099	src/PASS01.c
0601BDA2	158	Passive01_0100	src/PASS01.c
0601BE40	88	Passive01_0101	src/PASS01.c
0601BE98	70	Passive01_0102	src/PASS01.c
0601BEDE	32	Passive01_0103	src/PASS01.c
0601BEFE	90	Passive01_0104	src/PASS01.c
0601BF58	50	Passive01_0105	src/PASS01.c
0601BF8A	50	Passive01_0106	src/PASS01.c
0601BFBC	60	Passive01_0107	src/PASS01.c
0601BFF8	32	Passive01_0108	src/PASS01.c
0601C018	90	Passive01_0109	src/PASS01.c
0601C072	60	Passive01_0110	src/PASS01.c
0601C0AE	98	Passive01_0111	src/PASS01.c
0601C110	34	Passive01_0112	src/PASS01.c
0601C132	128	Passive01_0113	src/PASS01.c
0601C1B2	78	Passive01_0114	src/PASS01.c
0601C200	66	Passive01_0115	src/PASS01.c
0601C242	66	Passive01_0116	src/PASS01.c
0601C284	90	Passive01_0117	src/PASS01.c
0601C2DE	32	Passive01_0118	src/PASS01.c
0601C2FE	114	Passive01_0119	src/PASS01.c
0601C370	112	Passive01_0120	src/PASS01.c
0601C3E0	66	Passive01_0121	src/PASS01.c
0601C422	66	Passive01_0122	src/PASS01.c
0601C464	66	Passive01_0123	src/PASS01.c
0601C4A6	66	Passive01_0124	src/PASS01.c
0601C4E8	82	Passive01_0125	src/PASS01.c
0601C53A	68	Passive01_0126	src/PASS01.c
0601C57E	32	Passive01_0127	src/PASS01.c
0601C59E	64	Passive01_0128	src/PASS01.c
0601C5DE	86	Passive01_0129	src/PASS01.c
0601C634	50	Passive01_0130	src/PASS01.c
0601C666	50	Passive01_0131	src/PASS01.c
0601C698	54	Passive01_0132	src/PASS01.c
0601C6CE	64	Passive01_0133	src/PASS01.c
0601C70E	82	Passive01_0134	src/PASS01.c
0601C760	64	Passive01_0135	src/PASS01.c
0601C7A0	64	Passive01_0136	src/PASS01.c
0601C7E0	76	Passive01_0137	src/PASS01.c
0601C82C	94	Passive01_0138	src/PASS01.c
0601C88A	50	Passive01_0139	src/PASS01.c
0601C8BC	30	Passive01_0140	src/PASS01.c
0601C8DA	68	Passive01_0141	src/PASS01.c
0601C91E	30	Passive01_0142	src/PASS01.c
0601C93C	112	Passive01_0143	src/PASS01.c
0601C9AC	94	Passive01_0144	src/PASS01.c
0601CA0A	126	Passive01_0145	src/PASS01.c
0601CA88	110	Passive01_0146	src/PASS01.c
0601CAF6	64	Passive01_0147	src/PASS01.c
0601CB36	40	Passive01_0148	src/PASS01.c
0601CB5E	108	Passive01_0149	src/PASS01.c
0601CBCA	82	Passive01_0150	src/PASS01.c
0601CC1C	36	Passive01_0151	src/PASS01.c
0601CC40	104	Passive01_0152	src/PASS01.c
0601CCA8	68	Passive01_0153	src/PASS01.c
0601CCEC	72	Passive01_0154	src/PASS01.c
0601CD34	66	Passive01_0155	src/PASS01.c
0601CD76	106	Passive01_0156	src/PASS01.c
0601CDE0	34	Passive01_0157	src/PASS01.c
0601CE02	34	Passive01_0158	src/PASS01.c
0601CE24	32	Passive01_0159	src/PASS01.c
0601CE44	166	Passive01_0160	src/PASS01.c
0601CEEA	82	Passive01_0161	src/PASS01.c
0601CF3C	108	Passive01_0162	src/PASS01.c
0601CFA8	34	Passive01_0163	src/PASS01.c
0601CFCA	70	Passive01_0164	src/PASS01.c
0601D010	88	Passive01_0165	src/PASS01.c
0601D068	50	Passive01_0166	src/PASS01.c
0601D09A	50	Passive01_0167	src/PASS01.c
0601D0CC	50	Passive01_0168	src/PASS01.c
0601D0FE	106	Passive01_0169	src/PASS01.c
0601D168	78	Passive01_0170	src/PASS01.c
0601D1B6	32	Passive01_0171	src/PASS01.c
0601D1D6	64	Passive01_0172	src/PASS01.c
0601D216	138	Passive01_0173	src/PASS01.c
0601D2A0	82	Passive01_0174	src/PASS01.c
0601D2F2	142	Passive01_0175	src/PASS01.c
0601D380	24	Passive02	src/PASS02.c
0601D398	52	Passive02_0000	src/PASS02.c
0601D3CC	88	Passive02_0001	src/PASS02.c
0601D424	50	Passive02_0002	src/PASS02.c
0601D456	76	Passive02_0003	src/PASS02.c
0601D4A2	30	Passive02_0004	src/PASS02.c
0601D4C0	98	Passive02_0005	src/PASS02.c
0601D522	50	Passive02_0006	src/PASS02.c
0601D554	78	Passive02_0007	src/PASS02.c
0601D5A2	106	Passive02_0008	src/PASS02.c
0601D60C	100	Passive02_0009	src/PASS02.c
0601D670	70	Passive02_0010	src/PASS02.c
0601D6B6	114	Passive02_0011	src/PASS02.c
0601D728	44	Passive02_0012	src/PASS02.c
0601D754	66	Passive02_0013	src/PASS02.c
0601D796	30	Passive02_0014	src/PASS02.c
0601D7B4	56	Passive02_0015	src/PASS02.c
0601D7EC	100	Passive02_0016	src/PASS02.c
0601D850	56	Passive02_0017	src/PASS02.c
0601D888	98	Passive02_0018	src/PASS02.c
0601D8EA	32	Passive02_0019	src/PASS02.c
0601D90A	70	Passive02_0020	src/PASS02.c
0601D950	78	Passive02_0021	src/PASS02.c
0601D99E	82	Passive02_0022	src/PASS02.c
0601D9F0	124	Passive02_0023	src/PASS02.c
0601DA6C	78	Passive02_0024	src/PASS02.c
0601DABA	94	Passive02_0025	src/PASS02.c
0601DB18	96	Passive02_0026	src/PASS02.c
0601DB78	64	Passive02_0027	src/PASS02.c
0601DBB8	32	Passive02_0028	src/PASS02.c
0601DBD8	56	Passive02_0029	src/PASS02.c
0601DC10	32	Passive02_0030	src/PASS02.c
0601DC30	34	Passive02_0031	src/PASS02.c
0601DC52	62	Passive02_0032	src/PASS02.c
0601DC90	34	Passive02_0033	src/PASS02.c
0601DCB2	32	Passive02_0034	src/PASS02.c
0601DCD2	32	Passive02_0035	src/PASS02.c
0601DCF2	30	Passive02_0036	src/PASS02.c
0601DD10	108	Passive02_0037	src/PASS02.c
0601DD7C	70	Passive02_0038	src/PASS02.c
0601DDC2	78	Passive02_0039	src/PASS02.c
0601DE10	124	Passive02_0040	src/PASS02.c
0601DE8C	90	Passive02_0041	src/PASS02.c
0601DEE6	40	Passive02_0042	src/PASS02.c
0601DF0E	90	Passive02_0043	src/PASS02.c
0601DF68	128	Passive02_0044	src/PASS02.c
0601DFE8	44	Passive02_0045	src/PASS02.c
0601E014	32	Passive02_0046	src/PASS02.c
0601E034	64	Passive02_0047	src/PASS02.c
0601E074	42	Passive02_0048	src/PASS02.c
0601E09E	106	Passive02_0049	src/PASS02.c
0601E108	68	Passive02_0050	src/PASS02.c
0601E14C	36	Passive02_0051	src/PASS02.c
0601E170	32	Passive02_0052	src/PASS02.c
0601E190	50	Passive02_0053	src/PASS02.c
0601E1C2	84	Passive02_0054	src/PASS02.c
0601E216	50	Passive02_0055	src/PASS02.c
0601E248	66	Passive02_0056	src/PASS02.c
0601E28A	68	Passive02_0057	src/PASS02.c
0601E2CE	74	Passive02_0058	src/PASS02.c
0601E318	76	Passive02_0059	src/PASS02.c
0601E364	30	Passive02_0060	src/PASS02.c
0601E382	32	Passive02_0061	src/PASS02.c
0601E3A2	64	Passive02_0062	src/PASS02.c
0601E3E2	110	Passive02_0063	src/PASS02.c
0601E450	110	Passive02_0064	src/PASS02.c
0601E4BE	118	Passive02_0065	src/PASS02.c
0601E534	86	Passive02_0066	src/PASS02.c
0601E58A	32	Passive02_0067	src/PASS02.c
0601E5AA	42	Passive02_0068	src/PASS02.c
0601E5D4	104	Passive02_0069	src/PASS02.c
0601E63C	130	Passive02_0070	src/PASS02.c
0601E6BE	196	Passive02_0071	src/PASS02.c
0601E782	72	Passive02_0072	src/PASS02.c
0601E7CA	154	Passive02_0073	src/PASS02.c
0601E864	94	Passive02_0074	src/PASS02.c
0601E8C2	90	Passive02_0075	src/PASS02.c
0601E91C	70	Passive02_0076	src/PASS02.c
0601E962	88	Passive02_0077	src/PASS02.c
0601E9BA	190	Passive02_0078	src/PASS02.c
0601EA78	92	Passive02_0079	src/PASS02.c
0601EAD4	138	Passive02_0080	src/PASS02.c
0601EB5E	200	Passive02_0081	src/PASS02.c
0601EC26	146	Passive02_0082	src/PASS02.c
0601ECB8	88	Passive02_0083	src/PASS02.c
0601ED10	66	Passive02_0084	src/PASS02.c
0601ED52	92	Passive02_0085	src/PASS02.c
0601EDAE	44	Passive02_0086	src/PASS02.c
0601EDDA	122	Passive02_0087	src/PASS02.c
0601EE54	158	Passive02_0088	src/PASS02.c
0601EEF2	136	Passive02_0089	src/PASS02.c
0601EF7A	50	Passive02_0090	src/PASS02.c
0601EFAC	112	Passive02_0091	src/PASS02.c
0601F01C	84	Passive02_0092	src/PASS02.c
0601F070	156	Passive02_0093	src/PASS02.c
0601F10C	50	Passive02_0094	src/PASS02.c
0601F13E	50	Passive02_0095	src/PASS02.c
0601F170	50	Passive02_0096	src/PASS02.c
0601F1A2	90	Passive02_0097	src/PASS02.c
0601F1FC	50	Passive02_0098	src/PASS02.c
0601F22E	50	Passive02_0099	src/PASS02.c
0601F260	68	Passive02_0100	src/PASS02.c
0601F2A4	108	Passive02_0101	src/PASS02.c
0601F310	96	Passive02_0102	src/PASS02.c
0601F370	78	Passive02_0103	src/PASS02.c
0601F3BE	114	Passive02_0104	src/PASS02.c
0601F430	100	Passive02_0105	src/PASS02.c
0601F494	106	Passive02_0106	src/PASS02.c
0601F4FE	58	Passive02_0107	src/PASS02.c
0601F538	58	Passive02_0108	src/PASS02.c
0601F572	86	Passive02_0109	src/PASS02.c
0601F5C8	44	Passive02_0110	src/PASS02.c
0601F5F4	122	Passive02_0111	src/PASS02.c
0601F66E	76	Passive02_0112	src/PASS02.c
0601F6BA	72	Passive02_0113	src/PASS02.c
0601F702	182	Passive02_0114	src/PASS02.c
0601F7B8	30	Passive02_0115	src/PASS02.c
0601F7D6	82	Passive02_0116	src/PASS02.c
0601F828	130	Passive02_0117	src/PASS02.c
0601F8AA	78	Passive02_0118	src/PASS02.c
0601F8F8	78	Passive02_0119	src/PASS02.c
0601F946	78	Passive02_0120	src/PASS02.c
0601F994	162	Passive02_0121	src/PASS02.c
0601FA36	70	Passive02_0122	src/PASS02.c
0601FA7C	74	Passive02_0123	src/PASS02.c
0601FAC6	88	Passive02_0124	src/PASS02.c
0601FB1E	74	Passive02_0125	src/PASS02.c
0601FB68	40	Passive02_0126	src/PASS02.c
0601FB90	156	Passive02_0127	src/PASS02.c
0601FC2C	64	Passive02_0128	src/PASS02.c
0601FC6C	50	Passive02_0129	src/PASS02.c
0601FC9E	50	Passive02_0130	src/PASS02.c
0601FCD0	100	Passive02_0131	src/PASS02.c
0601FD34	136	Passive02_0132	src/PASS02.c
0601FDBC	24	Passive03	src/PASS03.c
0601FDD4	52	Passive03_0000	src/PASS03.c
0601FE08	40	Passive03_0001	src/PASS03.c
0601FE30	106	Passive03_0002	src/PASS03.c
0601FE9A	86	Passive03_0003	src/PASS03.c
0601FEF0	66	Passive03_0004	src/PASS03.c
0601FF32	30	Passive03_0005	src/PASS03.c
0601FF50	68	Passive03_0006	src/PASS03.c
0601FF94	96	Passive03_0007	src/PASS03.c
0601FFF4	82	Passive03_0008	src/PASS03.c
06020046	78	Passive03_0009	src/PASS03.c
06020094	80	Passive03_0010	src/PASS03.c
060200E4	66	Passive03_0011	src/PASS03.c
06020126	74	Passive03_0012	src/PASS03.c
06020170	222	Passive03_0013	src/PASS03.c
0602024E	68	Passive03_0014	src/PASS03.c
06020292	32	Passive03_0015	src/PASS03.c
060202B2	158	Passive03_0016	src/PASS03.c
06020350	154	Passive03_0017	src/PASS03.c
060203EA	144	Passive03_0018	src/PASS03.c
0602047A	32	Passive03_0019	src/PASS03.c
0602049A	32	Passive03_0020	src/PASS03.c
060204BA	64	Passive03_0021	src/PASS03.c
060204FA	150	Passive03_0022	src/PASS03.c
06020590	122	Passive03_0023	src/PASS03.c
0602060A	122	Passive03_0024	src/PASS03.c
06020684	104	Passive03_0025	src/PASS03.c
060206EC	68	Passive03_0026	src/PASS03.c
06020730	96	Passive03_0027	src/PASS03.c
06020790	66	Passive03_0028	src/PASS03.c
060207D2	56	Passive03_0029	src/PASS03.c
0602080A	68	Passive03_0030	src/PASS03.c
0602084E	74	Passive03_0031	src/PASS03.c
06020898	96	Passive03_0032	src/PASS03.c
060208F8	34	Passive03_0033	src/PASS03.c
0602091A	64	Passive03_0034	src/PASS03.c
0602095A	96	Passive03_0035	src/PASS03.c
060209BA	74	Passive03_0036	src/PASS03.c
06020A04	70	Passive03_0037	src/PASS03.c
06020A4A	108	Passive03_0038	src/PASS03.c
06020AB6	70	Passive03_0039	src/PASS03.c
06020AFC	98	Passive03_0040	src/PASS03.c
06020B5E	128	Passive03_0041	src/PASS03.c
06020BDE	66	Passive03_0042	src/PASS03.c
06020C20	78	Passive03_0043	src/PASS03.c
06020C6E	94	Passive03_0044	src/PASS03.c
06020CCC	78	Passive03_0045	src/PASS03.c
06020D1A	32	Passive03_0046	src/PASS03.c
06020D3A	124	Passive03_0047	src/PASS03.c
06020DB6	42	Passive03_0048	src/PASS03.c
06020DE0	32	Passive03_0049	src/PASS03.c
06020E00	40	Passive03_0050	src/PASS03.c
06020E28	32	Passive03_0051	src/PASS03.c
06020E48	60	Passive03_0052	src/PASS03.c
06020E84	66	Passive03_0053	src/PASS03.c
06020EC6	66	Passive03_0054	src/PASS03.c
06020F08	50	Passive03_0055	src/PASS03.c
06020F3A	66	Passive03_0056	src/PASS03.c
06020F7C	66	Passive03_0057	src/PASS03.c
06020FBE	32	Passive03_0058	src/PASS03.c
06020FDE	44	Passive03_0059	src/PASS03.c
0602100A	30	Passive03_0060	src/PASS03.c
06021028	114	Passive03_0061	src/PASS03.c
0602109A	46	Passive03_0062	src/PASS03.c
060210C8	64	Passive03_0063	src/PASS03.c
06021108	34	Passive03_0064	src/PASS03.c
0602112A	110	Passive03_0065	src/PASS03.c
06021198	70	Passive03_0066	src/PASS03.c
060211DE	50	Passive03_0067	src/PASS03.c
06021210	66	Passive03_0068	src/PASS03.c
06021252	74	Passive03_0069	src/PASS03.c
0602129C	82	Passive03_0070	src/PASS03.c
060212EE	86	Passive03_0071	src/PASS03.c
06021344	124	Passive03_0072	src/PASS03.c
060213C0	106	Passive03_0073	src/PASS03.c
0602142A	162	Passive03_0074	src/PASS03.c
060214CC	156	Passive03_0075	src/PASS03.c
06021568	202	Passive03_0076	src/PASS03.c
06021632	80	Passive03_0077	src/PASS03.c
06021682	166	Passive03_0078	src/PASS03.c
06021728	84	Passive03_0079	src/PASS03.c
0602177C	80	Passive03_0080	src/PASS03.c
060217CC	132	Passive03_0081	src/PASS03.c
06021850	84	Passive03_0082	src/PASS03.c
060218A4	168	Passive03_0083	src/PASS03.c
0602194C	136	Passive03_0084	src/PASS03.c
060219D4	62	Passive03_0085	src/PASS03.c
06021A12	142	Passive03_0086	src/PASS03.c
06021AA0	214	Passive03_0087	src/PASS03.c
06021B76	146	Passive03_0088	src/PASS03.c
06021C08	50	Passive03_0089	src/PASS03.c
06021C3A	50	Passive03_0090	src/PASS03.c
06021C6C	50	Passive03_0091	src/PASS03.c
06021C9E	78	Passive03_0092	src/PASS03.c
06021CEC	78	Passive03_0093	src/PASS03.c
06021D3A	54	Passive03_0094	src/PASS03.c
06021D70	68	Passive03_0095	src/PASS03.c
06021DB4	68	Passive03_0096	src/PASS03.c
06021DF8	122	Passive03_0097	src/PASS03.c
06021E72	140	Passive03_0098	src/PASS03.c
06021EFE	138	Passive03_0099	src/PASS03.c
06021F88	80	Passive03_0100	src/PASS03.c
06021FD8	68	Passive03_0101	src/PASS03.c
0602201C	132	Passive03_0102	src/PASS03.c
060220A0	60	Passive03_0103	src/PASS03.c
060220DC	32	Passive03_0104	src/PASS03.c
060220FC	128	Passive03_0105	src/PASS03.c
0602217C	60	Passive03_0106	src/PASS03.c
060221B8	78	Passive03_0107	src/PASS03.c
06022206	32	Passive03_0108	src/PASS03.c
06022226	114	Passive03_0109	src/PASS03.c
06022298	92	Passive03_0110	src/PASS03.c
060222F4	68	Passive03_0111	src/PASS03.c
06022338	130	Passive03_0112	src/PASS03.c
060223BA	78	Passive03_0113	src/PASS03.c
06022408	66	Passive03_0114	src/PASS03.c
0602244A	74	Passive03_0115	src/PASS03.c
06022494	102	Passive03_0116	src/PASS03.c
060224FA	66	Passive03_0117	src/PASS03.c
0602253C	66	Passive03_0118	src/PASS03.c
0602257E	32	Passive03_0119	src/PASS03.c
0602259E	32	Passive03_0120	src/PASS03.c
060225BE	76	Passive03_0121	src/PASS03.c
0602260A	50	Passive03_0122	src/PASS03.c
0602263C	50	Passive03_0123	src/PASS03.c
0602266E	50	Passive03_0124	src/PASS03.c
060226A0	50	Passive03_0125	src/PASS03.c
060226D2	30	Passive03_0126	src/PASS03.c
060226F0	66	Passive03_0127	src/PASS03.c
06022732	50	Passive03_0128	src/PASS03.c
06022764	50	Passive03_0129	src/PASS03.c
06022796	42	Passive03_0130	src/PASS03.c
060227C0	64	Passive03_0131	src/PASS03.c
06022800	92	Passive03_0132	src/PASS03.c
0602285C	64	Passive03_0133	src/PASS03.c
0602289C	30	Passive03_0134	src/PASS03.c
060228BA	54	Passive03_0135	src/PASS03.c
060228F0	24	Passive04	src/PASS04.c
06022908	52	Passive04_0000	src/PASS04.c
0602293C	98	Passive04_0001	src/PASS04.c
0602299E	50	Passive04_0002	src/PASS04.c
060229D0	50	Passive04_0003	src/PASS04.c
06022A02	66	Passive04_0004	src/PASS04.c
06022A44	86	Passive04_0005	src/PASS04.c
06022A9A	98	Passive04_0006	src/PASS04.c
06022AFC	78	Passive04_0007	src/PASS04.c
06022B4A	112	Passive04_0008	src/PASS04.c
06022BBA	100	Passive04_0009	src/PASS04.c
06022C1E	70	Passive04_0010	src/PASS04.c
06022C64	100	Passive04_0011	src/PASS04.c
06022CC8	80	Passive04_0012	src/PASS04.c
06022D18	76	Passive04_0013	src/PASS04.c
06022D64	80	Passive04_0014	src/PASS04.c
06022DB4	56	Passive04_0015	src/PASS04.c
06022DEC	58	Passive04_0016	src/PASS04.c
06022E26	56	Passive04_0017	src/PASS04.c
06022E5E	86	Passive04_0018	src/PASS04.c
06022EB4	32	Passive04_0019	src/PASS04.c
06022ED4	32	Passive04_0020	src/PASS04.c
06022EF4	78	Passive04_0021	src/PASS04.c
06022F42	122	Passive04_0022	src/PASS04.c
06022FBC	82	Passive04_0023	src/PASS04.c
0602300E	58	Passive04_0024	src/PASS04.c
06023048	156	Passive04_0025	src/PASS04.c
060230E4	68	Passive04_0026	src/PASS04.c
06023128	64	Passive04_0027	src/PASS04.c
06023168	32	Passive04_0028	src/PASS04.c
06023188	58	Passive04_0029	src/PASS04.c
060231C2	68	Passive04_0030	src/PASS04.c
06023206	34	Passive04_0031	src/PASS04.c
06023228	46	Passive04_0032	src/PASS04.c
06023256	44	Passive04_0033	src/PASS04.c
06023282	32	Passive04_0034	src/PASS04.c
060232A2	32	Passive04_0035	src/PASS04.c
060232C2	70	Passive04_0036	src/PASS04.c
06023308	84	Passive04_0037	src/PASS04.c
0602335C	82	Passive04_0038	src/PASS04.c
060233AE	128	Passive04_0039	src/PASS04.c
0602342E	106	Passive04_0040	src/PASS04.c
06023498	110	Passive04_0041	src/PASS04.c
06023506	40	Passive04_0042	src/PASS04.c
0602352E	78	Passive04_0043	src/PASS04.c
0602357C	132	Passive04_0044	src/PASS04.c
06023600	34	Passive04_0045	src/PASS04.c
06023622	32	Passive04_0046	src/PASS04.c
06023642	64	Passive04_0047	src/PASS04.c
06023682	42	Passive04_0048	src/PASS04.c
060236AC	68	Passive04_0049	src/PASS04.c
060236F0	32	Passive04_0050	src/PASS04.c
06023710	36	Passive04_0051	src/PASS04.c
06023734	44	Passive04_0052	src/PASS04.c
06023760	34	Passive04_0053	src/PASS04.c
06023782	32	Passive04_0054	src/PASS04.c
060237A2	58	Passive04_0055	src/PASS04.c
060237DC	66	Passive04_0056	src/PASS04.c
0602381E	68	Passive04_0057	src/PASS04.c
06023862	32	Passive04_0058	src/PASS04.c
06023882	50	Passive04_0059	src/PASS04.c
060238B4	72	Passive04_0060	src/PASS04.c
060238FC	32	Passive04_0061	src/PASS04.c
0602391C	64	Passive04_0062	src/PASS04.c
0602395C	86	Passive04_0063	src/PASS04.c
060239B2	112	Passive04_0064	src/PASS04.c
06023A22	44	Passive04_0065	src/PASS04.c
06023A4E	64	Passive04_0066	src/PASS04.c
06023A8E	32	Passive04_0067	src/PASS04.c
06023AAE	118	Passive04_0068	src/PASS04.c
06023B24	78	Passive04_0069	src/PASS04.c
06023B72	92	Passive04_0070	src/PASS04.c
06023BCE	142	Passive04_0071	src/PASS04.c
06023C5C	62	Passive04_0072	src/PASS04.c
06023C9A	64	Passive04_0073	src/PASS04.c
06023CDA	120	Passive04_0074	src/PASS04.c
06023D52	90	Passive04_0075	src/PASS04.c
06023DAC	70	Passive04_0076	src/PASS04.c
06023DF2	86	Passive04_0077	src/PASS04.c
06023E48	44	Passive04_0078	src/PASS04.c
06023E74	64	Passive04_0079	src/PASS04.c
06023EB4	64	Passive04_0080	src/PASS04.c
06023EF4	92	Passive04_0081	src/PASS04.c
06023F50	66	Passive04_0082	src/PASS04.c
06023F92	80	Passive04_0083	src/PASS04.c
06023FE2	118	Passive04_0084	src/PASS04.c
06024058	80	Passive04_0085	src/PASS04.c
060240A8	80	Passive04_0086	src/PASS04.c
060240F8	62	Passive04_0087	src/PASS04.c
06024136	72	Passive04_0088	src/PASS04.c
0602417E	78	Passive04_0089	src/PASS04.c
060241CC	50	Passive04_0090	src/PASS04.c
060241FE	50	Passive04_0091	src/PASS04.c
06024230	50	Passive04_0092	src/PASS04.c
06024262	76	Passive04_0093	src/PASS04.c
060242AE	84	Passive04_0094	src/PASS04.c
06024302	70	Passive04_0095	src/PASS04.c
06024348	124	Passive04_0096	src/PASS04.c
060243C4	44	Passive04_0097	src/PASS04.c
060243F0	90	Passive04_0098	src/PASS04.c
0602444A	114	Passive04_0099	src/PASS04.c
060244BC	30	Passive04_0100	src/PASS04.c
060244DA	64	Passive04_0101	src/PASS04.c
0602451A	96	Passive04_0102	src/PASS04.c
0602457A	124	Passive04_0103	src/PASS04.c
060245F6	64	Passive04_0104	src/PASS04.c
06024636	64	Passive04_0105	src/PASS04.c
06024676	102	Passive04_0106	src/PASS04.c
060246DC	78	Passive04_0107	src/PASS04.c
0602472A	80	Passive04_0108	src/PASS04.c
0602477A	90	Passive04_0109	src/PASS04.c
060247D4	92	Passive04_0110	src/PASS04.c
06024830	92	Passive04_0111	src/PASS04.c
0602488C	114	Passive04_0112	src/PASS04.c
060248FE	102	Passive04_0113	src/PASS04.c
06024964	76	Passive04_0114	src/PASS04.c
060249B0	78	Passive04_0115	src/PASS04.c
060249FE	100	Passive04_0116	src/PASS04.c
06024A62	40	Passive04_0117	src/PASS04.c
06024A8A	66	Passive04_0118	src/PASS04.c
06024ACC	140	Passive04_0119	src/PASS04.c
06024B58	94	Passive04_0120	src/PASS04.c
06024BB6	56	Passive04_0121	src/PASS04.c
06024BEE	58	Passive04_0122	src/PASS04.c
06024C28	50	Passive04_0123	src/PASS04.c
06024C5A	50	Passive04_0124	src/PASS04.c
06024C8C	50	Passive04_0125	src/PASS04.c
06024CBE	50	Passive04_0126	src/PASS04.c
06024CF0	100	Passive04_0127	src/PASS04.c
06024D54	68	Passive04_0128	src/PASS04.c
06024D98	78	Passive04_0129	src/PASS04.c
06024DE6	72	Passive04_0130	src/PASS04.c
06024E2E	100	Passive04_0131	src/PASS04.c
06024E92	76	Passive04_0132	src/PASS04.c
06024EDE	100	Passive04_0133	src/PASS04.c
06024F42	112	Passive04_0134	src/PASS04.c
06024FB2	76	Passive04_0135	src/PASS04.c
06024FFE	30	Passive04_0136	src/PASS04.c
0602501C	50	Passive04_0137	src/PASS04.c
0602504E	82	Passive04_0138	src/PASS04.c
060250A0	80	Passive04_0139	src/PASS04.c
060250F0	94	Passive04_0140	src/PASS04.c
0602514E	182	Passive04_0141	src/PASS04.c
06025204	24	Passive05	src/PASS05.c
0602521C	52	Passive05_0000	src/PASS05.c
06025250	30	Passive05_0001	src/PASS05.c
0602526E	50	Passive05_0002	src/PASS05.c
060252A0	50	Passive05_0003	src/PASS05.c
060252D2	50	Passive05_0004	src/PASS05.c
06025304	50	Passive05_0005	src/PASS05.c
06025336	40	Passive05_0006	src/PASS05.c
0602535E	132	Passive05_0007	src/PASS05.c
060253E2	78	Passive05_0008	src/PASS05.c
06025430	100	Passive05_0009	src/PASS05.c
06025494	98	Passive05_0010	src/PASS05.c
060254F6	70	Passive05_0011	src/PASS05.c
0602553C	76	Passive05_0012	src/PASS05.c
06025588	108	Passive05_0013	src/PASS05.c
060255F4	30	Passive05_0014	src/PASS05.c
06025612	32	Passive05_0015	src/PASS05.c
06025632	58	Passive05_0016	src/PASS05.c
0602566C	56	Passive05_0017	src/PASS05.c
060256A4	112	Passive05_0018	src/PASS05.c
06025714	32	Passive05_0019	src/PASS05.c
06025734	32	Passive05_0020	src/PASS05.c
06025754	78	Passive05_0021	src/PASS05.c
060257A2	114	Passive05_0022	src/PASS05.c
06025814	82	Passive05_0023	src/PASS05.c
06025866	58	Passive05_0024	src/PASS05.c
060258A0	124	Passive05_0025	src/PASS05.c
0602591C	68	Passive05_0026	src/PASS05.c
06025960	64	Passive05_0027	src/PASS05.c
060259A0	78	Passive05_0028	src/PASS05.c
060259EE	70	Passive05_0029	src/PASS05.c
06025A34	32	Passive05_0030	src/PASS05.c
06025A54	34	Passive05_0031	src/PASS05.c
06025A76	34	Passive05_0032	src/PASS05.c
06025A98	34	Passive05_0033	src/PASS05.c
06025ABA	32	Passive05_0034	src/PASS05.c
06025ADA	32	Passive05_0035	src/PASS05.c
06025AFA	66	Passive05_0036	src/PASS05.c
06025B3C	70	Passive05_0037	src/PASS05.c
06025B82	70	Passive05_0038	src/PASS05.c
06025BC8	70	Passive05_0039	src/PASS05.c
06025C0E	104	Passive05_0040	src/PASS05.c
06025C76	64	Passive05_0041	src/PASS05.c
06025CB6	40	Passive05_0042	src/PASS05.c
06025CDE	114	Passive05_0043	src/PASS05.c
06025D50	84	Passive05_0044	src/PASS05.c
06025DA4	32	Passive05_0045	src/PASS05.c
06025DC4	32	Passive05_0046	src/PASS05.c
06025DE4	64	Passive05_0047	src/PASS05.c
06025E24	78	Passive05_0048	src/PASS05.c
06025E72	32	Passive05_0049	src/PASS05.c
06025E92	32	Passive05_0050	src/PASS05.c
06025EB2	36	Passive05_0051	src/PASS05.c
06025ED6	32	Passive05_0052	src/PASS05.c
06025EF6	50	Passive05_0053	src/PASS05.c
06025F28	102	Passive05_0054	src/PASS05.c
06025F8E	50	Passive05_0055	src/PASS05.c
06025FC0	76	Passive05_0056	src/PASS05.c
0602600C	66	Passive05_0057	src/PASS05.c
0602604E	74	Passive05_0058	src/PASS05.c
06026098	90	Passive05_0059	src/PASS05.c
060260F2	30	Passive05_0060	src/PASS05.c
06026110	32	Passive05_0061	src/PASS05.c
06026130	96	Passive05_0062	src/PASS05.c
06026190	50	Passive05_0063	src/PASS05.c
060261C2	78	Passive05_0064	src/PASS05.c
06026210	78	Passive05_0065	src/PASS05.c
0602625E	92	Passive05_0066	src/PASS05.c
060262BA	32	Passive05_0067	src/PASS05.c
060262DA	32	Passive05_0068	src/PASS05.c
060262FA	78	Passive05_0069	src/PASS05.c
06026348	130	Passive05_0070	src/PASS05.c
060263CA	100	Passive05_0071	src/PASS05.c
0602642E	126	Passive05_0072	src/PASS05.c
060264AC	114	Passive05_0073	src/PASS05.c
0602651E	142	Passive05_0074	src/PASS05.c
060265AC	100	Passive05_0075	src/PASS05.c
06026610	70	Passive05_0076	src/PASS05.c
06026656	90	Passive05_0077	src/PASS05.c
060266B0	44	Passive05_0078	src/PASS05.c
060266DC	30	Passive05_0079	src/PASS05.c
060266FA	20	Passive05_0080	src/PASS05.c
0602670E	178	Passive05_0081	src/PASS05.c
060267C0	132	Passive05_0082	src/PASS05.c
06026844	30	Passive05_0083	src/PASS05.c
06026862	118	Passive05_0084	src/PASS05.c
060268D8	70	Passive05_0085	src/PASS05.c
0602691E	98	Passive05_0086	src/PASS05.c
06026980	32	Passive05_0087	src/PASS05.c
060269A0	114	Passive05_0088	src/PASS05.c
06026A12	32	Passive05_0089	src/PASS05.c
06026A32	72	Passive05_0090	src/PASS05.c
06026A7A	88	Passive05_0091	src/PASS05.c
06026AD2	100	Passive05_0092	src/PASS05.c
06026B36	66	Passive05_0093	src/PASS05.c
06026B78	68	Passive05_0094	src/PASS05.c
06026BBC	120	Passive05_0095	src/PASS05.c
06026C34	72	Passive05_0096	src/PASS05.c
06026C7C	32	Passive05_0097	src/PASS05.c
06026C9C	50	Passive05_0098	src/PASS05.c
06026CCE	30	Passive05_0099	src/PASS05.c
06026CEC	110	Passive05_0100	src/PASS05.c
06026D5A	50	Passive05_0101	src/PASS05.c
06026D8C	24	Passive06	src/PASS06.c
06026DA4	52	Passive06_0000	src/PASS06.c
06026DD8	40	Passive06_0001	src/PASS06.c
06026E00	68	Passive06_0002	src/PASS06.c
06026E44	68	Passive06_0003	src/PASS06.c
06026E88	32	Passive06_0004	src/PASS06.c
06026EA8	32	Passive06_0005	src/PASS06.c
06026EC8	68	Passive06_0006	src/PASS06.c
06026F0C	78	Passive06_0007	src/PASS06.c
06026F5A	68	Passive06_0008	src/PASS06.c
06026F9E	32	Passive06_0009	src/PASS06.c
06026FBE	32	Passive06_0010	src/PASS06.c
06026FDE	32	Passive06_0011	src/PASS06.c
06026FFE	104	Passive06_0012	src/PASS06.c
06027066	64	Passive06_0013	src/PASS06.c
060270A6	64	Passive06_0014	src/PASS06.c
060270E6	64	Passive06_0015	src/PASS06.c
06027126	50	Passive06_0016	src/PASS06.c
06027158	50	Passive06_0017	src/PASS06.c
0602718A	50	Passive06_0018	src/PASS06.c
060271BC	50	Passive06_0019	src/PASS06.c
060271EE	50	Passive06_0020	src/PASS06.c
06027220	50	Passive06_0021	src/PASS06.c
06027252	66	Passive06_0022	src/PASS06.c
06027294	50	Passive06_0023	src/PASS06.c
060272C6	50	Passive06_0024	src/PASS06.c
060272F8	94	Passive06_0025	src/PASS06.c
06027356	94	Passive06_0026	src/PASS06.c
060273B4	94	Passive06_0027	src/PASS06.c
06027412	96	Passive06_0028	src/PASS06.c
06027472	122	Passive06_0029	src/PASS06.c
060274EC	116	Passive06_0030	src/PASS06.c
06027560	112	Passive06_0031	src/PASS06.c
060275D0	118	Passive06_0032	src/PASS06.c
06027646	84	Passive06_0033	src/PASS06.c
0602769A	154	Passive06_0034	src/PASS06.c
06027734	110	Passive06_0035	src/PASS06.c
060277A2	142	Passive06_0036	src/PASS06.c
06027830	112	Passive06_0037	src/PASS06.c
060278A0	112	Passive06_0038	src/PASS06.c
06027910	96	Passive06_0039	src/PASS06.c
06027970	126	Passive06_0040	src/PASS06.c
060279EE	122	Passive06_0041	src/PASS06.c
06027A68	172	Passive06_0042	src/PASS06.c
06027B14	68	Passive06_0043	src/PASS06.c
06027B58	68	Passive06_0044	src/PASS06.c
06027B9C	102	Passive06_0045	src/PASS06.c
06027C02	68	Passive06_0046	src/PASS06.c
06027C46	68	Passive06_0047	src/PASS06.c
06027C8A	156	Passive06_0048	src/PASS06.c
06027D26	68	Passive06_0049	src/PASS06.c
06027D6A	68	Passive06_0050	src/PASS06.c
06027DAE	126	Passive06_0051	src/PASS06.c
06027E2C	78	Passive06_0052	src/PASS06.c
06027E7A	70	Passive06_0053	src/PASS06.c
06027EC0	96	Passive06_0054	src/PASS06.c
06027F20	118	Passive06_0055	src/PASS06.c
06027F96	150	Passive06_0056	src/PASS06.c
0602802C	146	Passive06_0057	src/PASS06.c
060280BE	74	Passive06_0058	src/PASS06.c
06028108	106	Passive06_0059	src/PASS06.c
06028172	112	Passive06_0060	src/PASS06.c
060281E2	66	Passive06_0061	src/PASS06.c
06028224	66	Passive06_0062	src/PASS06.c
06028266	98	Passive06_0063	src/PASS06.c
060282C8	102	Passive06_0064	src/PASS06.c
0602832E	78	Passive06_0065	src/PASS06.c
0602837C	152	Passive06_0066	src/PASS06.c
06028414	78	Passive06_0067	src/PASS06.c
06028462	56	Passive06_0068	src/PASS06.c
0602849A	92	Passive06_0069	src/PASS06.c
060284F6	92	Passive06_0070	src/PASS06.c
06028552	138	Passive06_0071	src/PASS06.c
060285DC	106	Passive06_0072	src/PASS06.c
06028646	138	Passive06_0073	src/PASS06.c
060286D0	106	Passive06_0074	src/PASS06.c
0602873A	106	Passive06_0075	src/PASS06.c
060287A4	80	Passive06_0076	src/PASS06.c
060287F4	138	Passive06_0077	src/PASS06.c
0602887E	114	Passive06_0078	src/PASS06.c
060288F0	44	Passive06_0079	src/PASS06.c
0602891C	44	Passive06_0080	src/PASS06.c
06028948	44	Passive06_0081	src/PASS06.c
06028974	44	Passive06_0082	src/PASS06.c
060289A0	64	Passive06_0083	src/PASS06.c
060289E0	44	Passive06_0084	src/PASS06.c
06028A0C	32	Passive06_0085	src/PASS06.c
06028A2C	44	Passive06_0086	src/PASS06.c
06028A58	44	Passive06_0087	src/PASS06.c
06028A84	60	Passive06_0088	src/PASS06.c
06028AC0	78	Passive06_0089	src/PASS06.c
06028B0E	86	Passive06_0090	src/PASS06.c
06028B64	116	Passive06_0091	src/PASS06.c
06028BD8	120	Passive06_0092	src/PASS06.c
06028C50	44	Passive06_0093	src/PASS06.c
06028C7C	108	Passive06_0094	src/PASS06.c
06028CE8	72	Passive06_0095	src/PASS06.c
06028D30	32	Passive06_0096	src/PASS06.c
06028D50	32	Passive06_0097	src/PASS06.c
06028D70	32	Passive06_0098	src/PASS06.c
06028D90	30	Passive06_0099	src/PASS06.c
06028DAE	82	Passive06_0100	src/PASS06.c
06028E00	64	Passive06_0101	src/PASS06.c
06028E40	30	Passive06_0102	src/PASS06.c
06028E5E	112	Passive06_0103	src/PASS06.c
06028ECE	66	Passive06_0104	src/PASS06.c
06028F10	82	Passive06_0105	src/PASS06.c
06028F62	74	Passive06_0106	src/PASS06.c
06028FAC	104	Passive06_0107	src/PASS06.c
06029014	96	Passive06_0108	src/PASS06.c
06029074	68	Passive06_0109	src/PASS06.c
060290B8	30	Passive06_0110	src/PASS06.c
060290D6	54	Passive06_0111	src/PASS06.c
0602910C	80	Passive06_0112	src/PASS06.c
0602915C	40	Passive06_0113	src/PASS06.c
06029184	30	Passive06_0114	src/PASS06.c
060291A2	124	Passive06_0115	src/PASS06.c
0602921E	30	Passive06_0116	src/PASS06.c
0602923C	66	Passive06_0117	src/PASS06.c
0602927E	130	Passive06_0118	src/PASS06.c
06029300	110	Passive06_0119	src/PASS06.c
0602936E	110	Passive06_0120	src/PASS06.c
060293DC	80	Passive06_0121	src/PASS06.c
0602942C	32	Passive06_0122	src/PASS06.c
0602944C	68	Passive06_0123	src/PASS06.c
06029490	68	Passive06_0124	src/PASS06.c
060294D4	116	Passive06_0125	src/PASS06.c
06029548	68	Passive06_0126	src/PASS06.c
0602958C	80	Passive06_0127	src/PASS06.c
060295DC	130	Passive06_0128	src/PASS06.c
0602965E	30	Passive06_0129	src/PASS06.c
0602967C	90	Passive06_0130	src/PASS06.c
060296D6	122	Passive06_0131	src/PASS06.c
06029750	152	Passive06_0132	src/PASS06.c
060297E8	206	Passive06_0133	src/PASS06.c
060298B6	76	Passive06_0134	src/PASS06.c
06029902	138	Passive06_0135	src/PASS06.c
0602998C	136	Passive06_0136	src/PASS06.c
06029A14	54	Passive06_0137	src/PASS06.c
06029A4A	136	Passive06_0138	src/PASS06.c
06029AD2	92	Passive06_0139	src/PASS06.c
06029B2E	82	Passive06_0140	src/PASS06.c
06029B80	130	Passive06_0141	src/PASS06.c
06029C02	82	Passive06_0142	src/PASS06.c
06029C54	82	Passive06_0143	src/PASS06.c
06029CA6	112	Passive06_0144	src/PASS06.c
06029D16	66	Passive06_0145	src/PASS06.c
06029D58	104	Passive06_0146	src/PASS06.c
06029DC0	24	Passive07	src/PASS07.c
06029DD8	52	Passive07_0000	src/PASS07.c
06029E0C	40	Passive07_0001	src/PASS07.c
06029E34	30	Passive07_0002	src/PASS07.c
06029E52	76	Passive07_0003	src/PASS07.c
06029E9E	120	Passive07_0004	src/PASS07.c
06029F16	44	Passive07_0005	src/PASS07.c
06029F42	98	Passive07_0006	src/PASS07.c
06029FA4	142	Passive07_0007	src/PASS07.c
0602A032	92	Passive07_0008	src/PASS07.c
0602A08E	122	Passive07_0009	src/PASS07.c
0602A108	138	Passive07_0010	src/PASS07.c
0602A192	68	Passive07_0011	src/PASS07.c
0602A1D6	112	Passive07_0012	src/PASS07.c
0602A246	44	Passive07_0013	src/PASS07.c
0602A272	44	Passive07_0014	src/PASS07.c
0602A29E	56	Passive07_0015	src/PASS07.c
0602A2D6	78	Passive07_0016	src/PASS07.c
0602A324	44	Passive07_0017	src/PASS07.c
0602A350	50	Passive07_0018	src/PASS07.c
0602A382	64	Passive07_0019	src/PASS07.c
0602A3C2	46	Passive07_0020	src/PASS07.c
0602A3F0	80	Passive07_0021	src/PASS07.c
0602A440	46	Passive07_0022	src/PASS07.c
0602A46E	64	Passive07_0023	src/PASS07.c
0602A4AE	94	Passive07_0024	src/PASS07.c
0602A50C	104	Passive07_0025	src/PASS07.c
0602A574	70	Passive07_0026	src/PASS07.c
0602A5BA	88	Passive07_0027	src/PASS07.c
0602A612	20	Passive07_0028	src/PASS07.c
0602A626	82	Passive07_0029	src/PASS07.c
0602A678	88	Passive07_0030	src/PASS07.c
0602A6D0	70	Passive07_0031	src/PASS07.c
0602A716	60	Passive07_0032	src/PASS07.c
0602A752	74	Passive07_0033	src/PASS07.c
0602A79C	86	Passive07_0034	src/PASS07.c
0602A7F2	50	Passive07_0035	src/PASS07.c
0602A824	50	Passive07_0036	src/PASS07.c
0602A856	50	Passive07_0037	src/PASS07.c
0602A888	78	Passive07_0038	src/PASS07.c
0602A8D6	78	Passive07_0039	src/PASS07.c
0602A924	78	Passive07_0040	src/PASS07.c
0602A972	128	Passive07_0041	src/PASS07.c
0602A9F2	30	Passive07_0042	src/PASS07.c
0602AA10	66	Passive07_0043	src/PASS07.c
0602AA52	66	Passive07_0044	src/PASS07.c
0602AA94	50	Passive07_0045	src/PASS07.c
0602AAC6	84	Passive07_0046	src/PASS07.c
0602AB1A	50	Passive07_0047	src/PASS07.c
0602AB4C	72	Passive07_0048	src/PASS07.c
0602AB94	72	Passive07_0049	src/PASS07.c
0602ABDC	64	Passive07_0050	src/PASS07.c
0602AC1C	98	Passive07_0051	src/PASS07.c
0602AC7E	104	Passive07_0052	src/PASS07.c
0602ACE6	146	Passive07_0053	src/PASS07.c
0602AD78	56	Passive07_0054	src/PASS07.c
0602ADB0	56	Passive07_0055	src/PASS07.c
0602ADE8	140	Passive07_0056	src/PASS07.c
0602AE74	100	Passive07_0057	src/PASS07.c
0602AED8	46	Passive07_0058	src/PASS07.c
0602AF06	72	Passive07_0059	src/PASS07.c
0602AF4E	108	Passive07_0060	src/PASS07.c
0602AFBA	54	Passive07_0061	src/PASS07.c
0602AFF0	44	Passive07_0062	src/PASS07.c
0602B01C	196	Passive07_0063	src/PASS07.c
0602B0E0	44	Passive07_0064	src/PASS07.c
0602B10C	148	Passive07_0065	src/PASS07.c
0602B1A0	64	Passive07_0066	src/PASS07.c
0602B1E0	64	Passive07_0067	src/PASS07.c
0602B220	50	Passive07_0068	src/PASS07.c
0602B252	32	Passive07_0069	src/PASS07.c
0602B272	126	Passive07_0070	src/PASS07.c
0602B2F0	40	Passive07_0071	src/PASS07.c
0602B318	42	Passive07_0072	src/PASS07.c
0602B342	32	Passive07_0073	src/PASS07.c
0602B362	124	Passive07_0074	src/PASS07.c
0602B3DE	94	Passive07_0075	src/PASS07.c
0602B43C	44	Passive07_0076	src/PASS07.c
0602B468	32	Passive07_0077	src/PASS07.c
0602B488	108	Passive07_0078	src/PASS07.c
0602B4F4	86	Passive07_0079	src/PASS07.c
0602B54A	104	Passive07_0080	src/PASS07.c
0602B5B2	154	Passive07_0081	src/PASS07.c
0602B64C	208	Passive07_0082	src/PASS07.c
0602B71C	34	Passive07_0083	src/PASS07.c
0602B73E	32	Passive07_0084	src/PASS07.c
0602B75E	34	Passive07_0085	src/PASS07.c
0602B780	32	Passive07_0086	src/PASS07.c
0602B7A0	50	Passive07_0087	src/PASS07.c
0602B7D2	62	Passive07_0088	src/PASS07.c
0602B810	82	Passive07_0089	src/PASS07.c
0602B862	100	Passive07_0090	src/PASS07.c
0602B8C6	136	Passive07_0091	src/PASS07.c
0602B94E	124	Passive07_0092	src/PASS07.c
0602B9CA	128	Passive07_0093	src/PASS07.c
0602BA4A	78	Passive07_0094	src/PASS07.c
0602BA98	64	Passive07_0095	src/PASS07.c
0602BAD8	100	Passive07_0096	src/PASS07.c
0602BB3C	72	Passive07_0097	src/PASS07.c
0602BB84	32	Passive07_0098	src/PASS07.c
0602BBA4	32	Passive07_0099	src/PASS07.c
0602BBC4	120	Passive07_0100	src/PASS07.c
0602BC3C	86	Passive07_0101	src/PASS07.c
0602BC92	110	Passive07_0102	src/PASS07.c
0602BD00	96	Passive07_0103	src/PASS07.c
0602BD60	64	Passive07_0104	src/PASS07.c
0602BDA0	116	Passive07_0105	src/PASS07.c
0602BE14	116	Passive07_0106	src/PASS07.c
0602BE88	78	Passive07_0107	src/PASS07.c
0602BED6	78	Passive07_0108	src/PASS07.c
0602BF24	78	Passive07_0109	src/PASS07.c
0602BF72	100	Passive07_0110	src/PASS07.c
0602BFD6	100	Passive07_0111	src/PASS07.c
0602C03A	32	Passive07_0112	src/PASS07.c
0602C05A	122	Passive07_0113	src/PASS07.c
0602C0D4	92	Passive07_0114	src/PASS07.c
0602C130	140	Passive07_0115	src/PASS07.c
0602C1BC	30	Passive07_0116	src/PASS07.c
0602C1DA	64	Passive07_0117	src/PASS07.c
0602C21A	64	Passive07_0118	src/PASS07.c
0602C25A	34	Passive07_0119	src/PASS07.c
0602C27C	102	Passive07_0120	src/PASS07.c
0602C2E2	32	Passive07_0121	src/PASS07.c
0602C302	44	Passive07_0122	src/PASS07.c
0602C32E	70	Passive07_0123	src/PASS07.c
0602C374	98	Passive07_0124	src/PASS07.c
0602C3D6	78	Passive07_0125	src/PASS07.c
0602C424	120	Passive07_0126	src/PASS07.c
0602C49C	132	Passive07_0127	src/PASS07.c
0602C520	162	Passive07_0128	src/PASS07.c
0602C5C2	140	Passive07_0129	src/PASS07.c
0602C64E	162	Passive07_0130	src/PASS07.c
0602C6F0	72	Passive07_0131	src/PASS07.c
0602C738	140	Passive07_0132	src/PASS07.c
0602C7C4	126	Passive07_0133	src/PASS07.c
0602C842	146	Passive07_0134	src/PASS07.c
0602C8D4	78	Passive07_0135	src/PASS07.c
0602C922	82	Passive07_0136	src/PASS07.c
0602C974	124	Passive07_0137	src/PASS07.c
0602C9F0	108	Passive07_0138	src/PASS07.c
0602CA5C	132	Passive07_0139	src/PASS07.c
0602CAE0	100	Passive07_0140	src/PASS07.c
0602CB44	64	Passive07_0141	src/PASS07.c
0602CB84	116	Passive07_0142	src/PASS07.c
0602CBF8	110	Passive07_0143	src/PASS07.c
0602CC66	182	Passive07_0144	src/PASS07.c
0602CD1C	132	Passive07_0145	src/PASS07.c
0602CDA0	86	Passive07_0146	src/PASS07.c
0602CDF6	164	Passive07_0147	src/PASS07.c
0602CE9A	84	Passive07_0148	src/PASS07.c
0602CEEE	132	Passive07_0149	src/PASS07.c
0602CF72	84	Passive07_0150	src/PASS07.c
0602CFC6	158	Passive07_0151	src/PASS07.c
0602D064	108	Passive07_0152	src/PASS07.c
0602D0D0	86	Passive07_0153	src/PASS07.c
0602D126	90	Passive07_0154	src/PASS07.c
0602D180	44	Passive07_0155	src/PASS07.c
0602D1AC	78	Passive07_0156	src/PASS07.c
0602D1FA	202	Passive07_0157	src/PASS07.c
0602D2C4	196	Passive07_0158	src/PASS07.c
0602D388	100	Passive07_0159	src/PASS07.c
0602D3EC	104	Passive07_0160	src/PASS07.c
0602D454	152	Passive07_0161	src/PASS07.c
0602D4EC	250	Passive07_0162	src/PASS07.c
0602D5E6	136	Passive07_0163	src/PASS07.c
0602D66E	124	Passive07_0164	src/PASS07.c
0602D6EA	104	Passive07_0165	src/PASS07.c
0602D752	118	Passive07_0166	src/PASS07.c
0602D7C8	146	Passive07_0167	src/PASS07.c
0602D85A	34	Passive07_0168	src/PASS07.c
0602D87C	32	Passive07_0169	src/PASS07.c
0602D89C	90	Passive07_0170	src/PASS07.c
0602D8F6	44	Passive07_0171	src/PASS07.c
0602D922	44	Passive07_0172	src/PASS07.c
0602D94E	150	Passive07_0173	src/PASS07.c
0602D9E4	132	Passive07_0174	src/PASS07.c
0602DA68	74	Passive07_0175	src/PASS07.c
0602DAB2	146	Passive07_0176	src/PASS07.c
0602DB44	98	Passive07_0177	src/PASS07.c
0602DBA6	174	Passive07_0178	src/PASS07.c
0602DC54	46	Passive07_0179	src/PASS07.c
0602DC82	66	Passive07_0180	src/PASS07.c
0602DCC4	112	Passive07_0181	src/PASS07.c
0602DD34	32	Passive07_0182	src/PASS07.c
0602DD54	104	Passive07_0183	src/PASS07.c
0602DDBC	196	Passive07_0184	src/PASS07.c
0602DE80	32	Passive07_0185	src/PASS07.c
0602DEA0	50	Passive07_0186	src/PASS07.c
0602DED2	50	Passive07_0187	src/PASS07.c
0602DF04	76	Passive07_0188	src/PASS07.c
0602DF50	76	Passive07_0189	src/PASS07.c
0602DF9C	76	Passive07_0190	src/PASS07.c
0602DFE8	72	Passive07_0191	src/PASS07.c
0602E030	100	Passive07_0192	src/PASS07.c
0602E094	74	Passive07_0193	src/PASS07.c
0602E0DE	70	Passive07_0194	src/PASS07.c
0602E124	108	Passive07_0195	src/PASS07.c
0602E190	76	Passive07_0196	src/PASS07.c
0602E1DC	68	Passive07_0197	src/PASS07.c
0602E220	70	Passive07_0198	src/PASS07.c
0602E266	98	Passive07_0199	src/PASS07.c
0602E2C8	64	Passive07_0200	src/PASS07.c
0602E308	86	Passive07_0201	src/PASS07.c
0602E35E	86	Passive07_0202	src/PASS07.c
0602E3B4	54	Passive07_0203	src/PASS07.c
0602E3EA	76	Passive07_0204	src/PASS07.c
0602E436	40	Passive07_0205	src/PASS07.c
0602E45E	66	Passive07_0206	src/PASS07.c
0602E4A0	134	Passive07_0207	src/PASS07.c
0602E526	100	Passive07_0208	src/PASS07.c
0602E58A	90	Passive07_0209	src/PASS07.c
0602E5E4	66	Passive07_0210	src/PASS07.c
0602E626	50	Passive07_0211	src/PASS07.c
0602E658	98	Passive07_0212	src/PASS07.c
0602E6BA	142	Passive07_0213	src/PASS07.c
0602E748	24	Passive08	src/PASS08.c
0602E760	52	Passive08_0000	src/PASS08.c
0602E794	40	Passive08_0001	src/PASS08.c
0602E7BC	96	Passive08_0002	src/PASS08.c
0602E81C	120	Passive08_0003	src/PASS08.c
0602E894	98	Passive08_0004	src/PASS08.c
0602E8F6	44	Passive08_0005	src/PASS08.c
0602E922	130	Passive08_0006	src/PASS08.c
0602E9A4	84	Passive08_0007	src/PASS08.c
0602E9F8	66	Passive08_0008	src/PASS08.c
0602EA3A	122	Passive08_0009	src/PASS08.c
0602EAB4	110	Passive08_0010	src/PASS08.c
0602EB22	30	Passive08_0011	src/PASS08.c
0602EB40	46	Passive08_0012	src/PASS08.c
0602EB6E	86	Passive08_0013	src/PASS08.c
0602EBC4	56	Passive08_0014	src/PASS08.c
0602EBFC	56	Passive08_0015	src/PASS08.c
0602EC34	44	Passive08_0016	src/PASS08.c
0602EC60	68	Passive08_0017	src/PASS08.c
0602ECA4	68	Passive08_0018	src/PASS08.c
0602ECE8	64	Passive08_0019	src/PASS08.c
0602ED28	46	Passive08_0020	src/PASS08.c
0602ED56	86	Passive08_0021	src/PASS08.c
0602EDAC	34	Passive08_0022	src/PASS08.c
0602EDCE	86	Passive08_0023	src/PASS08.c
0602EE24	64	Passive08_0024	src/PASS08.c
0602EE64	88	Passive08_0025	src/PASS08.c
0602EEBC	50	Passive08_0026	src/PASS08.c
0602EEEE	50	Passive08_0027	src/PASS08.c
0602EF20	50	Passive08_0028	src/PASS08.c
0602EF52	82	Passive08_0029	src/PASS08.c
0602EFA4	100	Passive08_0030	src/PASS08.c
0602F008	70	Passive08_0031	src/PASS08.c
0602F04E	60	Passive08_0032	src/PASS08.c
0602F08A	74	Passive08_0033	src/PASS08.c
0602F0D4	86	Passive08_0034	src/PASS08.c
0602F12A	50	Passive08_0035	src/PASS08.c
0602F15C	50	Passive08_0036	src/PASS08.c
0602F18E	50	Passive08_0037	src/PASS08.c
0602F1C0	78	Passive08_0038	src/PASS08.c
0602F20E	78	Passive08_0039	src/PASS08.c
0602F25C	78	Passive08_0040	src/PASS08.c
0602F2AA	128	Passive08_0041	src/PASS08.c
0602F32A	30	Passive08_0042	src/PASS08.c
0602F348	66	Passive08_0043	src/PASS08.c
0602F38A	66	Passive08_0044	src/PASS08.c
0602F3CC	50	Passive08_0045	src/PASS08.c
0602F3FE	84	Passive08_0046	src/PASS08.c
0602F452	50	Passive08_0047	src/PASS08.c
0602F484	32	Passive08_0048	src/PASS08.c
0602F4A4	36	Passive08_0049	src/PASS08.c
0602F4C8	64	Passive08_0050	src/PASS08.c
0602F508	94	Passive08_0051	src/PASS08.c
0602F566	90	Passive08_0052	src/PASS08.c
0602F5C0	140	Passive08_0053	src/PASS08.c
0602F64C	56	Passive08_0054	src/PASS08.c
0602F684	46	Passive08_0055	src/PASS08.c
0602F6B2	204	Passive08_0056	src/PASS08.c
0602F77E	100	Passive08_0057	src/PASS08.c
0602F7E2	30	Passive08_0058	src/PASS08.c
0602F800	84	Passive08_0059	src/PASS08.c
0602F854	64	Passive08_0060	src/PASS08.c
0602F894	54	Passive08_0061	src/PASS08.c
0602F8CA	44	Passive08_0062	src/PASS08.c
0602F8F6	120	Passive08_0063	src/PASS08.c
0602F96E	44	Passive08_0064	src/PASS08.c
0602F99A	104	Passive08_0065	src/PASS08.c
0602FA02	200	Passive08_0066	src/PASS08.c
0602FACA	64	Passive08_0067	src/PASS08.c
0602FB0A	54	Passive08_0068	src/PASS08.c
0602FB40	32	Passive08_0069	src/PASS08.c
0602FB60	146	Passive08_0070	src/PASS08.c
0602FBF2	40	Passive08_0071	src/PASS08.c
0602FC1A	54	Passive08_0072	src/PASS08.c
0602FC50	32	Passive08_0073	src/PASS08.c
0602FC70	118	Passive08_0074	src/PASS08.c
0602FCE6	94	Passive08_0075	src/PASS08.c
0602FD44	44	Passive08_0076	src/PASS08.c
0602FD70	32	Passive08_0077	src/PASS08.c
0602FD90	128	Passive08_0078	src/PASS08.c
0602FE10	86	Passive08_0079	src/PASS08.c
0602FE66	146	Passive08_0080	src/PASS08.c
0602FEF8	112	Passive08_0081	src/PASS08.c
0602FF68	202	Passive08_0082	src/PASS08.c
06030032	34	Passive08_0083	src/PASS08.c
06030054	34	Passive08_0084	src/PASS08.c
06030076	34	Passive08_0085	src/PASS08.c
06030098	32	Passive08_0086	src/PASS08.c
060300B8	50	Passive08_0087	src/PASS08.c
060300EA	66	Passive08_0088	src/PASS08.c
0603012C	82	Passive08_0089	src/PASS08.c
0603017E	100	Passive08_0090	src/PASS08.c
060301E2	130	Passive08_0091	src/PASS08.c
06030264	124	Passive08_0092	src/PASS08.c
060302E0	124	Passive08_0093	src/PASS08.c
0603035C	78	Passive08_0094	src/PASS08.c
060303AA	64	Passive08_0095	src/PASS08.c
060303EA	64	Passive08_0096	src/PASS08.c
0603042A	106	Passive08_0097	src/PASS08.c
06030494	32	Passive08_0098	src/PASS08.c
060304B4	32	Passive08_0099	src/PASS08.c
060304D4	32	Passive08_0100	src/PASS08.c
060304F4	116	Passive08_0101	src/PASS08.c
06030568	110	Passive08_0102	src/PASS08.c
060305D6	64	Passive08_0103	src/PASS08.c
06030616	98	Passive08_0104	src/PASS08.c
06030678	116	Passive08_0105	src/PASS08.c
060306EC	68	Passive08_0106	src/PASS08.c
06030730	126	Passive08_0107	src/PASS08.c
060307AE	78	Passive08_0108	src/PASS08.c
060307FC	78	Passive08_0109	src/PASS08.c
0603084A	100	Passive08_0110	src/PASS08.c
060308AE	100	Passive08_0111	src/PASS08.c
06030912	32	Passive08_0112	src/PASS08.c
06030932	68	Passive08_0113	src/PASS08.c
06030976	92	Passive08_0114	src/PASS08.c
060309D2	162	Passive08_0115	src/PASS08.c
06030A74	30	Passive08_0116	src/PASS08.c
06030A92	64	Passive08_0117	src/PASS08.c
06030AD2	64	Passive08_0118	src/PASS08.c
06030B12	90	Passive08_0119	src/PASS08.c
06030B6C	68	Passive08_0120	src/PASS08.c
06030BB0	32	Passive08_0121	src/PASS08.c
06030BD0	44	Passive08_0122	src/PASS08.c
06030BFC	92	Passive08_0123	src/PASS08.c
06030C58	74	Passive08_0124	src/PASS08.c
06030CA2	78	Passive08_0125	src/PASS08.c
06030CF0	118	Passive08_0126	src/PASS08.c
06030D66	132	Passive08_0127	src/PASS08.c
06030DEA	162	Passive08_0128	src/PASS08.c
06030E8C	140	Passive08_0129	src/PASS08.c
06030F18	170	Passive08_0130	src/PASS08.c
06030FC2	72	Passive08_0131	src/PASS08.c
0603100A	144	Passive08_0132	src/PASS08.c
0603109A	126	Passive08_0133	src/PASS08.c
06031118	160	Passive08_0134	src/PASS08.c
060311B8	78	Passive08_0135	src/PASS08.c
06031206	82	Passive08_0136	src/PASS08.c
06031258	116	Passive08_0137	src/PASS08.c
060312CC	78	Passive08_0138	src/PASS08.c
0603131A	100	Passive08_0139	src/PASS08.c
0603137E	100	Passive08_0140	src/PASS08.c
060313E2	144	Passive08_0141	src/PASS08.c
06031472	208	Passive08_0142	src/PASS08.c
06031542	152	Passive08_0143	src/PASS08.c
060315DA	132	Passive08_0144	src/PASS08.c
0603165E	190	Passive08_0145	src/PASS08.c
0603171C	86	Passive08_0146	src/PASS08.c
06031772	60	Passive08_0147	src/PASS08.c
060317AE	72	Passive08_0148	src/PASS08.c
060317F6	72	Passive08_0149	src/PASS08.c
0603183E	108	Passive08_0150	src/PASS08.c
060318AA	126	Passive08_0151	src/PASS08.c
06031928	134	Passive08_0152	src/PASS08.c
060319AE	86	Passive08_0153	src/PASS08.c
06031A04	44	Passive08_0154	src/PASS08.c
06031A30	84	Passive08_0155	src/PASS08.c
06031A84	78	Passive08_0156	src/PASS08.c
06031AD2	214	Passive08_0157	src/PASS08.c
06031BA8	154	Passive08_0158	src/PASS08.c
06031C42	216	Passive08_0159	src/PASS08.c
06031D1A	104	Passive08_0160	src/PASS08.c
06031D82	162	Passive08_0161	src/PASS08.c
06031E24	108	Passive08_0162	src/PASS08.c
06031E90	176	Passive08_0163	src/PASS08.c
06031F40	108	Passive08_0164	src/PASS08.c
06031FAC	144	Passive08_0165	src/PASS08.c
0603203C	92	Passive08_0166	src/PASS08.c
06032098	162	Passive08_0167	src/PASS08.c
0603213A	34	Passive08_0168	src/PASS08.c
0603215C	42	Passive08_0169	src/PASS08.c
06032186	44	Passive08_0170	src/PASS08.c
060321B2	44	Passive08_0171	src/PASS08.c
060321DE	80	Passive08_0172	src/PASS08.c
0603222E	50	Passive08_0173	src/PASS08.c
06032260	192	Passive08_0174	src/PASS08.c
06032320	74	Passive08_0175	src/PASS08.c
0603236A	114	Passive08_0176	src/PASS08.c
060323DC	124	Passive08_0177	src/PASS08.c
06032458	126	Passive08_0178	src/PASS08.c
060324D6	94	Passive08_0179	src/PASS08.c
06032534	110	Passive08_0180	src/PASS08.c
060325A2	80	Passive08_0181	src/PASS08.c
060325F2	62	Passive08_0182	src/PASS08.c
06032630	104	Passive08_0183	src/PASS08.c
06032698	194	Passive08_0184	src/PASS08.c
0603275A	32	Passive08_0185	src/PASS08.c
0603277A	104	Passive08_0186	src/PASS08.c
060327E2	140	Passive08_0187	src/PASS08.c
0603286E	104	Passive08_0188	src/PASS08.c
060328D6	76	Passive08_0189	src/PASS08.c
06032922	76	Passive08_0190	src/PASS08.c
0603296E	72	Passive08_0191	src/PASS08.c
060329B6	114	Passive08_0192	src/PASS08.c
06032A28	74	Passive08_0193	src/PASS08.c
06032A72	70	Passive08_0194	src/PASS08.c
06032AB8	108	Passive08_0195	src/PASS08.c
06032B24	76	Passive08_0196	src/PASS08.c
06032B70	68	Passive08_0197	src/PASS08.c
06032BB4	70	Passive08_0198	src/PASS08.c
06032BFA	96	Passive08_0199	src/PASS08.c
06032C5A	120	Passive08_0200	src/PASS08.c
06032CD2	98	Passive08_0201	src/PASS08.c
06032D34	86	Passive08_0202	src/PASS08.c
06032D8A	62	Passive08_0203	src/PASS08.c
06032DC8	62	Passive08_0204	src/PASS08.c
06032E06	40	Passive08_0205	src/PASS08.c
06032E2E	112	Passive08_0206	src/PASS08.c
06032E9E	90	Passive08_0207	src/PASS08.c
06032EF8	100	Passive08_0208	src/PASS08.c
06032F5C	126	Passive08_0209	src/PASS08.c
06032FDA	82	Passive08_0210	src/PASS08.c
0603302C	32	Passive08_0211	src/PASS08.c
0603304C	50	Passive08_0212	src/PASS08.c
0603307E	114	Passive08_0213	src/PASS08.c
060330F0	24	Passive09	src/PASS09.c
06033108	52	Passive09_0000	src/PASS09.c
0603313C	108	Passive09_0001	src/PASS09.c
060331A8	76	Passive09_0002	src/PASS09.c
060331F4	66	Passive09_0003	src/PASS09.c
06033236	120	Passive09_0004	src/PASS09.c
060332AE	66	Passive09_0005	src/PASS09.c
060332F0	30	Passive09_0006	src/PASS09.c
0603330E	146	Passive09_0007	src/PASS09.c
060333A0	108	Passive09_0008	src/PASS09.c
0603340C	108	Passive09_0009	src/PASS09.c
06033478	70	Passive09_0010	src/PASS09.c
060334BE	68	Passive09_0011	src/PASS09.c
06033502	116	Passive09_0012	src/PASS09.c
06033576	66	Passive09_0013	src/PASS09.c
060335B8	30	Passive09_0014	src/PASS09.c
060335D6	74	Passive09_0015	src/PASS09.c
06033620	94	Passive09_0016	src/PASS09.c
0603367E	56	Passive09_0017	src/PASS09.c
060336B6	98	Passive09_0018	src/PASS09.c
06033718	32	Passive09_0019	src/PASS09.c
06033738	68	Passive09_0020	src/PASS09.c
0603377C	70	Passive09_0021	src/PASS09.c
060337C2	82	Passive09_0022	src/PASS09.c
06033814	124	Passive09_0023	src/PASS09.c
06033890	78	Passive09_0024	src/PASS09.c
060338DE	94	Passive09_0025	src/PASS09.c
0603393C	96	Passive09_0026	src/PASS09.c
0603399C	64	Passive09_0027	src/PASS09.c
060339DC	32	Passive09_0028	src/PASS09.c
060339FC	56	Passive09_0029	src/PASS09.c
06033A34	32	Passive09_0030	src/PASS09.c
06033A54	34	Passive09_0031	src/PASS09.c
06033A76	60	Passive09_0032	src/PASS09.c
06033AB2	34	Passive09_0033	src/PASS09.c
06033AD4	46	Passive09_0034	src/PASS09.c
06033B02	32	Passive09_0035	src/PASS09.c
06033B22	30	Passive09_0036	src/PASS09.c
06033B40	108	Passive09_0037	src/PASS09.c
06033BAC	70	Passive09_0038	src/PASS09.c
06033BF2	90	Passive09_0039	src/PASS09.c
06033C4C	146	Passive09_0040	src/PASS09.c
06033CDE	136	Passive09_0041	src/PASS09.c
06033D66	30	Passive09_0042	src/PASS09.c
06033D84	120	Passive09_0043	src/PASS09.c
06033DFC	138	Passive09_0044	src/PASS09.c
06033E86	76	Passive09_0045	src/PASS09.c
06033ED2	70	Passive09_0046	src/PASS09.c
06033F18	108	Passive09_0047	src/PASS09.c
06033F84	42	Passive09_0048	src/PASS09.c
06033FAE	84	Passive09_0049	src/PASS09.c
06034002	68	Passive09_0050	src/PASS09.c
06034046	70	Passive09_0051	src/PASS09.c
0603408C	32	Passive09_0052	src/PASS09.c
060340AC	76	Passive09_0053	src/PASS09.c
060340F8	50	Passive09_0054	src/PASS09.c
0603412A	106	Passive09_0055	src/PASS09.c
06034194	68	Passive09_0056	src/PASS09.c
060341D8	68	Passive09_0057	src/PASS09.c
0603421C	32	Passive09_0058	src/PASS09.c
0603423C	158	Passive09_0059	src/PASS09.c
060342DA	30	Passive09_0060	src/PASS09.c
060342F8	32	Passive09_0061	src/PASS09.c
06034318	80	Passive09_0062	src/PASS09.c
06034368	134	Passive09_0063	src/PASS09.c
060343EE	66	Passive09_0064	src/PASS09.c
06034430	78	Passive09_0065	src/PASS09.c
0603447E	132	Passive09_0066	src/PASS09.c
06034502	32	Passive09_0067	src/PASS09.c
06034522	76	Passive09_0068	src/PASS09.c
0603456E	120	Passive09_0069	src/PASS09.c
060345E6	64	Passive09_0070	src/PASS09.c
06034626	72	Passive09_0071	src/PASS09.c
0603466E	94	Passive09_0072	src/PASS09.c
060346CC	106	Passive09_0073	src/PASS09.c
06034736	50	Passive09_0074	src/PASS09.c
06034768	120	Passive09_0075	src/PASS09.c
060347E0	126	Passive09_0076	src/PASS09.c
0603485E	106	Passive09_0077	src/PASS09.c
060348C8	68	Passive09_0078	src/PASS09.c
0603490C	92	Passive09_0079	src/PASS09.c
06034968	104	Passive09_0080	src/PASS09.c
060349D0	144	Passive09_0081	src/PASS09.c
06034A60	110	Passive09_0082	src/PASS09.c
06034ACE	30	Passive09_0083	src/PASS09.c
06034AEC	116	Passive09_0084	src/PASS09.c
06034B60	92	Passive09_0085	src/PASS09.c
06034BBC	44	Passive09_0086	src/PASS09.c
06034BE8	128	Passive09_0087	src/PASS09.c
06034C68	158	Passive09_0088	src/PASS09.c
06034D06	138	Passive09_0089	src/PASS09.c
06034D90	50	Passive09_0090	src/PASS09.c
06034DC2	112	Passive09_0091	src/PASS09.c
06034E32	58	Passive09_0092	src/PASS09.c
06034E6C	148	Passive09_0093	src/PASS09.c
06034F00	50	Passive09_0094	src/PASS09.c
06034F32	50	Passive09_0095	src/PASS09.c
06034F64	50	Passive09_0096	src/PASS09.c
06034F96	90	Passive09_0097	src/PASS09.c
06034FF0	90	Passive09_0098	src/PASS09.c
0603504A	88	Passive09_0099	src/PASS09.c
060350A2	90	Passive09_0100	src/PASS09.c
060350FC	70	Passive09_0101	src/PASS09.c
06035142	88	Passive09_0102	src/PASS09.c
0603519A	124	Passive09_0103	src/PASS09.c
06035216	76	Passive09_0104	src/PASS09.c
06035262	76	Passive09_0105	src/PASS09.c
060352AE	94	Passive09_0106	src/PASS09.c
0603530C	102	Passive09_0107	src/PASS09.c
06035372	70	Passive09_0108	src/PASS09.c
060353B8	70	Passive09_0109	src/PASS09.c
060353FE	70	Passive09_0110	src/PASS09.c
06035444	62	Passive09_0111	src/PASS09.c
06035482	82	Passive09_0112	src/PASS09.c
060354D4	82	Passive09_0113	src/PASS09.c
06035526	82	Passive09_0114	src/PASS09.c
06035578	98	Passive09_0115	src/PASS09.c
060355DA	74	Passive09_0116	src/PASS09.c
06035624	74	Passive09_0117	src/PASS09.c
0603566E	106	Passive09_0118	src/PASS09.c
060356D8	74	Passive09_0119	src/PASS09.c
06035722	56	Passive09_0120	src/PASS09.c
0603575A	74	Passive09_0121	src/PASS09.c
060357A4	100	Passive09_0122	src/PASS09.c
06035808	58	Passive09_0123	src/PASS09.c
06035842	56	Passive09_0124	src/PASS09.c
0603587A	66	Passive09_0125	src/PASS09.c
060358BC	50	Passive09_0126	src/PASS09.c
060358EE	76	Passive09_0127	src/PASS09.c
0603593A	66	Passive09_0128	src/PASS09.c
0603597C	66	Passive09_0129	src/PASS09.c
060359BE	80	Passive09_0130	src/PASS09.c
06035A0E	154	Passive09_0131	src/PASS09.c
06035AA8	24	Passive10	src/pass10.c
06035AC0	52	Passive10_0000	src/pass10.c
06035AF4	40	Passive10_0001	src/pass10.c
06035B1C	106	Passive10_0002	src/pass10.c
06035B86	86	Passive10_0003	src/pass10.c
06035BDC	66	Passive10_0004	src/pass10.c
06035C1E	30	Passive10_0005	src/pass10.c
06035C3C	68	Passive10_0006	src/pass10.c
06035C80	96	Passive10_0007	src/pass10.c
06035CE0	82	Passive10_0008	src/pass10.c
06035D32	78	Passive10_0009	src/pass10.c
06035D80	80	Passive10_0010	src/pass10.c
06035DD0	66	Passive10_0011	src/pass10.c
06035E12	74	Passive10_0012	src/pass10.c
06035E5C	222	Passive10_0013	src/pass10.c
06035F3A	68	Passive10_0014	src/pass10.c
06035F7E	32	Passive10_0015	src/pass10.c
06035F9E	158	Passive10_0016	src/pass10.c
0603603C	154	Passive10_0017	src/pass10.c
060360D6	144	Passive10_0018	src/pass10.c
06036166	32	Passive10_0019	src/pass10.c
06036186	32	Passive10_0020	src/pass10.c
060361A6	64	Passive10_0021	src/pass10.c
060361E6	150	Passive10_0022	src/pass10.c
0603627C	122	Passive10_0023	src/pass10.c
060362F6	122	Passive10_0024	src/pass10.c
06036370	104	Passive10_0025	src/pass10.c
060363D8	68	Passive10_0026	src/pass10.c
0603641C	96	Passive10_0027	src/pass10.c
0603647C	66	Passive10_0028	src/pass10.c
060364BE	56	Passive10_0029	src/pass10.c
060364F6	68	Passive10_0030	src/pass10.c
0603653A	74	Passive10_0031	src/pass10.c
06036584	96	Passive10_0032	src/pass10.c
060365E4	34	Passive10_0033	src/pass10.c
06036606	64	Passive10_0034	src/pass10.c
06036646	100	Passive10_0035	src/pass10.c
060366AA	74	Passive10_0036	src/pass10.c
060366F4	70	Passive10_0037	src/pass10.c
0603673A	108	Passive10_0038	src/pass10.c
060367A6	70	Passive10_0039	src/pass10.c
060367EC	98	Passive10_0040	src/pass10.c
0603684E	128	Passive10_0041	src/pass10.c
060368CE	66	Passive10_0042	src/pass10.c
06036910	78	Passive10_0043	src/pass10.c
0603695E	94	Passive10_0044	src/pass10.c
060369BC	78	Passive10_0045	src/pass10.c
06036A0A	32	Passive10_0046	src/pass10.c
06036A2A	124	Passive10_0047	src/pass10.c
06036AA6	42	Passive10_0048	src/pass10.c
06036AD0	32	Passive10_0049	src/pass10.c
06036AF0	40	Passive10_0050	src/pass10.c
06036B18	32	Passive10_0051	src/pass10.c
06036B38	60	Passive10_0052	src/pass10.c
06036B74	66	Passive10_0053	src/pass10.c
06036BB6	66	Passive10_0054	src/pass10.c
06036BF8	50	Passive10_0055	src/pass10.c
06036C2A	66	Passive10_0056	src/pass10.c
06036C6C	66	Passive10_0057	src/pass10.c
06036CAE	32	Passive10_0058	src/pass10.c
06036CCE	44	Passive10_0059	src/pass10.c
06036CFA	30	Passive10_0060	src/pass10.c
06036D18	114	Passive10_0061	src/pass10.c
06036D8A	44	Passive10_0062	src/pass10.c
06036DB6	64	Passive10_0063	src/pass10.c
06036DF6	34	Passive10_0064	src/pass10.c
06036E18	112	Passive10_0065	src/pass10.c
06036E88	70	Passive10_0066	src/pass10.c
06036ECE	50	Passive10_0067	src/pass10.c
06036F00	66	Passive10_0068	src/pass10.c
06036F42	74	Passive10_0069	src/pass10.c
06036F8C	82	Passive10_0070	src/pass10.c
06036FDE	86	Passive10_0071	src/pass10.c
06037034	124	Passive10_0072	src/pass10.c
060370B0	106	Passive10_0073	src/pass10.c
0603711A	162	Passive10_0074	src/pass10.c
060371BC	156	Passive10_0075	src/pass10.c
06037258	202	Passive10_0076	src/pass10.c
06037322	80	Passive10_0077	src/pass10.c
06037372	166	Passive10_0078	src/pass10.c
06037418	84	Passive10_0079	src/pass10.c
0603746C	80	Passive10_0080	src/pass10.c
060374BC	132	Passive10_0081	src/pass10.c
06037540	84	Passive10_0082	src/pass10.c
06037594	168	Passive10_0083	src/pass10.c
0603763C	136	Passive10_0084	src/pass10.c
060376C4	62	Passive10_0085	src/pass10.c
06037702	142	Passive10_0086	src/pass10.c
06037790	214	Passive10_0087	src/pass10.c
06037866	146	Passive10_0088	src/pass10.c
060378F8	50	Passive10_0089	src/pass10.c
0603792A	50	Passive10_0090	src/pass10.c
0603795C	50	Passive10_0091	src/pass10.c
0603798E	78	Passive10_0092	src/pass10.c
060379DC	78	Passive10_0093	src/pass10.c
06037A2A	54	Passive10_0094	src/pass10.c
06037A60	68	Passive10_0095	src/pass10.c
06037AA4	68	Passive10_0096	src/pass10.c
06037AE8	122	Passive10_0097	src/pass10.c
06037B62	140	Passive10_0098	src/pass10.c
06037BEE	138	Passive10_0099	src/pass10.c
06037C78	80	Passive10_0100	src/pass10.c
06037CC8	68	Passive10_0101	src/pass10.c
06037D0C	132	Passive10_0102	src/pass10.c
06037D90	60	Passive10_0103	src/pass10.c
06037DCC	32	Passive10_0104	src/pass10.c
06037DEC	128	Passive10_0105	src/pass10.c
06037E6C	60	Passive10_0106	src/pass10.c
06037EA8	78	Passive10_0107	src/pass10.c
06037EF6	32	Passive10_0108	src/pass10.c
06037F16	114	Passive10_0109	src/pass10.c
06037F88	92	Passive10_0110	src/pass10.c
06037FE4	68	Passive10_0111	src/pass10.c
06038028	130	Passive10_0112	src/pass10.c
060380AA	78	Passive10_0113	src/pass10.c
060380F8	66	Passive10_0114	src/pass10.c
0603813A	74	Passive10_0115	src/pass10.c
06038184	102	Passive10_0116	src/pass10.c
060381EA	66	Passive10_0117	src/pass10.c
0603822C	66	Passive10_0118	src/pass10.c
0603826E	32	Passive10_0119	src/pass10.c
0603828E	112	Passive10_0120	src/pass10.c
060382FE	110	Passive10_0121	src/pass10.c
0603836C	104	Passive10_0122	src/pass10.c
060383D4	30	Passive10_0123	src/pass10.c
060383F2	56	Passive10_0124	src/pass10.c
0603842A	98	Passive10_0125	src/pass10.c
0603848C	82	Passive10_0126	src/pass10.c
060384DE	82	Passive10_0127	src/pass10.c
06038530	160	Passive10_0128	src/pass10.c
060385D0	114	Passive10_0129	src/pass10.c
06038642	208	Passive10_0130	src/pass10.c
06038712	126	Passive10_0131	src/pass10.c
06038790	160	Passive10_0132	src/pass10.c
06038830	64	Passive10_0133	src/pass10.c
06038870	160	Passive10_0134	src/pass10.c
06038910	30	Passive10_0135	src/pass10.c
0603892E	66	Passive10_0136	src/pass10.c
06038970	56	Passive10_0137	src/pass10.c
060389A8	24	Passive11	src/PASS11.c
060389C0	52	Passive11_0000	src/PASS11.c
060389F4	40	Passive11_0001	src/PASS11.c
06038A1C	56	Passive11_0002	src/PASS11.c
06038A54	126	Passive11_0003	src/PASS11.c
06038AD2	98	Passive11_0004	src/PASS11.c
06038B34	180	Passive11_0005	src/PASS11.c
06038BE8	84	Passive11_0006	src/PASS11.c
06038C3C	84	Passive11_0007	src/PASS11.c
06038C90	112	Passive11_0008	src/PASS11.c
06038D00	78	Passive11_0009	src/PASS11.c
06038D4E	110	Passive11_0010	src/PASS11.c
06038DBC	30	Passive11_0011	src/PASS11.c
06038DDA	44	Passive11_0012	src/PASS11.c
06038E06	44	Passive11_0013	src/PASS11.c
06038E32	76	Passive11_0014	src/PASS11.c
06038E7E	90	Passive11_0015	src/PASS11.c
06038ED8	44	Passive11_0016	src/PASS11.c
06038F04	44	Passive11_0017	src/PASS11.c
06038F30	68	Passive11_0018	src/PASS11.c
06038F74	134	Passive11_0019	src/PASS11.c
06038FFA	46	Passive11_0020	src/PASS11.c
06039028	46	Passive11_0021	src/PASS11.c
06039056	46	Passive11_0022	src/PASS11.c
06039084	88	Passive11_0023	src/PASS11.c
060390DC	64	Passive11_0024	src/PASS11.c
0603911C	64	Passive11_0025	src/PASS11.c
0603915C	78	Passive11_0026	src/PASS11.c
060391AA	78	Passive11_0027	src/PASS11.c
060391F8	78	Passive11_0028	src/PASS11.c
06039246	82	Passive11_0029	src/PASS11.c
06039298	88	Passive11_0030	src/PASS11.c
060392F0	70	Passive11_0031	src/PASS11.c
06039336	84	Passive11_0032	src/PASS11.c
0603938A	74	Passive11_0033	src/PASS11.c
060393D4	86	Passive11_0034	src/PASS11.c
0603942A	78	Passive11_0035	src/PASS11.c
06039478	78	Passive11_0036	src/PASS11.c
060394C6	78	Passive11_0037	src/PASS11.c
06039514	78	Passive11_0038	src/PASS11.c
06039562	78	Passive11_0039	src/PASS11.c
060395B0	114	Passive11_0040	src/PASS11.c
06039622	100	Passive11_0041	src/PASS11.c
06039686	30	Passive11_0042	src/PASS11.c
060396A4	76	Passive11_0043	src/PASS11.c
060396F0	96	Passive11_0044	src/PASS11.c
06039750	78	Passive11_0045	src/PASS11.c
0603979E	78	Passive11_0046	src/PASS11.c
060397EC	110	Passive11_0047	src/PASS11.c
0603985A	68	Passive11_0048	src/PASS11.c
0603989E	32	Passive11_0049	src/PASS11.c
060398BE	64	Passive11_0050	src/PASS11.c
060398FE	98	Passive11_0051	src/PASS11.c
06039960	90	Passive11_0052	src/PASS11.c
060399BA	104	Passive11_0053	src/PASS11.c
06039A22	96	Passive11_0054	src/PASS11.c
06039A82	46	Passive11_0055	src/PASS11.c
06039AB0	100	Passive11_0056	src/PASS11.c
06039B14	116	Passive11_0057	src/PASS11.c
06039B88	46	Passive11_0058	src/PASS11.c
06039BB6	46	Passive11_0059	src/PASS11.c
06039BE4	46	Passive11_0060	src/PASS11.c
06039C12	42	Passive11_0061	src/PASS11.c
06039C3C	76	Passive11_0062	src/PASS11.c
06039C88	82	Passive11_0063	src/PASS11.c
06039CDA	44	Passive11_0064	src/PASS11.c
06039D06	170	Passive11_0065	src/PASS11.c
06039DB0	86	Passive11_0066	src/PASS11.c
06039E06	86	Passive11_0067	src/PASS11.c
06039E5C	42	Passive11_0068	src/PASS11.c
06039E86	32	Passive11_0069	src/PASS11.c
06039EA6	148	Passive11_0070	src/PASS11.c
06039F3A	40	Passive11_0071	src/PASS11.c
06039F62	50	Passive11_0072	src/PASS11.c
06039F94	32	Passive11_0073	src/PASS11.c
06039FB4	130	Passive11_0074	src/PASS11.c
0603A036	92	Passive11_0075	src/PASS11.c
0603A092	44	Passive11_0076	src/PASS11.c
0603A0BE	68	Passive11_0077	src/PASS11.c
0603A102	72	Passive11_0078	src/PASS11.c
0603A14A	86	Passive11_0079	src/PASS11.c
0603A1A0	148	Passive11_0080	src/PASS11.c
0603A234	140	Passive11_0081	src/PASS11.c
0603A2C0	184	Passive11_0082	src/PASS11.c
0603A378	34	Passive11_0083	src/PASS11.c
0603A39A	34	Passive11_0084	src/PASS11.c
0603A3BC	34	Passive11_0085	src/PASS11.c
0603A3DE	32	Passive11_0086	src/PASS11.c
0603A3FE	86	Passive11_0087	src/PASS11.c
0603A454	30	Passive11_0088	src/PASS11.c
0603A472	82	Passive11_0089	src/PASS11.c
0603A4C4	50	Passive11_0090	src/PASS11.c
0603A4F6	136	Passive11_0091	src/PASS11.c
0603A57E	98	Passive11_0092	src/PASS11.c
0603A5E0	84	Passive11_0093	src/PASS11.c
0603A634	118	Passive11_0094	src/PASS11.c
0603A6AA	64	Passive11_0095	src/PASS11.c
0603A6EA	64	Passive11_0096	src/PASS11.c
0603A72A	140	Passive11_0097	src/PASS11.c
0603A7B6	68	Passive11_0098	src/PASS11.c
0603A7FA	32	Passive11_0099	src/PASS11.c
0603A81A	32	Passive11_0100	src/PASS11.c
0603A83A	146	Passive11_0101	src/PASS11.c
0603A8CC	138	Passive11_0102	src/PASS11.c
0603A956	106	Passive11_0103	src/PASS11.c
0603A9C0	58	Passive11_0104	src/PASS11.c
0603A9FA	116	Passive11_0105	src/PASS11.c
0603AA6E	114	Passive11_0106	src/PASS11.c
0603AAE0	78	Passive11_0107	src/PASS11.c
0603AB2E	78	Passive11_0108	src/PASS11.c
0603AB7C	78	Passive11_0109	src/PASS11.c
0603ABCA	100	Passive11_0110	src/PASS11.c
0603AC2E	100	Passive11_0111	src/PASS11.c
0603AC92	32	Passive11_0112	src/PASS11.c
0603ACB2	110	Passive11_0113	src/PASS11.c
0603AD20	104	Passive11_0114	src/PASS11.c
0603AD88	182	Passive11_0115	src/PASS11.c
0603AE3E	30	Passive11_0116	src/PASS11.c
0603AE5C	64	Passive11_0117	src/PASS11.c
0603AE9C	64	Passive11_0118	src/PASS11.c
0603AEDC	104	Passive11_0119	src/PASS11.c
0603AF44	32	Passive11_0120	src/PASS11.c
0603AF64	68	Passive11_0121	src/PASS11.c
0603AFA8	44	Passive11_0122	src/PASS11.c
0603AFD4	96	Passive11_0123	src/PASS11.c
0603B034	74	Passive11_0124	src/PASS11.c
0603B07E	78	Passive11_0125	src/PASS11.c
0603B0CC	152	Passive11_0126	src/PASS11.c
0603B164	72	Passive11_0127	src/PASS11.c
0603B1AC	126	Passive11_0128	src/PASS11.c
0603B22A	110	Passive11_0129	src/PASS11.c
0603B298	126	Passive11_0130	src/PASS11.c
0603B316	114	Passive11_0131	src/PASS11.c
0603B388	104	Passive11_0132	src/PASS11.c
0603B3F0	164	Passive11_0133	src/PASS11.c
0603B494	104	Passive11_0134	src/PASS11.c
0603B4FC	72	Passive11_0135	src/PASS11.c
0603B544	112	Passive11_0136	src/PASS11.c
0603B5B4	78	Passive11_0137	src/PASS11.c
0603B602	70	Passive11_0138	src/PASS11.c
0603B648	66	Passive11_0139	src/PASS11.c
0603B68A	134	Passive11_0140	src/PASS11.c
0603B710	86	Passive11_0141	src/PASS11.c
0603B766	116	Passive11_0142	src/PASS11.c
0603B7DA	110	Passive11_0143	src/PASS11.c
0603B848	184	Passive11_0144	src/PASS11.c
0603B900	132	Passive11_0145	src/PASS11.c
0603B984	86	Passive11_0146	src/PASS11.c
0603B9DA	50	Passive11_0147	src/PASS11.c
0603BA0C	50	Passive11_0148	src/PASS11.c
0603BA3E	146	Passive11_0149	src/PASS11.c
0603BAD0	30	Passive11_0150	src/PASS11.c
0603BAEE	170	Passive11_0151	src/PASS11.c
0603BB98	74	Passive11_0152	src/PASS11.c
0603BBE2	44	Passive11_0153	src/PASS11.c
0603BC0E	44	Passive11_0154	src/PASS11.c
0603BC3A	86	Passive11_0155	src/PASS11.c
0603BC90	78	Passive11_0156	src/PASS11.c
0603BCDE	68	Passive11_0157	src/PASS11.c
0603BD22	144	Passive11_0158	src/PASS11.c
0603BDB2	100	Passive11_0159	src/PASS11.c
0603BE16	158	Passive11_0160	src/PASS11.c
0603BEB4	138	Passive11_0161	src/PASS11.c
0603BF3E	64	Passive11_0162	src/PASS11.c
0603BF7E	200	Passive11_0163	src/PASS11.c
0603C046	82	Passive11_0164	src/PASS11.c
0603C098	34	Passive11_0165	src/PASS11.c
0603C0BA	132	Passive11_0166	src/PASS11.c
0603C13E	104	Passive11_0167	src/PASS11.c
0603C1A6	34	Passive11_0168	src/PASS11.c
0603C1C8	142	Passive11_0169	src/PASS11.c
0603C256	44	Passive11_0170	src/PASS11.c
0603C282	78	Passive11_0171	src/PASS11.c
0603C2D0	104	Passive11_0172	src/PASS11.c
0603C338	106	Passive11_0173	src/PASS11.c
0603C3A2	196	Passive11_0174	src/PASS11.c
0603C466	74	Passive11_0175	src/PASS11.c
0603C4B0	140	Passive11_0176	src/PASS11.c
0603C53C	122	Passive11_0177	src/PASS11.c
0603C5B6	192	Passive11_0178	src/PASS11.c
0603C676	50	Passive11_0179	src/PASS11.c
0603C6A8	66	Passive11_0180	src/PASS11.c
0603C6EA	50	Passive11_0181	src/PASS11.c
0603C71C	64	Passive11_0182	src/PASS11.c
0603C75C	104	Passive11_0183	src/PASS11.c
0603C7C4	194	Passive11_0184	src/PASS11.c
0603C886	68	Passive11_0185	src/PASS11.c
0603C8CA	82	Passive11_0186	src/PASS11.c
0603C91C	112	Passive11_0187	src/PASS11.c
0603C98C	50	Passive11_0188	src/PASS11.c
0603C9BE	76	Passive11_0189	src/PASS11.c
0603CA0A	76	Passive11_0190	src/PASS11.c
0603CA56	72	Passive11_0191	src/PASS11.c
0603CA9E	102	Passive11_0192	src/PASS11.c
0603CB04	74	Passive11_0193	src/PASS11.c
0603CB4E	70	Passive11_0194	src/PASS11.c
0603CB94	108	Passive11_0195	src/PASS11.c
0603CC00	76	Passive11_0196	src/PASS11.c
0603CC4C	68	Passive11_0197	src/PASS11.c
0603CC90	30	Passive11_0198	src/PASS11.c
0603CCAE	98	Passive11_0199	src/PASS11.c
0603CD10	64	Passive11_0200	src/PASS11.c
0603CD50	98	Passive11_0201	src/PASS11.c
0603CDB2	116	Passive11_0202	src/PASS11.c
0603CE26	118	Passive11_0203	src/PASS11.c
0603CE9C	106	Passive11_0204	src/PASS11.c
0603CF06	130	Passive11_0205	src/PASS11.c
0603CF88	32	Passive11_0206	src/PASS11.c
0603CFA8	80	Passive11_0207	src/PASS11.c
0603CFF8	80	Passive11_0208	src/PASS11.c
0603D048	106	Passive11_0209	src/PASS11.c
0603D0B2	74	Passive11_0210	src/PASS11.c
0603D0FC	192	Passive11_0211	src/PASS11.c
0603D1BC	116	Passive11_0212	src/PASS11.c
0603D230	64	Passive11_0213	src/PASS11.c
0603D270	170	Passive11_0214	src/PASS11.c
0603D31A	72	Passive11_0215	src/PASS11.c
0603D362	150	Passive11_0216	src/PASS11.c
0603D3F8	90	Passive11_0217	src/PASS11.c
0603D452	134	Passive11_0218	src/PASS11.c
0603D4D8	140	Passive11_0219	src/PASS11.c
0603D564	142	Passive11_0220	src/PASS11.c
0603D5F2	106	Passive11_0221	src/PASS11.c
0603D65C	136	Passive11_0222	src/PASS11.c
0603D6E4	106	Passive11_0223	src/PASS11.c
0603D74E	100	Passive11_0224	src/PASS11.c
0603D7B2	106	Passive11_0225	src/PASS11.c
0603D81C	96	Passive11_0226	src/PASS11.c
0603D87C	132	Passive11_0227	src/PASS11.c
0603D900	90	Passive11_0228	src/PASS11.c
0603D95A	90	Passive11_0229	src/PASS11.c
0603D9B4	144	Passive11_0230	src/PASS11.c
0603DA44	80	Passive11_0231	src/PASS11.c
0603DA94	50	Passive11_0232	src/PASS11.c
0603DAC6	98	Passive11_0233	src/PASS11.c
0603DB28	72	Passive11_0234	src/PASS11.c
0603DB70	72	Passive11_0235	src/PASS11.c
0603DBB8	60	Passive11_0236	src/PASS11.c
0603DBF4	124	Passive11_0237	src/PASS11.c
0603DC70	90	Passive11_0238	src/PASS11.c
0603DCCA	56	Passive11_0239	src/PASS11.c
0603DD02	42	Passive11_0240	src/PASS11.c
0603DD2C	104	Passive11_0241	src/PASS11.c
0603DD94	60	Passive11_0242	src/PASS11.c
0603DDD0	34	Passive11_0243	src/PASS11.c
0603DDF2	34	Passive11_0244	src/PASS11.c
0603DE14	50	Passive11_0245	src/PASS11.c
0603DE46	34	Passive11_0246	src/PASS11.c
0603DE68	88	Passive11_0247	src/PASS11.c
0603DEC0	78	Passive11_0248	src/PASS11.c
0603DF0E	88	Passive11_0249	src/PASS11.c
0603DF66	92	Passive11_0250	src/PASS11.c
0603DFC2	60	Passive11_0251	src/PASS11.c
0603DFFE	58	Passive11_0252	src/PASS11.c
0603E038	32	Passive11_0253	src/PASS11.c
0603E058	120	Passive11_0254	src/PASS11.c
0603E0D0	24	Passive12	src/PASS12.c
0603E0E8	52	Passive12_0000	src/PASS12.c
0603E11C	40	Passive12_0001	src/PASS12.c
0603E144	64	Passive12_0002	src/PASS12.c
0603E184	124	Passive12_0003	src/PASS12.c
0603E200	98	Passive12_0004	src/PASS12.c
0603E262	86	Passive12_0005	src/PASS12.c
0603E2B8	118	Passive12_0006	src/PASS12.c
0603E32E	84	Passive12_0007	src/PASS12.c
0603E382	82	Passive12_0008	src/PASS12.c
0603E3D4	110	Passive12_0009	src/PASS12.c
0603E442	110	Passive12_0010	src/PASS12.c
0603E4B0	30	Passive12_0011	src/PASS12.c
0603E4CE	86	Passive12_0012	src/PASS12.c
0603E524	44	Passive12_0013	src/PASS12.c
0603E550	44	Passive12_0014	src/PASS12.c
0603E57C	44	Passive12_0015	src/PASS12.c
0603E5A8	44	Passive12_0016	src/PASS12.c
0603E5D4	68	Passive12_0017	src/PASS12.c
0603E618	68	Passive12_0018	src/PASS12.c
0603E65C	64	Passive12_0019	src/PASS12.c
0603E69C	46	Passive12_0020	src/PASS12.c
0603E6CA	82	Passive12_0021	src/PASS12.c
0603E71C	44	Passive12_0022	src/PASS12.c
0603E748	64	Passive12_0023	src/PASS12.c
0603E788	64	Passive12_0024	src/PASS12.c
0603E7C8	88	Passive12_0025	src/PASS12.c
0603E820	50	Passive12_0026	src/PASS12.c
0603E852	50	Passive12_0027	src/PASS12.c
0603E884	50	Passive12_0028	src/PASS12.c
0603E8B6	82	Passive12_0029	src/PASS12.c
0603E908	80	Passive12_0030	src/PASS12.c
0603E958	70	Passive12_0031	src/PASS12.c
0603E99E	84	Passive12_0032	src/PASS12.c
0603E9F2	74	Passive12_0033	src/PASS12.c
0603EA3C	86	Passive12_0034	src/PASS12.c
0603EA92	50	Passive12_0035	src/PASS12.c
0603EAC4	50	Passive12_0036	src/PASS12.c
0603EAF6	82	Passive12_0037	src/PASS12.c
0603EB48	78	Passive12_0038	src/PASS12.c
0603EB96	78	Passive12_0039	src/PASS12.c
0603EBE4	78	Passive12_0040	src/PASS12.c
0603EC32	100	Passive12_0041	src/PASS12.c
0603EC96	30	Passive12_0042	src/PASS12.c
0603ECB4	70	Passive12_0043	src/PASS12.c
0603ECFA	98	Passive12_0044	src/PASS12.c
0603ED5C	50	Passive12_0045	src/PASS12.c
0603ED8E	50	Passive12_0046	src/PASS12.c
0603EDC0	50	Passive12_0047	src/PASS12.c
0603EDF2	32	Passive12_0048	src/PASS12.c
0603EE12	62	Passive12_0049	src/PASS12.c
0603EE50	64	Passive12_0050	src/PASS12.c
0603EE90	68	Passive12_0051	src/PASS12.c
0603EED4	124	Passive12_0052	src/PASS12.c
0603EF50	104	Passive12_0053	src/PASS12.c
0603EFB8	56	Passive12_0054	src/PASS12.c
0603EFF0	88	Passive12_0055	src/PASS12.c
0603F048	100	Passive12_0056	src/PASS12.c
0603F0AC	100	Passive12_0057	src/PASS12.c
0603F110	72	Passive12_0058	src/PASS12.c
0603F158	46	Passive12_0059	src/PASS12.c
0603F186	44	Passive12_0060	src/PASS12.c
0603F1B2	42	Passive12_0061	src/PASS12.c
0603F1DC	76	Passive12_0062	src/PASS12.c
0603F228	160	Passive12_0063	src/PASS12.c
0603F2C8	92	Passive12_0064	src/PASS12.c
0603F324	104	Passive12_0065	src/PASS12.c
0603F38C	64	Passive12_0066	src/PASS12.c
0603F3CC	104	Passive12_0067	src/PASS12.c
0603F434	42	Passive12_0068	src/PASS12.c
0603F45E	32	Passive12_0069	src/PASS12.c
0603F47E	104	Passive12_0070	src/PASS12.c
0603F4E6	86	Passive12_0071	src/PASS12.c
0603F53C	42	Passive12_0072	src/PASS12.c
0603F566	32	Passive12_0073	src/PASS12.c
0603F586	68	Passive12_0074	src/PASS12.c
0603F5CA	142	Passive12_0075	src/PASS12.c
0603F658	44	Passive12_0076	src/PASS12.c
0603F684	32	Passive12_0077	src/PASS12.c
0603F6A4	32	Passive12_0078	src/PASS12.c
0603F6C4	86	Passive12_0079	src/PASS12.c
0603F71A	138	Passive12_0080	src/PASS12.c
0603F7A4	112	Passive12_0081	src/PASS12.c
0603F814	202	Passive12_0082	src/PASS12.c
0603F8DE	34	Passive12_0083	src/PASS12.c
0603F900	32	Passive12_0084	src/PASS12.c
0603F920	34	Passive12_0085	src/PASS12.c
0603F942	86	Passive12_0086	src/PASS12.c
0603F998	50	Passive12_0087	src/PASS12.c
0603F9CA	30	Passive12_0088	src/PASS12.c
0603F9E8	82	Passive12_0089	src/PASS12.c
0603FA3A	136	Passive12_0090	src/PASS12.c
0603FAC2	94	Passive12_0091	src/PASS12.c
0603FB20	140	Passive12_0092	src/PASS12.c
0603FBAC	84	Passive12_0093	src/PASS12.c
0603FC00	78	Passive12_0094	src/PASS12.c
0603FC4E	110	Passive12_0095	src/PASS12.c
0603FCBC	64	Passive12_0096	src/PASS12.c
0603FCFC	72	Passive12_0097	src/PASS12.c
0603FD44	32	Passive12_0098	src/PASS12.c
0603FD64	32	Passive12_0099	src/PASS12.c
0603FD84	60	Passive12_0100	src/PASS12.c
0603FDC0	86	Passive12_0101	src/PASS12.c
0603FE16	110	Passive12_0102	src/PASS12.c
0603FE84	98	Passive12_0103	src/PASS12.c
0603FEE6	64	Passive12_0104	src/PASS12.c
0603FF26	116	Passive12_0105	src/PASS12.c
0603FF9A	108	Passive12_0106	src/PASS12.c
06040006	78	Passive12_0107	src/PASS12.c
06040054	78	Passive12_0108	src/PASS12.c
060400A2	116	Passive12_0109	src/PASS12.c
06040116	100	Passive12_0110	src/PASS12.c
0604017A	130	Passive12_0111	src/PASS12.c
060401FC	32	Passive12_0112	src/PASS12.c
0604021C	32	Passive12_0113	src/PASS12.c
0604023C	92	Passive12_0114	src/PASS12.c
06040298	170	Passive12_0115	src/PASS12.c
06040342	30	Passive12_0116	src/PASS12.c
06040360	64	Passive12_0117	src/PASS12.c
060403A0	104	Passive12_0118	src/PASS12.c
06040408	86	Passive12_0119	src/PASS12.c
0604045E	84	Passive12_0120	src/PASS12.c
060404B2	32	Passive12_0121	src/PASS12.c
060404D2	76	Passive12_0122	src/PASS12.c
0604051E	70	Passive12_0123	src/PASS12.c
06040564	74	Passive12_0124	src/PASS12.c
060405AE	108	Passive12_0125	src/PASS12.c
0604061A	92	Passive12_0126	src/PASS12.c
06040676	172	Passive12_0127	src/PASS12.c
06040722	126	Passive12_0128	src/PASS12.c
060407A0	178	Passive12_0129	src/PASS12.c
06040852	126	Passive12_0130	src/PASS12.c
060408D0	120	Passive12_0131	src/PASS12.c
06040948	104	Passive12_0132	src/PASS12.c
060409B0	162	Passive12_0133	src/PASS12.c
06040A52	104	Passive12_0134	src/PASS12.c
06040ABA	78	Passive12_0135	src/PASS12.c
06040B08	128	Passive12_0136	src/PASS12.c
06040B88	78	Passive12_0137	src/PASS12.c
06040BD6	78	Passive12_0138	src/PASS12.c
06040C24	136	Passive12_0139	src/PASS12.c
06040CAC	100	Passive12_0140	src/PASS12.c
06040D10	96	Passive12_0141	src/PASS12.c
06040D70	116	Passive12_0142	src/PASS12.c
06040DE4	148	Passive12_0143	src/PASS12.c
06040E78	132	Passive12_0144	src/PASS12.c
06040EFC	166	Passive12_0145	src/PASS12.c
06040FA2	86	Passive12_0146	src/PASS12.c
06040FF8	156	Passive12_0147	src/PASS12.c
06041094	84	Passive12_0148	src/PASS12.c
060410E8	132	Passive12_0149	src/PASS12.c
0604116C	110	Passive12_0150	src/PASS12.c
060411DA	156	Passive12_0151	src/PASS12.c
06041276	74	Passive12_0152	src/PASS12.c
060412C0	86	Passive12_0153	src/PASS12.c
06041316	90	Passive12_0154	src/PASS12.c
06041370	44	Passive12_0155	src/PASS12.c
0604139C	78	Passive12_0156	src/PASS12.c
060413EA	202	Passive12_0157	src/PASS12.c
060414B4	196	Passive12_0158	src/PASS12.c
06041578	100	Passive12_0159	src/PASS12.c
060415DC	104	Passive12_0160	src/PASS12.c
06041644	160	Passive12_0161	src/PASS12.c
060416E4	64	Passive12_0162	src/PASS12.c
06041724	196	Passive12_0163	src/PASS12.c
060417E8	82	Passive12_0164	src/PASS12.c
0604183A	150	Passive12_0165	src/PASS12.c
060418D0	82	Passive12_0166	src/PASS12.c
06041922	104	Passive12_0167	src/PASS12.c
0604198A	74	Passive12_0168	src/PASS12.c
060419D4	64	Passive12_0169	src/PASS12.c
06041A14	44	Passive12_0170	src/PASS12.c
06041A40	78	Passive12_0171	src/PASS12.c
06041A8E	104	Passive12_0172	src/PASS12.c
06041AF6	202	Passive12_0173	src/PASS12.c
06041BC0	146	Passive12_0174	src/PASS12.c
06041C52	118	Passive12_0175	src/PASS12.c
06041CC8	114	Passive12_0176	src/PASS12.c
06041D3A	126	Passive12_0177	src/PASS12.c
06041DB8	138	Passive12_0178	src/PASS12.c
06041E42	46	Passive12_0179	src/PASS12.c
06041E70	112	Passive12_0180	src/PASS12.c
06041EE0	80	Passive12_0181	src/PASS12.c
06041F30	32	Passive12_0182	src/PASS12.c
06041F50	148	Passive12_0183	src/PASS12.c
06041FE4	158	Passive12_0184	src/PASS12.c
06042082	32	Passive12_0185	src/PASS12.c
060420A2	126	Passive12_0186	src/PASS12.c
06042120	82	Passive12_0187	src/PASS12.c
06042172	82	Passive12_0188	src/PASS12.c
060421C4	100	Passive12_0189	src/PASS12.c
06042228	76	Passive12_0190	src/PASS12.c
06042274	72	Passive12_0191	src/PASS12.c
060422BC	112	Passive12_0192	src/PASS12.c
0604232C	74	Passive12_0193	src/PASS12.c
06042376	70	Passive12_0194	src/PASS12.c
060423BC	70	Passive12_0195	src/PASS12.c
06042402	110	Passive12_0196	src/PASS12.c
06042470	68	Passive12_0197	src/PASS12.c
060424B4	30	Passive12_0198	src/PASS12.c
060424D2	64	Passive12_0199	src/PASS12.c
06042512	100	Passive12_0200	src/PASS12.c
06042576	98	Passive12_0201	src/PASS12.c
060425D8	86	Passive12_0202	src/PASS12.c
0604262E	106	Passive12_0203	src/PASS12.c
06042698	106	Passive12_0204	src/PASS12.c
06042702	136	Passive12_0205	src/PASS12.c
0604278A	32	Passive12_0206	src/PASS12.c
060427AA	80	Passive12_0207	src/PASS12.c
060427FA	80	Passive12_0208	src/PASS12.c
0604284A	66	Passive12_0209	src/PASS12.c
0604288C	74	Passive12_0210	src/PASS12.c
060428D6	190	Passive12_0211	src/PASS12.c
06042994	116	Passive12_0212	src/PASS12.c
06042A08	188	Passive12_0213	src/PASS12.c
06042AC4	64	Passive12_0214	src/PASS12.c
06042B04	46	Passive12_0215	src/PASS12.c
06042B32	46	Passive12_0216	src/PASS12.c
06042B60	172	Passive12_0217	src/PASS12.c
06042C0C	50	Passive12_0218	src/PASS12.c
06042C3E	50	Passive12_0219	src/PASS12.c
06042C70	50	Passive12_0220	src/PASS12.c
06042CA2	96	Passive12_0221	src/PASS12.c
06042D02	90	Passive12_0222	src/PASS12.c
06042D5C	50	Passive12_0223	src/PASS12.c
06042D8E	34	Passive12_0224	src/PASS12.c
06042DB0	68	Passive12_0225	src/PASS12.c
06042DF4	50	Passive12_0226	src/PASS12.c
06042E26	50	Passive12_0227	src/PASS12.c
06042E58	68	Passive12_0228	src/PASS12.c
06042E9C	146	Passive12_0229	src/PASS12.c
06042F2E	86	Passive12_0230	src/PASS12.c
06042F84	24	Passive13	src/pass13.c
06042F9C	52	Passive13_0000	src/pass13.c
06042FD0	40	Passive13_0001	src/pass13.c
06042FF8	106	Passive13_0002	src/pass13.c
06043062	86	Passive13_0003	src/pass13.c
060430B8	66	Passive13_0004	src/pass13.c
060430FA	30	Passive13_0005	src/pass13.c
06043118	68	Passive13_0006	src/pass13.c
0604315C	50	Passive13_0007	src/pass13.c
0604318E	112	Passive13_0008	src/pass13.c
060431FE	94	Passive13_0009	src/pass13.c
0604325C	50	Passive13_0010	src/pass13.c
0604328E	86	Passive13_0011	src/pass13.c
060432E4	74	Passive13_0012	src/pass13.c
0604332E	74	Passive13_0013	src/pass13.c
06043378	32	Passive13_0014	src/pass13.c
06043398	64	Passive13_0015	src/pass13.c
060433D8	68	Passive13_0016	src/pass13.c
0604341C	102	Passive13_0017	src/pass13.c
06043482	96	Passive13_0018	src/pass13.c
060434E2	32	Passive13_0019	src/pass13.c
06043502	32	Passive13_0020	src/pass13.c
06043522	64	Passive13_0021	src/pass13.c
06043562	144	Passive13_0022	src/pass13.c
060435F2	104	Passive13_0023	src/pass13.c
0604365A	44	Passive13_0024	src/pass13.c
06043686	134	Passive13_0025	src/pass13.c
0604370C	32	Passive13_0026	src/pass13.c
0604372C	50	Passive13_0027	src/pass13.c
0604375E	32	Passive13_0028	src/pass13.c
0604377E	56	Passive13_0029	src/pass13.c
060437B6	96	Passive13_0030	src/pass13.c
06043816	34	Passive13_0031	src/pass13.c
06043838	44	Passive13_0032	src/pass13.c
06043864	46	Passive13_0033	src/pass13.c
06043892	74	Passive13_0034	src/pass13.c
060438DC	70	Passive13_0035	src/pass13.c
06043922	92	Passive13_0036	src/pass13.c
0604397E	126	Passive13_0037	src/pass13.c
060439FC	68	Passive13_0038	src/pass13.c
06043A40	82	Passive13_0039	src/pass13.c
06043A92	142	Passive13_0040	src/pass13.c
06043B20	78	Passive13_0041	src/pass13.c
06043B6E	66	Passive13_0042	src/pass13.c
06043BB0	118	Passive13_0043	src/pass13.c
06043C26	78	Passive13_0044	src/pass13.c
06043C74	78	Passive13_0045	src/pass13.c
06043CC2	32	Passive13_0046	src/pass13.c
06043CE2	84	Passive13_0047	src/pass13.c
06043D36	74	Passive13_0048	src/pass13.c
06043D80	32	Passive13_0049	src/pass13.c
06043DA0	44	Passive13_0050	src/pass13.c
06043DCC	104	Passive13_0051	src/pass13.c
06043E34	32	Passive13_0052	src/pass13.c
06043E54	50	Passive13_0053	src/pass13.c
06043E86	64	Passive13_0054	src/pass13.c
06043EC6	78	Passive13_0055	src/pass13.c
06043F14	90	Passive13_0056	src/pass13.c
06043F6E	66	Passive13_0057	src/pass13.c
06043FB0	32	Passive13_0058	src/pass13.c
06043FD0	46	Passive13_0059	src/pass13.c
06043FFE	30	Passive13_0060	src/pass13.c
0604401C	94	Passive13_0061	src/pass13.c
0604407A	70	Passive13_0062	src/pass13.c
060440C0	50	Passive13_0063	src/pass13.c
060440F2	34	Passive13_0064	src/pass13.c
06044114	80	Passive13_0065	src/pass13.c
06044164	66	Passive13_0066	src/pass13.c
060441A6	50	Passive13_0067	src/pass13.c
060441D8	62	Passive13_0068	src/pass13.c
06044216	82	Passive13_0069	src/pass13.c
06044268	78	Passive13_0070	src/pass13.c
060442B6	88	Passive13_0071	src/pass13.c
0604430E	74	Passive13_0072	src/pass13.c
06044358	126	Passive13_0073	src/pass13.c
060443D6	70	Passive13_0074	src/pass13.c
0604441C	108	Passive13_0075	src/pass13.c
06044488	132	Passive13_0076	src/pass13.c
0604450C	128	Passive13_0077	src/pass13.c
0604458C	108	Passive13_0078	src/pass13.c
060445F8	82	Passive13_0079	src/pass13.c
0604464A	124	Passive13_0080	src/pass13.c
060446C6	90	Passive13_0081	src/pass13.c
06044720	120	Passive13_0082	src/pass13.c
06044798	116	Passive13_0083	src/pass13.c
0604480C	156	Passive13_0084	src/pass13.c
060448A8	62	Passive13_0085	src/pass13.c
060448E6	120	Passive13_0086	src/pass13.c
0604495E	144	Passive13_0087	src/pass13.c
060449EE	214	Passive13_0088	src/pass13.c
06044AC4	50	Passive13_0089	src/pass13.c
06044AF6	50	Passive13_0090	src/pass13.c
06044B28	100	Passive13_0091	src/pass13.c
06044B8C	78	Passive13_0092	src/pass13.c
06044BDA	36	Passive13_0093	src/pass13.c
06044BFE	58	Passive13_0094	src/pass13.c
06044C38	116	Passive13_0095	src/pass13.c
06044CAC	68	Passive13_0096	src/pass13.c
06044CF0	84	Passive13_0097	src/pass13.c
06044D44	158	Passive13_0098	src/pass13.c
06044DE2	74	Passive13_0099	src/pass13.c
06044E2C	64	Passive13_0100	src/pass13.c
06044E6C	72	Passive13_0101	src/pass13.c
06044EB4	78	Passive13_0102	src/pass13.c
06044F02	60	Passive13_0103	src/pass13.c
06044F3E	32	Passive13_0104	src/pass13.c
06044F5E	134	Passive13_0105	src/pass13.c
06044FE4	60	Passive13_0106	src/pass13.c
06045020	86	Passive13_0107	src/pass13.c
06045076	32	Passive13_0108	src/pass13.c
06045096	150	Passive13_0109	src/pass13.c
0604512C	94	Passive13_0110	src/pass13.c
0604518A	82	Passive13_0111	src/pass13.c
060451DC	106	Passive13_0112	src/pass13.c
06045246	218	Passive13_0113	src/pass13.c
06045320	106	Passive13_0114	src/pass13.c
0604538A	140	Passive13_0115	src/pass13.c
06045416	100	Passive13_0116	src/pass13.c
0604547A	66	Passive13_0117	src/pass13.c
060454BC	66	Passive13_0118	src/pass13.c
060454FE	66	Passive13_0119	src/pass13.c
06045540	86	Passive13_0120	src/pass13.c
06045596	66	Passive13_0121	src/pass13.c
060455D8	68	Passive13_0122	src/pass13.c
0604561C	130	Passive13_0123	src/pass13.c
0604569E	98	Passive13_0124	src/pass13.c
06045700	60	Passive13_0125	src/pass13.c
0604573C	68	Passive13_0126	src/pass13.c
06045780	60	Passive13_0127	src/pass13.c
060457BC	74	Passive13_0128	src/pass13.c
06045806	34	Passive13_0129	src/pass13.c
06045828	114	Passive13_0130	src/pass13.c
0604589A	84	Passive13_0131	src/pass13.c
060458EE	74	Passive13_0132	src/pass13.c
06045938	88	Passive13_0133	src/pass13.c
06045990	104	Passive13_0134	src/pass13.c
060459F8	30	Passive13_0135	src/pass13.c
06045A16	84	Passive13_0136	src/pass13.c
06045A6A	142	Passive13_0137	src/pass13.c
06045AF8	102	Passive13_0138	src/pass13.c
06045B5E	116	Passive13_0139	src/pass13.c
06045BD2	80	Passive13_0140	src/pass13.c
06045C22	50	Passive13_0141	src/pass13.c
06045C54	50	Passive13_0142	src/pass13.c
06045C86	50	Passive13_0143	src/pass13.c
06045CB8	54	Passive13_0144	src/pass13.c
06045CEE	80	Passive13_0145	src/pass13.c
06045D3E	50	Passive13_0146	src/pass13.c
06045D70	50	Passive13_0147	src/pass13.c
06045DA2	30	Passive13_0148	src/pass13.c
06045DC0	66	Passive13_0149	src/pass13.c
06045E02	70	Passive13_0150	src/pass13.c
06045E48	66	Passive13_0151	src/pass13.c
06045E8A	88	Passive13_0152	src/pass13.c
06045EE2	150	Passive13_0153	src/pass13.c
06045F78	144	Passive13_0154	src/pass13.c
06046008	70	Passive13_0155	src/pass13.c
0604604E	134	Passive13_0156	src/pass13.c
060460D4	34	Passive13_0157	src/pass13.c
060460F6	32	Passive13_0158	src/pass13.c
06046116	32	Passive13_0159	src/pass13.c
06046136	34	Passive13_0160	src/pass13.c
06046158	34	Passive13_0161	src/pass13.c
0604617A	66	Passive13_0162	src/pass13.c
060461BC	64	Passive13_0163	src/pass13.c
060461FC	24	Passive14	src/pass14.c
06046214	52	Passive14_0000	src/pass14.c
06046248	40	Passive14_0001	src/pass14.c
06046270	82	Passive14_0002	src/pass14.c
060462C2	82	Passive14_0003	src/pass14.c
06046314	134	Passive14_0004	src/pass14.c
0604639A	84	Passive14_0005	src/pass14.c
060463EE	84	Passive14_0006	src/pass14.c
06046442	114	Passive14_0007	src/pass14.c
060464B4	64	Passive14_0008	src/pass14.c
060464F4	104	Passive14_0009	src/pass14.c
0604655C	126	Passive14_0010	src/pass14.c
060465DA	194	Passive14_0011	src/pass14.c
0604669C	90	Passive14_0012	src/pass14.c
060466F6	76	Passive14_0013	src/pass14.c
06046742	76	Passive14_0014	src/pass14.c
0604678E	124	Passive14_0015	src/pass14.c
0604680A	226	Passive14_0016	src/pass14.c
060468EC	138	Passive14_0017	src/pass14.c
06046976	104	Passive14_0018	src/pass14.c
060469DE	110	Passive14_0019	src/pass14.c
06046A4C	82	Passive14_0020	src/pass14.c
06046A9E	132	Passive14_0021	src/pass14.c
06046B22	76	Passive14_0022	src/pass14.c
06046B6E	146	Passive14_0023	src/pass14.c
06046C00	138	Passive14_0024	src/pass14.c
06046C8A	152	Passive14_0025	src/pass14.c
06046D22	112	Passive14_0026	src/pass14.c
06046D92	138	Passive14_0027	src/pass14.c
06046E1C	168	Passive14_0028	src/pass14.c
06046EC4	210	Passive14_0029	src/pass14.c
06046F96	226	Passive14_0030	src/pass14.c
06047078	132	Passive14_0031	src/pass14.c
060470FC	144	Passive14_0032	src/pass14.c
0604718C	132	Passive14_0033	src/pass14.c
06047210	192	Passive14_0034	src/pass14.c
060472D0	208	Passive14_0035	src/pass14.c
060473A0	72	Passive14_0036	src/pass14.c
060473E8	98	Passive14_0037	src/pass14.c
0604744A	72	Passive14_0038	src/pass14.c
06047492	98	Passive14_0039	src/pass14.c
060474F4	134	Passive14_0040	src/pass14.c
0604757A	104	Passive14_0041	src/pass14.c
060475E2	66	Passive14_0042	src/pass14.c
06047624	102	Passive14_0043	src/pass14.c
0604768A	66	Passive14_0044	src/pass14.c
060476CC	160	Passive14_0045	src/pass14.c
0604776C	146	Passive14_0046	src/pass14.c
060477FE	184	Passive14_0047	src/pass14.c
060478B6	66	Passive14_0048	src/pass14.c
060478F8	68	Passive14_0049	src/pass14.c
0604793C	122	Passive14_0050	src/pass14.c
060479B6	92	Passive14_0051	src/pass14.c
06047A12	44	Passive14_0052	src/pass14.c
06047A3E	30	Passive14_0053	src/pass14.c
06047A5C	32	Passive14_0054	src/pass14.c
06047A7C	72	Passive14_0055	src/pass14.c
06047AC4	44	Passive14_0056	src/pass14.c
06047AF0	46	Passive14_0057	src/pass14.c
06047B1E	44	Passive14_0058	src/pass14.c
06047B4A	46	Passive14_0059	src/pass14.c
06047B78	72	Passive14_0060	src/pass14.c
06047BC0	44	Passive14_0061	src/pass14.c
06047BEC	78	Passive14_0062	src/pass14.c
06047C3A	56	Passive14_0063	src/pass14.c
06047C72	78	Passive14_0064	src/pass14.c
06047CC0	44	Passive14_0065	src/pass14.c
06047CEC	78	Passive14_0066	src/pass14.c
06047D3A	44	Passive14_0067	src/pass14.c
06047D66	152	Passive14_0068	src/pass14.c
06047DFE	86	Passive14_0069	src/pass14.c
06047E54	128	Passive14_0070	src/pass14.c
06047ED4	56	Passive14_0071	src/pass14.c
06047F0C	58	Passive14_0072	src/pass14.c
06047F46	122	Passive14_0073	src/pass14.c
06047FC0	86	Passive14_0074	src/pass14.c
06048016	86	Passive14_0075	src/pass14.c
0604806C	86	Passive14_0076	src/pass14.c
060480C2	144	Passive14_0077	src/pass14.c
06048152	56	Passive14_0078	src/pass14.c
0604818A	50	Passive14_0079	src/pass14.c
060481BC	108	Passive14_0080	src/pass14.c
06048228	136	Passive14_0081	src/pass14.c
060482B0	176	Passive14_0082	src/pass14.c
06048360	136	Passive14_0083	src/pass14.c
060483E8	174	Passive14_0084	src/pass14.c
06048496	98	Passive14_0085	src/pass14.c
060484F8	88	Passive14_0086	src/pass14.c
06048550	64	Passive14_0087	src/pass14.c
06048590	64	Passive14_0088	src/pass14.c
060485D0	64	Passive14_0089	src/pass14.c
06048610	88	Passive14_0090	src/pass14.c
06048668	86	Passive14_0091	src/pass14.c
060486BE	86	Passive14_0092	src/pass14.c
06048714	110	Passive14_0093	src/pass14.c
06048782	90	Passive14_0094	src/pass14.c
060487DC	140	Passive14_0095	src/pass14.c
06048868	108	Passive14_0096	src/pass14.c
060488D4	72	Passive14_0097	src/pass14.c
0604891C	84	Passive14_0098	src/pass14.c
06048970	44	Passive14_0099	src/pass14.c
0604899C	44	Passive14_0100	src/pass14.c
060489C8	70	Passive14_0101	src/pass14.c
06048A0E	96	Passive14_0102	src/pass14.c
06048A6E	74	Passive14_0103	src/pass14.c
06048AB8	136	Passive14_0104	src/pass14.c
06048B40	66	Passive14_0105	src/pass14.c
06048B82	66	Passive14_0106	src/pass14.c
06048BC4	30	Passive14_0107	src/pass14.c
06048BE2	44	Passive14_0108	src/pass14.c
06048C0E	44	Passive14_0109	src/pass14.c
06048C3A	68	Passive14_0110	src/pass14.c
06048C7E	44	Passive14_0111	src/pass14.c
06048CAA	78	Passive14_0112	src/pass14.c
06048CF8	74	Passive14_0113	src/pass14.c
06048D42	106	Passive14_0114	src/pass14.c
06048DAC	74	Passive14_0115	src/pass14.c
06048DF6	74	Passive14_0116	src/pass14.c
06048E40	92	Passive14_0117	src/pass14.c
06048E9C	74	Passive14_0118	src/pass14.c
06048EE6	74	Passive14_0119	src/pass14.c
06048F30	74	Passive14_0120	src/pass14.c
06048F7A	92	Passive14_0121	src/pass14.c
06048FD6	58	Passive14_0122	src/pass14.c
06049010	58	Passive14_0123	src/pass14.c
0604904A	58	Passive14_0124	src/pass14.c
06049084	84	Passive14_0125	src/pass14.c
060490D8	84	Passive14_0126	src/pass14.c
0604912C	72	Passive14_0127	src/pass14.c
06049174	72	Passive14_0128	src/pass14.c
060491BC	72	Passive14_0129	src/pass14.c
06049204	46	Passive14_0130	src/pass14.c
06049232	56	Passive14_0131	src/pass14.c
0604926A	50	Passive14_0132	src/pass14.c
0604929C	50	Passive14_0133	src/pass14.c
060492CE	82	Passive14_0134	src/pass14.c
06049320	50	Passive14_0135	src/pass14.c
06049352	50	Passive14_0136	src/pass14.c
06049384	50	Passive14_0137	src/pass14.c
060493B6	58	Passive14_0138	src/pass14.c
060493F0	88	Passive14_0139	src/pass14.c
06049448	72	Passive14_0140	src/pass14.c
06049490	72	Passive14_0141	src/pass14.c
060494D8	72	Passive14_0142	src/pass14.c
06049520	106	Passive14_0143	src/pass14.c
0604958A	50	Passive14_0144	src/pass14.c
060495BC	82	Passive14_0145	src/pass14.c
0604960E	130	Passive14_0146	src/pass14.c
06049690	162	Passive14_0147	src/pass14.c
06049732	86	Passive14_0148	src/pass14.c
06049788	58	Passive14_0149	src/pass14.c
060497C2	114	Passive14_0150	src/pass14.c
06049834	136	Passive14_0151	src/pass14.c
060498BC	202	Passive14_0152	src/pass14.c
06049986	34	Passive14_0153	src/pass14.c
060499A8	68	Passive14_0154	src/pass14.c
060499EC	176	Passive14_0155	src/pass14.c
06049A9C	200	Passive14_0156	src/pass14.c
06049B64	118	Passive14_0157	src/pass14.c
06049BDA	212	Passive14_0158	src/pass14.c
06049CAE	104	Passive14_0159	src/pass14.c
06049D16	180	Passive14_0160	src/pass14.c
06049DCA	104	Passive14_0161	src/pass14.c
06049E32	180	Passive14_0162	src/pass14.c
06049EE6	50	Passive14_0163	src/pass14.c
06049F18	168	Passive14_0164	src/pass14.c
06049FC0	108	Passive14_0165	src/pass14.c
0604A02C	80	Passive14_0166	src/pass14.c
0604A07C	164	Passive14_0167	src/pass14.c
0604A120	212	Passive14_0168	src/pass14.c
0604A1F4	148	Passive14_0169	src/pass14.c
0604A288	204	Passive14_0170	src/pass14.c
0604A354	196	Passive14_0171	src/pass14.c
0604A418	114	Passive14_0172	src/pass14.c
0604A48A	184	Passive14_0173	src/pass14.c
0604A542	134	Passive14_0174	src/pass14.c
0604A5C8	188	Passive14_0175	src/pass14.c
0604A684	134	Passive14_0176	src/pass14.c
0604A70A	104	Passive14_0177	src/pass14.c
0604A772	114	Passive14_0178	src/pass14.c
0604A7E4	188	Passive14_0179	src/pass14.c
0604A8A0	184	Passive14_0180	src/pass14.c
0604A958	142	Passive14_0181	src/pass14.c
0604A9E6	184	Passive14_0182	src/pass14.c
0604AA9E	142	Passive14_0183	src/pass14.c
0604AB2C	152	Passive14_0184	src/pass14.c
0604ABC4	138	Passive14_0185	src/pass14.c
0604AC4E	130	Passive14_0186	src/pass14.c
0604ACD0	104	Passive14_0187	src/pass14.c
0604AD38	176	Passive14_0188	src/pass14.c
0604ADE8	134	Passive14_0189	src/pass14.c
0604AE6E	122	Passive14_0190	src/pass14.c
0604AEE8	142	Passive14_0191	src/pass14.c
0604AF76	198	Passive14_0192	src/pass14.c
0604B03C	74	Passive14_0193	src/pass14.c
0604B086	60	Passive14_0194	src/pass14.c
0604B0C2	118	Passive14_0195	src/pass14.c
0604B138	60	Passive14_0196	src/pass14.c
0604B174	248	Passive14_0197	src/pass14.c
0604B26C	32	Passive14_0198	src/pass14.c
0604B28C	100	Passive14_0199	src/pass14.c
0604B2F0	152	Passive14_0200	src/pass14.c
0604B388	106	Passive14_0201	src/pass14.c
0604B3F2	134	Passive14_0202	src/pass14.c
0604B478	106	Passive14_0203	src/pass14.c
0604B4E2	80	Passive14_0204	src/pass14.c
0604B532	110	Passive14_0205	src/pass14.c
0604B5A0	80	Passive14_0206	src/pass14.c
0604B5F0	80	Passive14_0207	src/pass14.c
0604B640	154	Passive14_0208	src/pass14.c
0604B6DA	118	Passive14_0209	src/pass14.c
0604B750	152	Passive14_0210	src/pass14.c
0604B7E8	118	Passive14_0211	src/pass14.c
0604B85E	80	Passive14_0212	src/pass14.c
0604B8AE	128	Passive14_0213	src/pass14.c
0604B92E	84	Passive14_0214	src/pass14.c
0604B982	84	Passive14_0215	src/pass14.c
0604B9D6	84	Passive14_0216	src/pass14.c
0604BA2A	162	Passive14_0217	src/pass14.c
0604BACC	132	Passive14_0218	src/pass14.c
0604BB50	164	Passive14_0219	src/pass14.c
0604BBF4	132	Passive14_0220	src/pass14.c
0604BC78	168	Passive14_0221	src/pass14.c
0604BD20	176	Passive14_0222	src/pass14.c
0604BDD0	136	Passive14_0223	src/pass14.c
0604BE58	176	Passive14_0224	src/pass14.c
0604BF08	120	Passive14_0225	src/pass14.c
0604BF80	120	Passive14_0226	src/pass14.c
0604BFF8	120	Passive14_0227	src/pass14.c
0604C070	148	Passive14_0228	src/pass14.c
0604C104	120	Passive14_0229	src/pass14.c
0604C17C	170	Passive14_0230	src/pass14.c
0604C226	224	Passive14_0231	src/pass14.c
0604C306	42	Passive14_0232	src/pass14.c
0604C330	42	Passive14_0233	src/pass14.c
0604C35A	154	Passive14_0234	src/pass14.c
0604C3F4	98	Passive14_0235	src/pass14.c
0604C456	202	Passive14_0236	src/pass14.c
0604C520	76	Passive14_0237	src/pass14.c
0604C56C	74	Passive14_0238	src/pass14.c
0604C5B6	74	Passive14_0239	src/pass14.c
0604C600	74	Passive14_0240	src/pass14.c
0604C64A	182	Passive14_0241	src/pass14.c
0604C700	122	Passive14_0242	src/pass14.c
0604C77A	58	Passive14_0243	src/pass14.c
0604C7B4	176	Passive14_0244	src/pass14.c
0604C864	134	Passive14_0245	src/pass14.c
0604C8EA	168	Passive14_0246	src/pass14.c
0604C992	134	Passive14_0247	src/pass14.c
0604CA18	96	Passive14_0248	src/pass14.c
0604CA78	64	Passive14_0249	src/pass14.c
0604CAB8	58	Passive14_0250	src/pass14.c
0604CAF2	110	Passive14_0251	src/pass14.c
0604CB60	120	Passive14_0252	src/pass14.c
0604CBD8	24	Passive15	src/pass15.c
0604CBF0	52	Passive15_0000	src/pass15.c
0604CC24	40	Passive15_0001	src/pass15.c
0604CC4C	82	Passive15_0002	src/pass15.c
0604CC9E	82	Passive15_0003	src/pass15.c
0604CCF0	134	Passive15_0004	src/pass15.c
0604CD76	84	Passive15_0005	src/pass15.c
0604CDCA	84	Passive15_0006	src/pass15.c
0604CE1E	114	Passive15_0007	src/pass15.c
0604CE90	64	Passive15_0008	src/pass15.c
0604CED0	104	Passive15_0009	src/pass15.c
0604CF38	126	Passive15_0010	src/pass15.c
0604CFB6	194	Passive15_0011	src/pass15.c
0604D078	90	Passive15_0012	src/pass15.c
0604D0D2	76	Passive15_0013	src/pass15.c
0604D11E	76	Passive15_0014	src/pass15.c
0604D16A	124	Passive15_0015	src/pass15.c
0604D1E6	226	Passive15_0016	src/pass15.c
0604D2C8	138	Passive15_0017	src/pass15.c
0604D352	104	Passive15_0018	src/pass15.c
0604D3BA	110	Passive15_0019	src/pass15.c
0604D428	82	Passive15_0020	src/pass15.c
0604D47A	132	Passive15_0021	src/pass15.c
0604D4FE	76	Passive15_0022	src/pass15.c
0604D54A	146	Passive15_0023	src/pass15.c
0604D5DC	138	Passive15_0024	src/pass15.c
0604D666	112	Passive15_0025	src/pass15.c
0604D6D6	150	Passive15_0026	src/pass15.c
0604D76C	104	Passive15_0027	src/pass15.c
0604D7D4	202	Passive15_0028	src/pass15.c
0604D89E	210	Passive15_0029	src/pass15.c
0604D970	178	Passive15_0030	src/pass15.c
0604DA22	174	Passive15_0031	src/pass15.c
0604DAD0	104	Passive15_0032	src/pass15.c
0604DB38	172	Passive15_0033	src/pass15.c
0604DBE4	192	Passive15_0034	src/pass15.c
0604DCA4	208	Passive15_0035	src/pass15.c
0604DD74	72	Passive15_0036	src/pass15.c
0604DDBC	98	Passive15_0037	src/pass15.c
0604DE1E	72	Passive15_0038	src/pass15.c
0604DE66	98	Passive15_0039	src/pass15.c
0604DEC8	134	Passive15_0040	src/pass15.c
0604DF4E	104	Passive15_0041	src/pass15.c
0604DFB6	66	Passive15_0042	src/pass15.c
0604DFF8	102	Passive15_0043	src/pass15.c
0604E05E	66	Passive15_0044	src/pass15.c
0604E0A0	160	Passive15_0045	src/pass15.c
0604E140	146	Passive15_0046	src/pass15.c
0604E1D2	184	Passive15_0047	src/pass15.c
0604E28A	66	Passive15_0048	src/pass15.c
0604E2CC	68	Passive15_0049	src/pass15.c
0604E310	122	Passive15_0050	src/pass15.c
0604E38A	92	Passive15_0051	src/pass15.c
0604E3E6	44	Passive15_0052	src/pass15.c
0604E412	30	Passive15_0053	src/pass15.c
0604E430	32	Passive15_0054	src/pass15.c
0604E450	72	Passive15_0055	src/pass15.c
0604E498	44	Passive15_0056	src/pass15.c
0604E4C4	46	Passive15_0057	src/pass15.c
0604E4F2	44	Passive15_0058	src/pass15.c
0604E51E	46	Passive15_0059	src/pass15.c
0604E54C	72	Passive15_0060	src/pass15.c
0604E594	44	Passive15_0061	src/pass15.c
0604E5C0	78	Passive15_0062	src/pass15.c
0604E60E	56	Passive15_0063	src/pass15.c
0604E646	78	Passive15_0064	src/pass15.c
0604E694	44	Passive15_0065	src/pass15.c
0604E6C0	78	Passive15_0066	src/pass15.c
0604E70E	44	Passive15_0067	src/pass15.c
0604E73A	152	Passive15_0068	src/pass15.c
0604E7D2	86	Passive15_0069	src/pass15.c
0604E828	128	Passive15_0070	src/pass15.c
0604E8A8	56	Passive15_0071	src/pass15.c
0604E8E0	58	Passive15_0072	src/pass15.c
0604E91A	122	Passive15_0073	src/pass15.c
0604E994	86	Passive15_0074	src/pass15.c
0604E9EA	86	Passive15_0075	src/pass15.c
0604EA40	86	Passive15_0076	src/pass15.c
0604EA96	144	Passive15_0077	src/pass15.c
0604EB26	56	Passive15_0078	src/pass15.c
0604EB5E	50	Passive15_0079	src/pass15.c
0604EB90	108	Passive15_0080	src/pass15.c
0604EBFC	136	Passive15_0081	src/pass15.c
0604EC84	176	Passive15_0082	src/pass15.c
0604ED34	136	Passive15_0083	src/pass15.c
0604EDBC	174	Passive15_0084	src/pass15.c
0604EE6A	98	Passive15_0085	src/pass15.c
0604EECC	88	Passive15_0086	src/pass15.c
0604EF24	64	Passive15_0087	src/pass15.c
0604EF64	64	Passive15_0088	src/pass15.c
0604EFA4	64	Passive15_0089	src/pass15.c
0604EFE4	88	Passive15_0090	src/pass15.c
0604F03C	86	Passive15_0091	src/pass15.c
0604F092	86	Passive15_0092	src/pass15.c
0604F0E8	110	Passive15_0093	src/pass15.c
0604F156	92	Passive15_0094	src/pass15.c
0604F1B2	138	Passive15_0095	src/pass15.c
0604F23C	108	Passive15_0096	src/pass15.c
0604F2A8	72	Passive15_0097	src/pass15.c
0604F2F0	84	Passive15_0098	src/pass15.c
0604F344	44	Passive15_0099	src/pass15.c
0604F370	44	Passive15_0100	src/pass15.c
0604F39C	70	Passive15_0101	src/pass15.c
0604F3E2	96	Passive15_0102	src/pass15.c
0604F442	74	Passive15_0103	src/pass15.c
0604F48C	136	Passive15_0104	src/pass15.c
0604F514	66	Passive15_0105	src/pass15.c
0604F556	66	Passive15_0106	src/pass15.c
0604F598	30	Passive15_0107	src/pass15.c
0604F5B6	44	Passive15_0108	src/pass15.c
0604F5E2	44	Passive15_0109	src/pass15.c
0604F60E	68	Passive15_0110	src/pass15.c
0604F652	44	Passive15_0111	src/pass15.c
0604F67E	78	Passive15_0112	src/pass15.c
0604F6CC	74	Passive15_0113	src/pass15.c
0604F716	106	Passive15_0114	src/pass15.c
0604F780	74	Passive15_0115	src/pass15.c
0604F7CA	74	Passive15_0116	src/pass15.c
0604F814	92	Passive15_0117	src/pass15.c
0604F870	74	Passive15_0118	src/pass15.c
0604F8BA	74	Passive15_0119	src/pass15.c
0604F904	74	Passive15_0120	src/pass15.c
0604F94E	92	Passive15_0121	src/pass15.c
0604F9AA	58	Passive15_0122	src/pass15.c
0604F9E4	58	Passive15_0123	src/pass15.c
0604FA1E	58	Passive15_0124	src/pass15.c
0604FA58	84	Passive15_0125	src/pass15.c
0604FAAC	84	Passive15_0126	src/pass15.c
0604FB00	72	Passive15_0127	src/pass15.c
0604FB48	72	Passive15_0128	src/pass15.c
0604FB90	76	Passive15_0129	src/pass15.c
0604FBDC	46	Passive15_0130	src/pass15.c
0604FC0A	56	Passive15_0131	src/pass15.c
0604FC42	50	Passive15_0132	src/pass15.c
0604FC74	50	Passive15_0133	src/pass15.c
0604FCA6	82	Passive15_0134	src/pass15.c
0604FCF8	50	Passive15_0135	src/pass15.c
0604FD2A	50	Passive15_0136	src/pass15.c
0604FD5C	50	Passive15_0137	src/pass15.c
0604FD8E	58	Passive15_0138	src/pass15.c
0604FDC8	88	Passive15_0139	src/pass15.c
0604FE20	72	Passive15_0140	src/pass15.c
0604FE68	72	Passive15_0141	src/pass15.c
0604FEB0	72	Passive15_0142	src/pass15.c
0604FEF8	106	Passive15_0143	src/pass15.c
0604FF62	50	Passive15_0144	src/pass15.c
0604FF94	82	Passive15_0145	src/pass15.c
0604FFE6	130	Passive15_0146	src/pass15.c
06050068	162	Passive15_0147	src/pass15.c
0605010A	86	Passive15_0148	src/pass15.c
06050160	58	Passive15_0149	src/pass15.c
0605019A	114	Passive15_0150	src/pass15.c
0605020C	136	Passive15_0151	src/pass15.c
06050294	202	Passive15_0152	src/pass15.c
0605035E	34	Passive15_0153	src/pass15.c
06050380	68	Passive15_0154	src/pass15.c
060503C4	176	Passive15_0155	src/pass15.c
06050474	200	Passive15_0156	src/pass15.c
0605053C	118	Passive15_0157	src/pass15.c
060505B2	212	Passive15_0158	src/pass15.c
06050686	104	Passive15_0159	src/pass15.c
060506EE	180	Passive15_0160	src/pass15.c
060507A2	104	Passive15_0161	src/pass15.c
0605080A	180	Passive15_0162	src/pass15.c
060508BE	50	Passive15_0163	src/pass15.c
060508F0	168	Passive15_0164	src/pass15.c
06050998	108	Passive15_0165	src/pass15.c
06050A04	80	Passive15_0166	src/pass15.c
06050A54	164	Passive15_0167	src/pass15.c
06050AF8	212	Passive15_0168	src/pass15.c
06050BCC	148	Passive15_0169	src/pass15.c
06050C60	204	Passive15_0170	src/pass15.c
06050D2C	196	Passive15_0171	src/pass15.c
06050DF0	114	Passive15_0172	src/pass15.c
06050E62	184	Passive15_0173	src/pass15.c
06050F1A	134	Passive15_0174	src/pass15.c
06050FA0	188	Passive15_0175	src/pass15.c
0605105C	134	Passive15_0176	src/pass15.c
060510E2	104	Passive15_0177	src/pass15.c
0605114A	114	Passive15_0178	src/pass15.c
060511BC	188	Passive15_0179	src/pass15.c
06051278	184	Passive15_0180	src/pass15.c
06051330	142	Passive15_0181	src/pass15.c
060513BE	184	Passive15_0182	src/pass15.c
06051476	142	Passive15_0183	src/pass15.c
06051504	152	Passive15_0184	src/pass15.c
0605159C	138	Passive15_0185	src/pass15.c
06051626	130	Passive15_0186	src/pass15.c
060516A8	104	Passive15_0187	src/pass15.c
06051710	176	Passive15_0188	src/pass15.c
060517C0	134	Passive15_0189	src/pass15.c
06051846	122	Passive15_0190	src/pass15.c
060518C0	142	Passive15_0191	src/pass15.c
0605194E	198	Passive15_0192	src/pass15.c
06051A14	74	Passive15_0193	src/pass15.c
06051A5E	60	Passive15_0194	src/pass15.c
06051A9A	118	Passive15_0195	src/pass15.c
06051B10	60	Passive15_0196	src/pass15.c
06051B4C	248	Passive15_0197	src/pass15.c
06051C44	32	Passive15_0198	src/pass15.c
06051C64	100	Passive15_0199	src/pass15.c
06051CC8	152	Passive15_0200	src/pass15.c
06051D60	106	Passive15_0201	src/pass15.c
06051DCA	134	Passive15_0202	src/pass15.c
06051E50	106	Passive15_0203	src/pass15.c
06051EBA	80	Passive15_0204	src/pass15.c
06051F0A	110	Passive15_0205	src/pass15.c
06051F78	80	Passive15_0206	src/pass15.c
06051FC8	80	Passive15_0207	src/pass15.c
06052018	154	Passive15_0208	src/pass15.c
060520B2	118	Passive15_0209	src/pass15.c
06052128	152	Passive15_0210	src/pass15.c
060521C0	118	Passive15_0211	src/pass15.c
06052236	80	Passive15_0212	src/pass15.c
06052286	128	Passive15_0213	src/pass15.c
06052306	84	Passive15_0214	src/pass15.c
0605235A	84	Passive15_0215	src/pass15.c
060523AE	84	Passive15_0216	src/pass15.c
06052402	162	Passive15_0217	src/pass15.c
060524A4	132	Passive15_0218	src/pass15.c
06052528	164	Passive15_0219	src/pass15.c
060525CC	132	Passive15_0220	src/pass15.c
06052650	168	Passive15_0221	src/pass15.c
060526F8	176	Passive15_0222	src/pass15.c
060527A8	136	Passive15_0223	src/pass15.c
06052830	176	Passive15_0224	src/pass15.c
060528E0	120	Passive15_0225	src/pass15.c
06052958	120	Passive15_0226	src/pass15.c
060529D0	120	Passive15_0227	src/pass15.c
06052A48	148	Passive15_0228	src/pass15.c
06052ADC	120	Passive15_0229	src/pass15.c
06052B54	170	Passive15_0230	src/pass15.c
06052BFE	224	Passive15_0231	src/pass15.c
06052CDE	42	Passive15_0232	src/pass15.c
06052D08	42	Passive15_0233	src/pass15.c
06052D32	154	Passive15_0234	src/pass15.c
06052DCC	98	Passive15_0235	src/pass15.c
06052E2E	202	Passive15_0236	src/pass15.c
06052EF8	76	Passive15_0237	src/pass15.c
06052F44	74	Passive15_0238	src/pass15.c
06052F8E	74	Passive15_0239	src/pass15.c
06052FD8	74	Passive15_0240	src/pass15.c
06053022	182	Passive15_0241	src/pass15.c
060530D8	122	Passive15_0242	src/pass15.c
06053152	58	Passive15_0243	src/pass15.c
0605318C	176	Passive15_0244	src/pass15.c
0605323C	134	Passive15_0245	src/pass15.c
060532C2	168	Passive15_0246	src/pass15.c
0605336A	134	Passive15_0247	src/pass15.c
060533F0	112	Passive15_0248	src/pass15.c
06053460	24	Passive16	src/pass16.c
06053478	52	Passive16_0000	src/pass16.c
060534AC	40	Passive16_0001	src/pass16.c
060534D4	106	Passive16_0002	src/pass16.c
0605353E	86	Passive16_0003	src/pass16.c
06053594	66	Passive16_0004	src/pass16.c
060535D6	30	Passive16_0005	src/pass16.c
060535F4	68	Passive16_0006	src/pass16.c
06053638	64	Passive16_0007	src/pass16.c
06053678	82	Passive16_0008	src/pass16.c
060536CA	50	Passive16_0009	src/pass16.c
060536FC	50	Passive16_0010	src/pass16.c
0605372E	66	Passive16_0011	src/pass16.c
06053770	32	Passive16_0012	src/pass16.c
06053790	102	Passive16_0013	src/pass16.c
060537F6	54	Passive16_0014	src/pass16.c
0605382C	32	Passive16_0015	src/pass16.c
0605384C	140	Passive16_0016	src/pass16.c
060538D8	78	Passive16_0017	src/pass16.c
06053926	120	Passive16_0018	src/pass16.c
0605399E	72	Passive16_0019	src/pass16.c
060539E6	32	Passive16_0020	src/pass16.c
06053A06	64	Passive16_0021	src/pass16.c
06053A46	142	Passive16_0022	src/pass16.c
06053AD4	96	Passive16_0023	src/pass16.c
06053B34	124	Passive16_0024	src/pass16.c
06053BB0	88	Passive16_0025	src/pass16.c
06053C08	68	Passive16_0026	src/pass16.c
06053C4C	112	Passive16_0027	src/pass16.c
06053CBC	50	Passive16_0028	src/pass16.c
06053CEE	40	Passive16_0029	src/pass16.c
06053D16	70	Passive16_0030	src/pass16.c
06053D5C	48	Passive16_0031	src/pass16.c
06053D8C	114	Passive16_0032	src/pass16.c
06053DFE	56	Passive16_0033	src/pass16.c
06053E36	64	Passive16_0034	src/pass16.c
06053E76	98	Passive16_0035	src/pass16.c
06053ED8	78	Passive16_0036	src/pass16.c
06053F26	82	Passive16_0037	src/pass16.c
06053F78	116	Passive16_0038	src/pass16.c
06053FEC	78	Passive16_0039	src/pass16.c
0605403A	96	Passive16_0040	src/pass16.c
0605409A	108	Passive16_0041	src/pass16.c
06054106	50	Passive16_0042	src/pass16.c
06054138	78	Passive16_0043	src/pass16.c
06054186	94	Passive16_0044	src/pass16.c
060541E4	114	Passive16_0045	src/pass16.c
06054256	32	Passive16_0046	src/pass16.c
06054276	64	Passive16_0047	src/pass16.c
060542B6	42	Passive16_0048	src/pass16.c
060542E0	110	Passive16_0049	src/pass16.c
0605434E	68	Passive16_0050	src/pass16.c
06054392	44	Passive16_0051	src/pass16.c
060543BE	32	Passive16_0052	src/pass16.c
060543DE	34	Passive16_0053	src/pass16.c
06054400	94	Passive16_0054	src/pass16.c
0605445E	50	Passive16_0055	src/pass16.c
06054490	66	Passive16_0056	src/pass16.c
060544D2	66	Passive16_0057	src/pass16.c
06054514	32	Passive16_0058	src/pass16.c
06054534	86	Passive16_0059	src/pass16.c
0605458A	30	Passive16_0060	src/pass16.c
060545A8	72	Passive16_0061	src/pass16.c
060545F0	60	Passive16_0062	src/pass16.c
0605462C	100	Passive16_0063	src/pass16.c
06054690	32	Passive16_0064	src/pass16.c
060546B0	108	Passive16_0065	src/pass16.c
0605471C	142	Passive16_0066	src/pass16.c
060547AA	44	Passive16_0067	src/pass16.c
060547D6	66	Passive16_0068	src/pass16.c
06054818	50	Passive16_0069	src/pass16.c
0605484A	46	Passive16_0070	src/pass16.c
06054878	112	Passive16_0071	src/pass16.c
060548E8	96	Passive16_0072	src/pass16.c
06054948	80	Passive16_0073	src/pass16.c
06054998	118	Passive16_0074	src/pass16.c
06054A0E	108	Passive16_0075	src/pass16.c
06054A7A	178	Passive16_0076	src/pass16.c
06054B2C	80	Passive16_0077	src/pass16.c
06054B7C	132	Passive16_0078	src/pass16.c
06054C00	82	Passive16_0079	src/pass16.c
06054C52	80	Passive16_0080	src/pass16.c
06054CA2	126	Passive16_0081	src/pass16.c
06054D20	80	Passive16_0082	src/pass16.c
06054D70	100	Passive16_0083	src/pass16.c
06054DD4	112	Passive16_0084	src/pass16.c
06054E44	62	Passive16_0085	src/pass16.c
06054E82	200	Passive16_0086	src/pass16.c
06054F4A	152	Passive16_0087	src/pass16.c
06054FE2	152	Passive16_0088	src/pass16.c
0605507A	50	Passive16_0089	src/pass16.c
060550AC	50	Passive16_0090	src/pass16.c
060550DE	50	Passive16_0091	src/pass16.c
06055110	120	Passive16_0092	src/pass16.c
06055188	42	Passive16_0093	src/pass16.c
060551B2	34	Passive16_0094	src/pass16.c
060551D4	72	Passive16_0095	src/pass16.c
0605521C	106	Passive16_0096	src/pass16.c
06055286	96	Passive16_0097	src/pass16.c
060552E6	164	Passive16_0098	src/pass16.c
0605538A	96	Passive16_0099	src/pass16.c
060553EA	106	Passive16_0100	src/pass16.c
06055454	134	Passive16_0101	src/pass16.c
060554DA	70	Passive16_0102	src/pass16.c
06055520	32	Passive16_0103	src/pass16.c
06055540	50	Passive16_0104	src/pass16.c
06055572	86	Passive16_0105	src/pass16.c
060555C8	50	Passive16_0106	src/pass16.c
060555FA	60	Passive16_0107	src/pass16.c
06055636	32	Passive16_0108	src/pass16.c
06055656	90	Passive16_0109	src/pass16.c
060556B0	60	Passive16_0110	src/pass16.c
060556EC	98	Passive16_0111	src/pass16.c
0605574E	82	Passive16_0112	src/pass16.c
060557A0	72	Passive16_0113	src/pass16.c
060557E8	78	Passive16_0114	src/pass16.c
06055836	66	Passive16_0115	src/pass16.c
06055878	110	Passive16_0116	src/pass16.c
060558E6	50	Passive16_0117	src/pass16.c
06055918	32	Passive16_0118	src/pass16.c
06055938	164	Passive16_0119	src/pass16.c
060559DC	66	Passive16_0120	src/pass16.c
06055A1E	66	Passive16_0121	src/pass16.c
06055A60	66	Passive16_0122	src/pass16.c
06055AA2	66	Passive16_0123	src/pass16.c
06055AE4	80	Passive16_0124	src/pass16.c
06055B34	66	Passive16_0125	src/pass16.c
06055B76	68	Passive16_0126	src/pass16.c
06055BBA	32	Passive16_0127	src/pass16.c
06055BDA	98	Passive16_0128	src/pass16.c
06055C3C	50	Passive16_0129	src/pass16.c
06055C6E	50	Passive16_0130	src/pass16.c
06055CA0	50	Passive16_0131	src/pass16.c
06055CD2	54	Passive16_0132	src/pass16.c
06055D08	96	Passive16_0133	src/pass16.c
06055D68	50	Passive16_0134	src/pass16.c
06055D9A	64	Passive16_0135	src/pass16.c
06055DDA	64	Passive16_0136	src/pass16.c
06055E1A	106	Passive16_0137	src/pass16.c
06055E84	64	Passive16_0138	src/pass16.c
06055EC4	50	Passive16_0139	src/pass16.c
06055EF6	30	Passive16_0140	src/pass16.c
06055F14	68	Passive16_0141	src/pass16.c
06055F58	74	Passive16_0142	src/pass16.c
06055FA2	72	Passive16_0143	src/pass16.c
06055FEA	94	Passive16_0144	src/pass16.c
06056048	156	Passive16_0145	src/pass16.c
060560E4	112	Passive16_0146	src/pass16.c
06056154	116	Passive16_0147	src/pass16.c
060561C8	40	Passive16_0148	src/pass16.c
060561F0	66	Passive16_0149	src/pass16.c
06056232	82	Passive16_0150	src/pass16.c
06056284	72	Passive16_0151	src/pass16.c
060562CC	72	Passive16_0152	src/pass16.c
06056314	68	Passive16_0153	src/pass16.c
06056358	100	Passive16_0154	src/pass16.c
060563BC	66	Passive16_0155	src/pass16.c
060563FE	76	Passive16_0156	src/pass16.c
0605644A	34	Passive16_0157	src/pass16.c
0605646C	34	Passive16_0158	src/pass16.c
0605648E	70	Passive16_0159	src/pass16.c
060564D4	122	Passive16_0160	src/pass16.c
0605654E	82	Passive16_0161	src/pass16.c
060565A0	108	Passive16_0162	src/pass16.c
0605660C	100	Passive16_0163	src/pass16.c
06056670	24	Passive17	src/pass17.c
06056688	52	Passive17_0000	src/pass17.c
060566BC	40	Passive17_0001	src/pass17.c
060566E4	106	Passive17_0002	src/pass17.c
0605674E	86	Passive17_0003	src/pass17.c
060567A4	66	Passive17_0004	src/pass17.c
060567E6	30	Passive17_0005	src/pass17.c
06056804	68	Passive17_0006	src/pass17.c
06056848	96	Passive17_0007	src/pass17.c
060568A8	82	Passive17_0008	src/pass17.c
060568FA	50	Passive17_0009	src/pass17.c
0605692C	50	Passive17_0010	src/pass17.c
0605695E	102	Passive17_0011	src/pass17.c
060569C4	32	Passive17_0012	src/pass17.c
060569E4	66	Passive17_0013	src/pass17.c
06056A26	66	Passive17_0014	src/pass17.c
06056A68	68	Passive17_0015	src/pass17.c
06056AAC	108	Passive17_0016	src/pass17.c
06056B18	116	Passive17_0017	src/pass17.c
06056B8C	118	Passive17_0018	src/pass17.c
06056C02	32	Passive17_0019	src/pass17.c
06056C22	32	Passive17_0020	src/pass17.c
06056C42	98	Passive17_0021	src/pass17.c
06056CA4	116	Passive17_0022	src/pass17.c
06056D18	128	Passive17_0023	src/pass17.c
06056D98	80	Passive17_0024	src/pass17.c
06056DE8	156	Passive17_0025	src/pass17.c
06056E84	68	Passive17_0026	src/pass17.c
06056EC8	64	Passive17_0027	src/pass17.c
06056F08	50	Passive17_0028	src/pass17.c
06056F3A	90	Passive17_0029	src/pass17.c
06056F94	70	Passive17_0030	src/pass17.c
06056FDA	34	Passive17_0031	src/pass17.c
06056FFC	102	Passive17_0032	src/pass17.c
06057062	102	Passive17_0033	src/pass17.c
060570C8	94	Passive17_0034	src/pass17.c
06057126	66	Passive17_0035	src/pass17.c
06057168	106	Passive17_0036	src/pass17.c
060571D2	84	Passive17_0037	src/pass17.c
06057226	124	Passive17_0038	src/pass17.c
060572A2	112	Passive17_0039	src/pass17.c
06057312	88	Passive17_0040	src/pass17.c
0605736A	70	Passive17_0041	src/pass17.c
060573B0	92	Passive17_0042	src/pass17.c
0605740C	78	Passive17_0043	src/pass17.c
0605745A	124	Passive17_0044	src/pass17.c
060574D6	86	Passive17_0045	src/pass17.c
0605752C	32	Passive17_0046	src/pass17.c
0605754C	108	Passive17_0047	src/pass17.c
060575B8	42	Passive17_0048	src/pass17.c
060575E2	68	Passive17_0049	src/pass17.c
06057626	68	Passive17_0050	src/pass17.c
0605766A	80	Passive17_0051	src/pass17.c
060576BA	32	Passive17_0052	src/pass17.c
060576DA	50	Passive17_0053	src/pass17.c
0605770C	54	Passive17_0054	src/pass17.c
06057742	50	Passive17_0055	src/pass17.c
06057774	108	Passive17_0056	src/pass17.c
060577E0	66	Passive17_0057	src/pass17.c
06057822	32	Passive17_0058	src/pass17.c
06057842	50	Passive17_0059	src/pass17.c
06057874	30	Passive17_0060	src/pass17.c
06057892	138	Passive17_0061	src/pass17.c
0605791C	138	Passive17_0062	src/pass17.c
060579A6	76	Passive17_0063	src/pass17.c
060579F2	34	Passive17_0064	src/pass17.c
06057A14	146	Passive17_0065	src/pass17.c
06057AA6	94	Passive17_0066	src/pass17.c
06057B04	44	Passive17_0067	src/pass17.c
06057B30	66	Passive17_0068	src/pass17.c
06057B72	96	Passive17_0069	src/pass17.c
06057BD2	46	Passive17_0070	src/pass17.c
06057C00	72	Passive17_0071	src/pass17.c
06057C48	162	Passive17_0072	src/pass17.c
06057CEA	68	Passive17_0073	src/pass17.c
06057D2E	116	Passive17_0074	src/pass17.c
06057DA2	168	Passive17_0075	src/pass17.c
06057E4A	72	Passive17_0076	src/pass17.c
06057E92	122	Passive17_0077	src/pass17.c
06057F0C	90	Passive17_0078	src/pass17.c
06057F66	82	Passive17_0079	src/pass17.c
06057FB8	120	Passive17_0080	src/pass17.c
06058030	88	Passive17_0081	src/pass17.c
06058088	80	Passive17_0082	src/pass17.c
060580D8	130	Passive17_0083	src/pass17.c
0605815A	84	Passive17_0084	src/pass17.c
060581AE	66	Passive17_0085	src/pass17.c
060581F0	178	Passive17_0086	src/pass17.c
060582A2	146	Passive17_0087	src/pass17.c
06058334	146	Passive17_0088	src/pass17.c
060583C6	50	Passive17_0089	src/pass17.c
060583F8	50	Passive17_0090	src/pass17.c
0605842A	86	Passive17_0091	src/pass17.c
06058480	82	Passive17_0092	src/pass17.c
060584D2	42	Passive17_0093	src/pass17.c
060584FC	34	Passive17_0094	src/pass17.c
0605851E	102	Passive17_0095	src/pass17.c
06058584	70	Passive17_0096	src/pass17.c
060585CA	98	Passive17_0097	src/pass17.c
0605862C	168	Passive17_0098	src/pass17.c
060586D4	96	Passive17_0099	src/pass17.c
06058734	178	Passive17_0100	src/pass17.c
060587E6	86	Passive17_0101	src/pass17.c
0605883C	70	Passive17_0102	src/pass17.c
06058882	32	Passive17_0103	src/pass17.c
060588A2	114	Passive17_0104	src/pass17.c
06058914	72	Passive17_0105	src/pass17.c
0605895C	72	Passive17_0106	src/pass17.c
060589A4	96	Passive17_0107	src/pass17.c
06058A04	32	Passive17_0108	src/pass17.c
06058A24	90	Passive17_0109	src/pass17.c
06058A7E	60	Passive17_0110	src/pass17.c
06058ABA	138	Passive17_0111	src/pass17.c
06058B44	34	Passive17_0112	src/pass17.c
06058B66	72	Passive17_0113	src/pass17.c
06058BAE	80	Passive17_0114	src/pass17.c
06058BFE	100	Passive17_0115	src/pass17.c
06058C62	66	Passive17_0116	src/pass17.c
06058CA4	50	Passive17_0117	src/pass17.c
06058CD6	32	Passive17_0118	src/pass17.c
06058CF6	152	Passive17_0119	src/pass17.c
06058D8E	66	Passive17_0120	src/pass17.c
06058DD0	66	Passive17_0121	src/pass17.c
06058E12	66	Passive17_0122	src/pass17.c
06058E54	98	Passive17_0123	src/pass17.c
06058EB6	66	Passive17_0124	src/pass17.c
06058EF8	66	Passive17_0125	src/pass17.c
06058F3A	94	Passive17_0126	src/pass17.c
06058F98	68	Passive17_0127	src/pass17.c
06058FDC	88	Passive17_0128	src/pass17.c
06059034	50	Passive17_0129	src/pass17.c
06059066	86	Passive17_0130	src/pass17.c
060590BC	50	Passive17_0131	src/pass17.c
060590EE	54	Passive17_0132	src/pass17.c
06059124	64	Passive17_0133	src/pass17.c
06059164	50	Passive17_0134	src/pass17.c
06059196	116	Passive17_0135	src/pass17.c
0605920A	88	Passive17_0136	src/pass17.c
06059262	76	Passive17_0137	src/pass17.c
060592AE	128	Passive17_0138	src/pass17.c
0605932E	74	Passive17_0139	src/pass17.c
06059378	30	Passive17_0140	src/pass17.c
06059396	68	Passive17_0141	src/pass17.c
060593DA	74	Passive17_0142	src/pass17.c
06059424	72	Passive17_0143	src/pass17.c
0605946C	94	Passive17_0144	src/pass17.c
060594CA	120	Passive17_0145	src/pass17.c
06059542	140	Passive17_0146	src/pass17.c
060595CE	134	Passive17_0147	src/pass17.c
06059654	40	Passive17_0148	src/pass17.c
0605967C	66	Passive17_0149	src/pass17.c
060596BE	82	Passive17_0150	src/pass17.c
06059710	72	Passive17_0151	src/pass17.c
06059758	72	Passive17_0152	src/pass17.c
060597A0	68	Passive17_0153	src/pass17.c
060597E4	96	Passive17_0154	src/pass17.c
06059844	66	Passive17_0155	src/pass17.c
06059886	100	Passive17_0156	src/pass17.c
060598EA	34	Passive17_0157	src/pass17.c
0605990C	76	Passive17_0158	src/pass17.c
06059958	32	Passive17_0159	src/pass17.c
06059978	122	Passive17_0160	src/pass17.c
060599F2	110	Passive17_0161	src/pass17.c
06059A60	108	Passive17_0162	src/pass17.c
06059ACC	32	Passive17_0163	src/pass17.c
06059AEC	60	Passive17_0164	src/pass17.c
06059B28	66	Passive17_0165	src/pass17.c
06059B6A	90	Passive17_0166	src/pass17.c
06059BC4	24	Passive18	src/pass18.c
06059BDC	52	Passive18_0000	src/pass18.c
06059C10	40	Passive18_0001	src/pass18.c
06059C38	106	Passive18_0002	src/pass18.c
06059CA2	86	Passive18_0003	src/pass18.c
06059CF8	66	Passive18_0004	src/pass18.c
06059D3A	30	Passive18_0005	src/pass18.c
06059D58	68	Passive18_0006	src/pass18.c
06059D9C	96	Passive18_0007	src/pass18.c
06059DFC	82	Passive18_0008	src/pass18.c
06059E4E	50	Passive18_0009	src/pass18.c
06059E80	50	Passive18_0010	src/pass18.c
06059EB2	102	Passive18_0011	src/pass18.c
06059F18	32	Passive18_0012	src/pass18.c
06059F38	66	Passive18_0013	src/pass18.c
06059F7A	62	Passive18_0014	src/pass18.c
06059FB8	64	Passive18_0015	src/pass18.c
06059FF8	108	Passive18_0016	src/pass18.c
0605A064	116	Passive18_0017	src/pass18.c
0605A0D8	122	Passive18_0018	src/pass18.c
0605A152	32	Passive18_0019	src/pass18.c
0605A172	32	Passive18_0020	src/pass18.c
0605A192	100	Passive18_0021	src/pass18.c
0605A1F6	116	Passive18_0022	src/pass18.c
0605A26A	138	Passive18_0023	src/pass18.c
0605A2F4	80	Passive18_0024	src/pass18.c
0605A344	156	Passive18_0025	src/pass18.c
0605A3E0	68	Passive18_0026	src/pass18.c
0605A424	64	Passive18_0027	src/pass18.c
0605A464	50	Passive18_0028	src/pass18.c
0605A496	90	Passive18_0029	src/pass18.c
0605A4F0	70	Passive18_0030	src/pass18.c
0605A536	34	Passive18_0031	src/pass18.c
0605A558	72	Passive18_0032	src/pass18.c
0605A5A0	100	Passive18_0033	src/pass18.c
0605A604	64	Passive18_0034	src/pass18.c
0605A644	66	Passive18_0035	src/pass18.c
0605A686	78	Passive18_0036	src/pass18.c
0605A6D4	108	Passive18_0037	src/pass18.c
0605A740	94	Passive18_0038	src/pass18.c
0605A79E	114	Passive18_0039	src/pass18.c
0605A810	88	Passive18_0040	src/pass18.c
0605A868	70	Passive18_0041	src/pass18.c
0605A8AE	50	Passive18_0042	src/pass18.c
0605A8E0	114	Passive18_0043	src/pass18.c
0605A952	94	Passive18_0044	src/pass18.c
0605A9B0	70	Passive18_0045	src/pass18.c
0605A9F6	32	Passive18_0046	src/pass18.c
0605AA16	106	Passive18_0047	src/pass18.c
0605AA80	42	Passive18_0048	src/pass18.c
0605AAAA	68	Passive18_0049	src/pass18.c
0605AAEE	68	Passive18_0050	src/pass18.c
0605AB32	80	Passive18_0051	src/pass18.c
0605AB82	32	Passive18_0052	src/pass18.c
0605ABA2	50	Passive18_0053	src/pass18.c
0605ABD4	54	Passive18_0054	src/pass18.c
0605AC0A	50	Passive18_0055	src/pass18.c
0605AC3C	96	Passive18_0056	src/pass18.c
0605AC9C	68	Passive18_0057	src/pass18.c
0605ACE0	32	Passive18_0058	src/pass18.c
0605AD00	50	Passive18_0059	src/pass18.c
0605AD32	66	Passive18_0060	src/pass18.c
0605AD74	108	Passive18_0061	src/pass18.c
0605ADE0	88	Passive18_0062	src/pass18.c
0605AE38	90	Passive18_0063	src/pass18.c
0605AE92	32	Passive18_0064	src/pass18.c
0605AEB2	92	Passive18_0065	src/pass18.c
0605AF0E	64	Passive18_0066	src/pass18.c
0605AF4E	72	Passive18_0067	src/pass18.c
0605AF96	68	Passive18_0068	src/pass18.c
0605AFDA	50	Passive18_0069	src/pass18.c
0605B00C	44	Passive18_0070	src/pass18.c
0605B038	116	Passive18_0071	src/pass18.c
0605B0AC	96	Passive18_0072	src/pass18.c
0605B10C	82	Passive18_0073	src/pass18.c
0605B15E	108	Passive18_0074	src/pass18.c
0605B1CA	122	Passive18_0075	src/pass18.c
0605B244	108	Passive18_0076	src/pass18.c
0605B2B0	100	Passive18_0077	src/pass18.c
0605B314	90	Passive18_0078	src/pass18.c
0605B36E	118	Passive18_0079	src/pass18.c
0605B3E4	86	Passive18_0080	src/pass18.c
0605B43A	90	Passive18_0081	src/pass18.c
0605B494	110	Passive18_0082	src/pass18.c
0605B502	100	Passive18_0083	src/pass18.c
0605B566	84	Passive18_0084	src/pass18.c
0605B5BA	100	Passive18_0085	src/pass18.c
0605B61E	118	Passive18_0086	src/pass18.c
0605B694	150	Passive18_0087	src/pass18.c
0605B72A	118	Passive18_0088	src/pass18.c
0605B7A0	50	Passive18_0089	src/pass18.c
0605B7D2	50	Passive18_0090	src/pass18.c
0605B804	50	Passive18_0091	src/pass18.c
0605B836	80	Passive18_0092	src/pass18.c
0605B886	74	Passive18_0093	src/pass18.c
0605B8D0	34	Passive18_0094	src/pass18.c
0605B8F2	72	Passive18_0095	src/pass18.c
0605B93A	70	Passive18_0096	src/pass18.c
0605B980	140	Passive18_0097	src/pass18.c
0605BA0C	122	Passive18_0098	src/pass18.c
0605BA86	154	Passive18_0099	src/pass18.c
0605BB20	100	Passive18_0100	src/pass18.c
0605BB84	90	Passive18_0101	src/pass18.c
0605BBDE	112	Passive18_0102	src/pass18.c
0605BC4E	32	Passive18_0103	src/pass18.c
0605BC6E	50	Passive18_0104	src/pass18.c
0605BCA0	50	Passive18_0105	src/pass18.c
0605BCD2	86	Passive18_0106	src/pass18.c
0605BD28	60	Passive18_0107	src/pass18.c
0605BD64	32	Passive18_0108	src/pass18.c
0605BD84	90	Passive18_0109	src/pass18.c
0605BDDE	60	Passive18_0110	src/pass18.c
0605BE1A	98	Passive18_0111	src/pass18.c
0605BE7C	32	Passive18_0112	src/pass18.c
0605BE9C	72	Passive18_0113	src/pass18.c
0605BEE4	126	Passive18_0114	src/pass18.c
0605BF62	66	Passive18_0115	src/pass18.c
0605BFA4	66	Passive18_0116	src/pass18.c
0605BFE6	50	Passive18_0117	src/pass18.c
0605C018	32	Passive18_0118	src/pass18.c
0605C038	92	Passive18_0119	src/pass18.c
0605C094	66	Passive18_0120	src/pass18.c
0605C0D6	66	Passive18_0121	src/pass18.c
0605C118	66	Passive18_0122	src/pass18.c
0605C15A	82	Passive18_0123	src/pass18.c
0605C1AC	66	Passive18_0124	src/pass18.c
0605C1EE	66	Passive18_0125	src/pass18.c
0605C230	68	Passive18_0126	src/pass18.c
0605C274	32	Passive18_0127	src/pass18.c
0605C294	90	Passive18_0128	src/pass18.c
0605C2EE	50	Passive18_0129	src/pass18.c
0605C320	50	Passive18_0130	src/pass18.c
0605C352	50	Passive18_0131	src/pass18.c
0605C384	54	Passive18_0132	src/pass18.c
0605C3BA	94	Passive18_0133	src/pass18.c
0605C418	50	Passive18_0134	src/pass18.c
0605C44A	64	Passive18_0135	src/pass18.c
0605C48A	64	Passive18_0136	src/pass18.c
0605C4CA	102	Passive18_0137	src/pass18.c
0605C530	64	Passive18_0138	src/pass18.c
0605C570	50	Passive18_0139	src/pass18.c
0605C5A2	30	Passive18_0140	src/pass18.c
0605C5C0	34	Passive18_0141	src/pass18.c
0605C5E2	76	Passive18_0142	src/pass18.c
0605C62E	72	Passive18_0143	src/pass18.c
0605C676	94	Passive18_0144	src/pass18.c
0605C6D4	126	Passive18_0145	src/pass18.c
0605C752	110	Passive18_0146	src/pass18.c
0605C7C0	64	Passive18_0147	src/pass18.c
0605C800	90	Passive18_0148	src/pass18.c
0605C85A	64	Passive18_0149	src/pass18.c
0605C89A	82	Passive18_0150	src/pass18.c
0605C8EC	36	Passive18_0151	src/pass18.c
0605C910	104	Passive18_0152	src/pass18.c
0605C978	68	Passive18_0153	src/pass18.c
0605C9BC	72	Passive18_0154	src/pass18.c
0605CA04	96	Passive18_0155	src/pass18.c
0605CA64	76	Passive18_0156	src/pass18.c
0605CAB0	34	Passive18_0157	src/pass18.c
0605CAD2	34	Passive18_0158	src/pass18.c
0605CAF4	68	Passive18_0159	src/pass18.c
0605CB38	122	Passive18_0160	src/pass18.c
0605CBB2	82	Passive18_0161	src/pass18.c
0605CC04	108	Passive18_0162	src/pass18.c
0605CC70	64	Passive18_0163	src/pass18.c
0605CCB0	124	Passive18_0164	src/pass18.c
0605CD2C	76	Passive18_0165	src/pass18.c
0605CD78	106	Passive18_0166	src/pass18.c
0605CDE2	80	Passive18_0167	src/pass18.c
0605CE32	98	Passive18_0168	src/pass18.c
0605CE94	150	Passive18_0169	src/pass18.c
0605CF2A	146	Passive18_0170	src/pass18.c
0605CFBC	132	Passive18_0171	src/pass18.c
0605D040	88	Passive18_0172	src/pass18.c
0605D098	90	Passive18_0173	src/pass18.c
0605D0F2	122	Passive18_0174	src/pass18.c
0605D16C	82	Passive18_0175	src/pass18.c
0605D1BE	180	Passive18_0176	src/pass18.c
0605D272	142	Passive18_0177	src/pass18.c
0605D300	172	Passive18_0178	src/pass18.c
0605D3AC	64	Passive18_0179	src/pass18.c
0605D3EC	74	Passive18_0180	src/pass18.c
0605D436	98	Passive18_0181	src/pass18.c
0605D498	24	Passive19	src/pass19.c
0605D4B0	52	Passive19_0000	src/pass19.c
0605D4E4	40	Passive19_0001	src/pass19.c
0605D50C	74	Passive19_0002	src/pass19.c
0605D556	30	Passive19_0003	src/pass19.c
0605D574	66	Passive19_0004	src/pass19.c
0605D5B6	30	Passive19_0005	src/pass19.c
0605D5D4	130	Passive19_0006	src/pass19.c
0605D656	64	Passive19_0007	src/pass19.c
0605D696	82	Passive19_0008	src/pass19.c
0605D6E8	54	Passive19_0009	src/pass19.c
0605D71E	80	Passive19_0010	src/pass19.c
0605D76E	66	Passive19_0011	src/pass19.c
0605D7B0	32	Passive19_0012	src/pass19.c
0605D7D0	66	Passive19_0013	src/pass19.c
0605D812	106	Passive19_0014	src/pass19.c
0605D87C	32	Passive19_0015	src/pass19.c
0605D89C	106	Passive19_0016	src/pass19.c
0605D906	118	Passive19_0017	src/pass19.c
0605D97C	122	Passive19_0018	src/pass19.c
0605D9F6	32	Passive19_0019	src/pass19.c
0605DA16	32	Passive19_0020	src/pass19.c
0605DA36	100	Passive19_0021	src/pass19.c
0605DA9A	116	Passive19_0022	src/pass19.c
0605DB0E	134	Passive19_0023	src/pass19.c
0605DB94	80	Passive19_0024	src/pass19.c
0605DBE4	156	Passive19_0025	src/pass19.c
0605DC80	68	Passive19_0026	src/pass19.c
0605DCC4	64	Passive19_0027	src/pass19.c
0605DD04	50	Passive19_0028	src/pass19.c
0605DD36	90	Passive19_0029	src/pass19.c
0605DD90	84	Passive19_0030	src/pass19.c
0605DDE4	34	Passive19_0031	src/pass19.c
0605DE06	72	Passive19_0032	src/pass19.c
0605DE4E	106	Passive19_0033	src/pass19.c
0605DEB8	90	Passive19_0034	src/pass19.c
0605DF12	66	Passive19_0035	src/pass19.c
0605DF54	112	Passive19_0036	src/pass19.c
0605DFC4	98	Passive19_0037	src/pass19.c
0605E026	98	Passive19_0038	src/pass19.c
0605E088	136	Passive19_0039	src/pass19.c
0605E110	88	Passive19_0040	src/pass19.c
0605E168	128	Passive19_0041	src/pass19.c
0605E1E8	50	Passive19_0042	src/pass19.c
0605E21A	100	Passive19_0043	src/pass19.c
0605E27E	134	Passive19_0044	src/pass19.c
0605E304	72	Passive19_0045	src/pass19.c
0605E34C	32	Passive19_0046	src/pass19.c
0605E36C	64	Passive19_0047	src/pass19.c
0605E3AC	80	Passive19_0048	src/pass19.c
0605E3FC	84	Passive19_0049	src/pass19.c
0605E450	68	Passive19_0050	src/pass19.c
0605E494	44	Passive19_0051	src/pass19.c
0605E4C0	72	Passive19_0052	src/pass19.c
0605E508	50	Passive19_0053	src/pass19.c
0605E53A	54	Passive19_0054	src/pass19.c
0605E570	50	Passive19_0055	src/pass19.c
0605E5A2	66	Passive19_0056	src/pass19.c
0605E5E4	98	Passive19_0057	src/pass19.c
0605E646	32	Passive19_0058	src/pass19.c
0605E666	50	Passive19_0059	src/pass19.c
0605E698	30	Passive19_0060	src/pass19.c
0605E6B6	76	Passive19_0061	src/pass19.c
0605E702	110	Passive19_0062	src/pass19.c
0605E770	60	Passive19_0063	src/pass19.c
0605E7AC	32	Passive19_0064	src/pass19.c
0605E7CC	108	Passive19_0065	src/pass19.c
0605E838	112	Passive19_0066	src/pass19.c
0605E8A8	44	Passive19_0067	src/pass19.c
0605E8D4	66	Passive19_0068	src/pass19.c
0605E916	50	Passive19_0069	src/pass19.c
0605E948	100	Passive19_0070	src/pass19.c
0605E9AC	72	Passive19_0071	src/pass19.c
0605E9F4	106	Passive19_0072	src/pass19.c
0605EA5E	132	Passive19_0073	src/pass19.c
0605EAE2	72	Passive19_0074	src/pass19.c
0605EB2A	76	Passive19_0075	src/pass19.c
0605EB76	76	Passive19_0076	src/pass19.c
0605EBC2	102	Passive19_0077	src/pass19.c
0605EC28	90	Passive19_0078	src/pass19.c
0605EC82	82	Passive19_0079	src/pass19.c
0605ECD4	116	Passive19_0080	src/pass19.c
0605ED48	88	Passive19_0081	src/pass19.c
0605EDA0	112	Passive19_0082	src/pass19.c
0605EE10	100	Passive19_0083	src/pass19.c
0605EE74	84	Passive19_0084	src/pass19.c
0605EEC8	124	Passive19_0085	src/pass19.c
0605EF44	188	Passive19_0086	src/pass19.c
0605F000	134	Passive19_0087	src/pass19.c
0605F086	134	Passive19_0088	src/pass19.c
0605F10C	104	Passive19_0089	src/pass19.c
0605F174	74	Passive19_0090	src/pass19.c
0605F1BE	74	Passive19_0091	src/pass19.c
0605F208	112	Passive19_0092	src/pass19.c
0605F278	42	Passive19_0093	src/pass19.c
0605F2A2	34	Passive19_0094	src/pass19.c
0605F2C4	70	Passive19_0095	src/pass19.c
0605F30A	122	Passive19_0096	src/pass19.c
0605F384	98	Passive19_0097	src/pass19.c
0605F3E6	166	Passive19_0098	src/pass19.c
0605F48C	96	Passive19_0099	src/pass19.c
0605F4EC	88	Passive19_0100	src/pass19.c
0605F544	128	Passive19_0101	src/pass19.c
0605F5C4	70	Passive19_0102	src/pass19.c
0605F60A	32	Passive19_0103	src/pass19.c
0605F62A	50	Passive19_0104	src/pass19.c
0605F65C	50	Passive19_0105	src/pass19.c
0605F68E	50	Passive19_0106	src/pass19.c
0605F6C0	60	Passive19_0107	src/pass19.c
0605F6FC	32	Passive19_0108	src/pass19.c
0605F71C	90	Passive19_0109	src/pass19.c
0605F776	114	Passive19_0110	src/pass19.c
0605F7E8	98	Passive19_0111	src/pass19.c
0605F84A	32	Passive19_0112	src/pass19.c
0605F86A	72	Passive19_0113	src/pass19.c
0605F8B2	78	Passive19_0114	src/pass19.c
0605F900	94	Passive19_0115	src/pass19.c
0605F95E	66	Passive19_0116	src/pass19.c
0605F9A0	50	Passive19_0117	src/pass19.c
0605F9D2	32	Passive19_0118	src/pass19.c
0605F9F2	152	Passive19_0119	src/pass19.c
0605FA8A	66	Passive19_0120	src/pass19.c
0605FACC	66	Passive19_0121	src/pass19.c
0605FB0E	66	Passive19_0122	src/pass19.c
0605FB50	98	Passive19_0123	src/pass19.c
0605FBB2	66	Passive19_0124	src/pass19.c
0605FBF4	66	Passive19_0125	src/pass19.c
0605FC36	68	Passive19_0126	src/pass19.c
0605FC7A	54	Passive19_0127	src/pass19.c
0605FCB0	64	Passive19_0128	src/pass19.c
0605FCF0	70	Passive19_0129	src/pass19.c
0605FD36	70	Passive19_0130	src/pass19.c
0605FD7C	96	Passive19_0131	src/pass19.c
0605FDDC	54	Passive19_0132	src/pass19.c
0605FE12	90	Passive19_0133	src/pass19.c
0605FE6C	50	Passive19_0134	src/pass19.c
0605FE9E	106	Passive19_0135	src/pass19.c
0605FF08	64	Passive19_0136	src/pass19.c
0605FF48	76	Passive19_0137	src/pass19.c
0605FF94	64	Passive19_0138	src/pass19.c
0605FFD4	80	Passive19_0139	src/pass19.c
06060024	30	Passive19_0140	src/pass19.c
06060042	68	Passive19_0141	src/pass19.c
06060086	30	Passive19_0142	src/pass19.c
060600A4	72	Passive19_0143	src/pass19.c
060600EC	130	Passive19_0144	src/pass19.c
0606016E	94	Passive19_0145	src/pass19.c
060601CC	132	Passive19_0146	src/pass19.c
06060250	64	Passive19_0147	src/pass19.c
06060290	40	Passive19_0148	src/pass19.c
060602B8	66	Passive19_0149	src/pass19.c
060602FA	126	Passive19_0150	src/pass19.c
06060378	36	Passive19_0151	src/pass19.c
0606039C	72	Passive19_0152	src/pass19.c
060603E4	68	Passive19_0153	src/pass19.c
06060428	98	Passive19_0154	src/pass19.c
0606048A	64	Passive19_0155	src/pass19.c
060604CA	76	Passive19_0156	src/pass19.c
06060516	34	Passive19_0157	src/pass19.c
06060538	72	Passive19_0158	src/pass19.c
06060580	32	Passive19_0159	src/pass19.c
060605A0	122	Passive19_0160	src/pass19.c
0606061A	110	Passive19_0161	src/pass19.c
06060688	108	Passive19_0162	src/pass19.c
060606F4	80	Passive19_0163	src/pass19.c
06060744	68	Passive19_0164	src/pass19.c
06060788	64	Passive19_0165	src/pass19.c
060607C8	66	Passive19_0166	src/pass19.c
0606080A	74	Passive19_0167	src/pass19.c
06060854	108	Passive19_0168	src/pass19.c
060608C0	66	Passive19_0169	src/pass19.c
06060902	50	Passive19_0170	src/pass19.c
06060934	74	Passive19_0171	src/pass19.c
0606097E	74	Passive19_0172	src/pass19.c
060609C8	44	Passive19_0173	src/pass19.c
060609F4	32	Passive19_0174	src/pass19.c
06060A14	32	Passive19_0175	src/pass19.c
06060A34	96	Passive19_0176	src/pass19.c
06060A94	70	Passive19_0177	src/pass19.c
06060ADA	64	Passive19_0178	src/pass19.c
06060B1A	64	Passive19_0179	src/pass19.c
06060B5A	90	Passive19_0180	src/pass19.c
06060BB4	64	Passive19_0181	src/pass19.c
06060BF4	64	Passive19_0182	src/pass19.c
06060C34	84	Passive19_0183	src/pass19.c
06060C88	64	Passive19_0184	src/pass19.c
06060CC8	64	Passive19_0185	src/pass19.c
06060D08	64	Passive19_0186	src/pass19.c
06060D48	90	Passive19_0187	src/pass19.c
06060DA2	80	Passive19_0188	src/pass19.c
06060DF2	94	Passive19_0189	src/pass19.c
06060E50	98	Passive19_0190	src/pass19.c
06060EB2	58	Passive19_0191	src/pass19.c
06060EEC	72	Passive19_0192	src/pass19.c
06060F34	82	Passive19_0193	src/pass19.c
06060F86	32	Passive19_0194	src/pass19.c
06060FA6	70	Passive19_0195	src/pass19.c
06060FEC	90	Passive19_0196	src/pass19.c
06061046	50	Passive19_0197	src/pass19.c
06061078	74	Passive19_0198	src/pass19.c
060610C2	58	Passive19_0199	src/pass19.c
060610FC	118	Passive19_0200	src/pass19.c
06061172	58	Passive19_0201	src/pass19.c
060611AC	106	Passive19_0202	src/pass19.c
06061216	134	Passive19_0203	src/pass19.c
0606129C	24	Passive20	src/Passive20.c
060612B4	52	Passive20_0000	src/Passive20.c
060612E8	40	Passive20_0001	src/Passive20.c
06061310	106	Passive20_0002	src/Passive20.c
0606137A	86	Passive20_0003	src/Passive20.c
060613D0	66	Passive20_0004	src/Passive20.c
06061412	30	Passive20_0005	src/Passive20.c
06061430	68	Passive20_0006	src/Passive20.c
06061474	50	Passive20_0007	src/Passive20.c
060614A6	82	Passive20_0008	src/Passive20.c
060614F8	50	Passive20_0009	src/Passive20.c
0606152A	50	Passive20_0010	src/Passive20.c
0606155C	66	Passive20_0011	src/Passive20.c
0606159E	32	Passive20_0012	src/Passive20.c
060615BE	104	Passive20_0013	src/Passive20.c
06061626	50	Passive20_0014	src/Passive20.c
06061658	32	Passive20_0015	src/Passive20.c
06061678	144	Passive20_0016	src/Passive20.c
06061708	78	Passive20_0017	src/Passive20.c
06061756	120	Passive20_0018	src/Passive20.c
060617CE	72	Passive20_0019	src/Passive20.c
06061816	32	Passive20_0020	src/Passive20.c
06061836	64	Passive20_0021	src/Passive20.c
06061876	154	Passive20_0022	src/Passive20.c
06061910	96	Passive20_0023	src/Passive20.c
06061970	124	Passive20_0024	src/Passive20.c
060619EC	122	Passive20_0025	src/Passive20.c
06061A66	68	Passive20_0026	src/Passive20.c
06061AAA	106	Passive20_0027	src/Passive20.c
06061B14	50	Passive20_0028	src/Passive20.c
06061B46	56	Passive20_0029	src/Passive20.c
06061B7E	70	Passive20_0030	src/Passive20.c
06061BC4	72	Passive20_0031	src/Passive20.c
06061C0C	80	Passive20_0032	src/Passive20.c
06061C5C	58	Passive20_0033	src/Passive20.c
06061C96	64	Passive20_0034	src/Passive20.c
06061CD6	98	Passive20_0035	src/Passive20.c
06061D38	78	Passive20_0036	src/Passive20.c
06061D86	84	Passive20_0037	src/Passive20.c
06061DDA	120	Passive20_0038	src/Passive20.c
06061E52	82	Passive20_0039	src/Passive20.c
06061EA4	82	Passive20_0040	src/Passive20.c
06061EF6	84	Passive20_0041	src/Passive20.c
06061F4A	84	Passive20_0042	src/Passive20.c
06061F9E	76	Passive20_0043	src/Passive20.c
06061FEA	94	Passive20_0044	src/Passive20.c
06062048	110	Passive20_0045	src/Passive20.c
060620B6	32	Passive20_0046	src/Passive20.c
060620D6	64	Passive20_0047	src/Passive20.c
06062116	40	Passive20_0048	src/Passive20.c
0606213E	102	Passive20_0049	src/Passive20.c
060621A4	68	Passive20_0050	src/Passive20.c
060621E8	44	Passive20_0051	src/Passive20.c
06062214	32	Passive20_0052	src/Passive20.c
06062234	50	Passive20_0053	src/Passive20.c
06062266	90	Passive20_0054	src/Passive20.c
060622C0	50	Passive20_0055	src/Passive20.c
060622F2	66	Passive20_0056	src/Passive20.c
06062334	66	Passive20_0057	src/Passive20.c
06062376	32	Passive20_0058	src/Passive20.c
06062396	82	Passive20_0059	src/Passive20.c
060623E8	30	Passive20_0060	src/Passive20.c
06062406	72	Passive20_0061	src/Passive20.c
0606244E	88	Passive20_0062	src/Passive20.c
060624A6	128	Passive20_0063	src/Passive20.c
06062526	32	Passive20_0064	src/Passive20.c
06062546	114	Passive20_0065	src/Passive20.c
060625B8	100	Passive20_0066	src/Passive20.c
0606261C	44	Passive20_0067	src/Passive20.c
06062648	66	Passive20_0068	src/Passive20.c
0606268A	50	Passive20_0069	src/Passive20.c
060626BC	44	Passive20_0070	src/Passive20.c
060626E8	110	Passive20_0071	src/Passive20.c
06062756	82	Passive20_0072	src/Passive20.c
060627A8	82	Passive20_0073	src/Passive20.c
060627FA	128	Passive20_0074	src/Passive20.c
0606287A	72	Passive20_0075	src/Passive20.c
060628C2	108	Passive20_0076	src/Passive20.c
0606292E	110	Passive20_0077	src/Passive20.c
0606299C	90	Passive20_0078	src/Passive20.c
060629F6	82	Passive20_0079	src/Passive20.c
06062A48	112	Passive20_0080	src/Passive20.c
06062AB8	88	Passive20_0081	src/Passive20.c
06062B10	108	Passive20_0082	src/Passive20.c
06062B7C	100	Passive20_0083	src/Passive20.c
06062BE0	84	Passive20_0084	src/Passive20.c
06062C34	106	Passive20_0085	src/Passive20.c
06062C9E	134	Passive20_0086	src/Passive20.c
06062D24	134	Passive20_0087	src/Passive20.c
06062DAA	134	Passive20_0088	src/Passive20.c
06062E30	50	Passive20_0089	src/Passive20.c
06062E62	88	Passive20_0090	src/Passive20.c
06062EBA	50	Passive20_0091	src/Passive20.c
06062EEC	78	Passive20_0092	src/Passive20.c
06062F3A	42	Passive20_0093	src/Passive20.c
06062F64	68	Passive20_0094	src/Passive20.c
06062FA8	72	Passive20_0095	src/Passive20.c
06062FF0	84	Passive20_0096	src/Passive20.c
06063044	144	Passive20_0097	src/Passive20.c
060630D4	122	Passive20_0098	src/Passive20.c
0606314E	146	Passive20_0099	src/Passive20.c
060631E0	100	Passive20_0100	src/Passive20.c
06063244	88	Passive20_0101	src/Passive20.c
0606329C	112	Passive20_0102	src/Passive20.c
0606330C	32	Passive20_0103	src/Passive20.c
0606332C	50	Passive20_0104	src/Passive20.c
0606335E	50	Passive20_0105	src/Passive20.c
06063390	50	Passive20_0106	src/Passive20.c
060633C2	60	Passive20_0107	src/Passive20.c
060633FE	32	Passive20_0108	src/Passive20.c
0606341E	90	Passive20_0109	src/Passive20.c
06063478	60	Passive20_0110	src/Passive20.c
060634B4	152	Passive20_0111	src/Passive20.c
0606354C	34	Passive20_0112	src/Passive20.c
0606356E	72	Passive20_0113	src/Passive20.c
060635B6	78	Passive20_0114	src/Passive20.c
06063604	102	Passive20_0115	src/Passive20.c
0606366A	66	Passive20_0116	src/Passive20.c
060636AC	50	Passive20_0117	src/Passive20.c
060636DE	32	Passive20_0118	src/Passive20.c
060636FE	152	Passive20_0119	src/Passive20.c
06063796	66	Passive20_0120	src/Passive20.c
060637D8	66	Passive20_0121	src/Passive20.c
0606381A	66	Passive20_0122	src/Passive20.c
0606385C	98	Passive20_0123	src/Passive20.c
060638BE	66	Passive20_0124	src/Passive20.c
06063900	66	Passive20_0125	src/Passive20.c
06063942	68	Passive20_0126	src/Passive20.c
06063986	54	Passive20_0127	src/Passive20.c
060639BC	64	Passive20_0128	src/Passive20.c
060639FC	50	Passive20_0129	src/Passive20.c
06063A2E	50	Passive20_0130	src/Passive20.c
06063A60	50	Passive20_0131	src/Passive20.c
06063A92	86	Passive20_0132	src/Passive20.c
06063AE8	64	Passive20_0133	src/Passive20.c
06063B28	50	Passive20_0134	src/Passive20.c
06063B5A	64	Passive20_0135	src/Passive20.c
06063B9A	90	Passive20_0136	src/Passive20.c
06063BF4	76	Passive20_0137	src/Passive20.c
06063C40	64	Passive20_0138	src/Passive20.c
06063C80	50	Passive20_0139	src/Passive20.c
06063CB2	30	Passive20_0140	src/Passive20.c
06063CD0	108	Passive20_0141	src/Passive20.c
06063D3C	30	Passive20_0142	src/Passive20.c
06063D5A	72	Passive20_0143	src/Passive20.c
06063DA2	130	Passive20_0144	src/Passive20.c
06063E24	130	Passive20_0145	src/Passive20.c
06063EA6	134	Passive20_0146	src/Passive20.c
06063F2C	64	Passive20_0147	src/Passive20.c
06063F6C	40	Passive20_0148	src/Passive20.c
06063F94	66	Passive20_0149	src/Passive20.c
06063FD6	130	Passive20_0150	src/Passive20.c
06064058	36	Passive20_0151	src/Passive20.c
0606407C	72	Passive20_0152	src/Passive20.c
060640C4	68	Passive20_0153	src/Passive20.c
06064108	98	Passive20_0154	src/Passive20.c
0606416A	66	Passive20_0155	src/Passive20.c
060641AC	76	Passive20_0156	src/Passive20.c
060641F8	34	Passive20_0157	src/Passive20.c
0606421A	74	Passive20_0158	src/Passive20.c
06064264	32	Passive20_0159	src/Passive20.c
06064284	122	Passive20_0160	src/Passive20.c
060642FE	110	Passive20_0161	src/Passive20.c
0606436C	108	Passive20_0162	src/Passive20.c
060643D8	34	Passive20_0163	src/Passive20.c
060643FA	50	Passive20_0164	src/Passive20.c
0606442C	80	Passive20_0165	src/Passive20.c
0606447C	100	Passive20_0166	src/Passive20.c
060644E0	72	Passive20_0167	src/Passive20.c
06064528	82	Passive20_0168	src/Passive20.c
0606457A	82	Passive20_0169	src/Passive20.c
060645CC	96	Passive20_0170	src/Passive20.c
0606462C	110	Passive20_0171	src/Passive20.c
0606469A	30	Passive20_0172	src/Passive20.c
060646B8	30	Passive20_0173	src/Passive20.c
060646D6	66	Passive20_0174	src/Passive20.c
06064718	44	Passive20_0175	src/Passive20.c
06064744	24	Computer00	src/ACTIVE00.c
0606475C	40	Pattern00_0000	src/ACTIVE00.c
06064784	44	Pattern00_0001	src/ACTIVE00.c
060647B0	50	Pattern00_0002	src/ACTIVE00.c
060647E2	44	Pattern00_0003	src/ACTIVE00.c
0606480E	50	Pattern00_0004	src/ACTIVE00.c
06064840	88	Pattern00_0005	src/ACTIVE00.c
06064898	30	Pattern00_0006	src/ACTIVE00.c
060648B6	32	Pattern00_0007	src/ACTIVE00.c
060648D6	44	Pattern00_0008	src/ACTIVE00.c
06064902	54	Pattern00_0009	src/ACTIVE00.c
06064938	72	Pattern00_0010	src/ACTIVE00.c
06064980	44	Pattern00_0011	src/ACTIVE00.c
060649AC	32	Pattern00_0012	src/ACTIVE00.c
060649CC	32	Pattern00_0013	src/ACTIVE00.c
060649EC	66	Pattern00_0014	src/ACTIVE00.c
06064A2E	34	Pattern00_0015	src/ACTIVE00.c
06064A50	82	Pattern00_0016	src/ACTIVE00.c
06064AA2	50	Pattern00_0017	src/ACTIVE00.c
06064AD4	50	Pattern00_0018	src/ACTIVE00.c
06064B06	66	Pattern00_0019	src/ACTIVE00.c
06064B48	104	Pattern00_0020	src/ACTIVE00.c
06064BB0	66	Pattern00_0021	src/ACTIVE00.c
06064BF2	98	Pattern00_0022	src/ACTIVE00.c
06064C54	32	Pattern00_0023	src/ACTIVE00.c
06064C74	84	Pattern00_0024	src/ACTIVE00.c
06064CC8	48	Pattern00_0025	src/ACTIVE00.c
06064CF8	62	Pattern00_0026	src/ACTIVE00.c
06064D36	66	Pattern00_0027	src/ACTIVE00.c
06064D78	76	Pattern00_0028	src/ACTIVE00.c
06064DC4	64	Pattern00_0029	src/ACTIVE00.c
06064E04	68	Pattern00_0030	src/ACTIVE00.c
06064E48	64	Pattern00_0031	src/ACTIVE00.c
06064E88	72	Pattern00_0032	src/ACTIVE00.c
06064ED0	44	Pattern00_0033	src/ACTIVE00.c
06064EFC	80	Pattern00_0034	src/ACTIVE00.c
06064F4C	32	Pattern00_0035	src/ACTIVE00.c
06064F6C	32	Pattern00_0036	src/ACTIVE00.c
06064F8C	80	Pattern00_0037	src/ACTIVE00.c
06064FDC	78	Pattern00_0038	src/ACTIVE00.c
0606502A	64	Pattern00_0039	src/ACTIVE00.c
0606506A	102	Pattern00_0040	src/ACTIVE00.c
060650D0	64	Pattern00_0041	src/ACTIVE00.c
06065110	64	Pattern00_0042	src/ACTIVE00.c
06065150	66	Pattern00_0043	src/ACTIVE00.c
06065192	96	Pattern00_0044	src/ACTIVE00.c
060651F2	66	Pattern00_0045	src/ACTIVE00.c
06065234	56	Pattern00_0046	src/ACTIVE00.c
0606526C	56	Pattern00_0047	src/ACTIVE00.c
060652A4	56	Pattern00_0048	src/ACTIVE00.c
060652DC	76	Pattern00_0049	src/ACTIVE00.c
06065328	50	Pattern00_0050	src/ACTIVE00.c
0606535A	50	Pattern00_0051	src/ACTIVE00.c
0606538C	80	Pattern00_0052	src/ACTIVE00.c
060653DC	58	Pattern00_0053	src/ACTIVE00.c
06065416	80	Pattern00_0054	src/ACTIVE00.c
06065466	44	Pattern00_0055	src/ACTIVE00.c
06065492	82	Pattern00_0056	src/ACTIVE00.c
060654E4	120	Pattern00_0057	src/ACTIVE00.c
0606555C	40	Pattern00_0058	src/ACTIVE00.c
06065584	50	Pattern00_0059	src/ACTIVE00.c
060655B6	34	Pattern00_0060	src/ACTIVE00.c
060655D8	44	Pattern00_0061	src/ACTIVE00.c
06065604	32	Pattern00_0062	src/ACTIVE00.c
06065624	64	Pattern00_0063	src/ACTIVE00.c
06065664	30	Pattern00_0064	src/ACTIVE00.c
06065682	64	Pattern00_0065	src/ACTIVE00.c
060656C2	66	Pattern00_0066	src/ACTIVE00.c
06065704	144	Pattern00_0067	src/ACTIVE00.c
06065794	24	Computer01	src/active01.c
060657AC	40	Pattern01_0000	src/active01.c
060657D4	36	Pattern01_0001	src/active01.c
060657F8	64	Pattern01_0002	src/active01.c
06065838	44	Pattern01_0003	src/active01.c
06065864	94	Pattern01_0004	src/active01.c
060658C2	70	Pattern01_0005	src/active01.c
06065908	30	Pattern01_0006	src/active01.c
06065926	76	Pattern01_0007	src/active01.c
06065972	70	Pattern01_0008	src/active01.c
060659B8	54	Pattern01_0009	src/active01.c
060659EE	32	Pattern01_0010	src/active01.c
06065A0E	32	Pattern01_0011	src/active01.c
06065A2E	32	Pattern01_0012	src/active01.c
06065A4E	34	Pattern01_0013	src/active01.c
06065A70	98	Pattern01_0014	src/active01.c
06065AD2	34	Pattern01_0015	src/active01.c
06065AF4	34	Pattern01_0016	src/active01.c
06065B16	50	Pattern01_0017	src/active01.c
06065B48	50	Pattern01_0018	src/active01.c
06065B7A	74	Pattern01_0019	src/active01.c
06065BC4	72	Pattern01_0020	src/active01.c
06065C0C	66	Pattern01_0021	src/active01.c
06065C4E	50	Pattern01_0022	src/active01.c
06065C80	32	Pattern01_0023	src/active01.c
06065CA0	72	Pattern01_0024	src/active01.c
06065CE8	34	Pattern01_0025	src/active01.c
06065D0A	62	Pattern01_0026	src/active01.c
06065D48	30	Pattern01_0027	src/active01.c
06065D66	32	Pattern01_0028	src/active01.c
06065D86	110	Pattern01_0029	src/active01.c
06065DF4	44	Pattern01_0030	src/active01.c
06065E20	80	Pattern01_0031	src/active01.c
06065E70	64	Pattern01_0032	src/active01.c
06065EB0	100	Pattern01_0033	src/active01.c
06065F14	62	Pattern01_0034	src/active01.c
06065F52	32	Pattern01_0035	src/active01.c
06065F72	32	Pattern01_0036	src/active01.c
06065F92	66	Pattern01_0037	src/active01.c
06065FD4	88	Pattern01_0038	src/active01.c
0606602C	72	Pattern01_0039	src/active01.c
06066074	64	Pattern01_0040	src/active01.c
060660B4	92	Pattern01_0041	src/active01.c
06066110	60	Pattern01_0042	src/active01.c
0606614C	148	Pattern01_0043	src/active01.c
060661E0	82	Pattern01_0044	src/active01.c
06066232	108	Pattern01_0045	src/active01.c
0606629E	50	Pattern01_0046	src/active01.c
060662D0	50	Pattern01_0047	src/active01.c
06066302	54	Pattern01_0048	src/active01.c
06066338	50	Pattern01_0049	src/active01.c
0606636A	50	Pattern01_0050	src/active01.c
0606639C	96	Pattern01_0051	src/active01.c
060663FC	108	Pattern01_0052	src/active01.c
06066468	108	Pattern01_0053	src/active01.c
060664D4	108	Pattern01_0054	src/active01.c
06066540	40	Pattern01_0055	src/active01.c
06066568	50	Pattern01_0056	src/active01.c
0606659A	50	Pattern01_0057	src/active01.c
060665CC	50	Pattern01_0058	src/active01.c
060665FE	80	Pattern01_0059	src/active01.c
0606664E	50	Pattern01_0060	src/active01.c
06066680	50	Pattern01_0061	src/active01.c
060666B2	34	Pattern01_0062	src/active01.c
060666D4	34	Pattern01_0063	src/active01.c
060666F6	74	Pattern01_0064	src/active01.c
06066740	50	Pattern01_0065	src/active01.c
06066772	50	Pattern01_0066	src/active01.c
060667A4	34	Pattern01_0067	src/active01.c
060667C6	54	Pattern01_0068	src/active01.c
060667FC	120	Pattern01_0069	src/active01.c
06066874	24	Computer02	src/active02.c
0606688C	40	Pattern02_0000	src/active02.c
060668B4	64	Pattern02_0001	src/active02.c
060668F4	50	Pattern02_0002	src/active02.c
06066926	44	Pattern02_0003	src/active02.c
06066952	88	Pattern02_0004	src/active02.c
060669AA	34	Pattern02_0005	src/active02.c
060669CC	30	Pattern02_0006	src/active02.c
060669EA	60	Pattern02_0007	src/active02.c
06066A26	68	Pattern02_0008	src/active02.c
06066A6A	90	Pattern02_0009	src/active02.c
06066AC4	32	Pattern02_0010	src/active02.c
06066AE4	32	Pattern02_0011	src/active02.c
06066B04	32	Pattern02_0012	src/active02.c
06066B24	32	Pattern02_0013	src/active02.c
06066B44	68	Pattern02_0014	src/active02.c
06066B88	68	Pattern02_0015	src/active02.c
06066BCC	34	Pattern02_0016	src/active02.c
06066BEE	50	Pattern02_0017	src/active02.c
06066C20	50	Pattern02_0018	src/active02.c
06066C52	76	Pattern02_0019	src/active02.c
06066C9E	96	Pattern02_0020	src/active02.c
06066CFE	50	Pattern02_0021	src/active02.c
06066D30	68	Pattern02_0022	src/active02.c
06066D74	32	Pattern02_0023	src/active02.c
06066D94	34	Pattern02_0024	src/active02.c
06066DB6	74	Pattern02_0025	src/active02.c
06066E00	72	Pattern02_0026	src/active02.c
06066E48	30	Pattern02_0027	src/active02.c
06066E66	32	Pattern02_0028	src/active02.c
06066E86	64	Pattern02_0029	src/active02.c
06066EC6	82	Pattern02_0030	src/active02.c
06066F18	82	Pattern02_0031	src/active02.c
06066F6A	44	Pattern02_0032	src/active02.c
06066F96	64	Pattern02_0033	src/active02.c
06066FD6	92	Pattern02_0034	src/active02.c
06067032	32	Pattern02_0035	src/active02.c
06067052	32	Pattern02_0036	src/active02.c
06067072	34	Pattern02_0037	src/active02.c
06067094	78	Pattern02_0038	src/active02.c
060670E2	110	Pattern02_0039	src/active02.c
06067150	64	Pattern02_0040	src/active02.c
06067190	78	Pattern02_0041	src/active02.c
060671DE	92	Pattern02_0042	src/active02.c
0606723A	68	Pattern02_0043	src/active02.c
0606727E	68	Pattern02_0044	src/active02.c
060672C2	68	Pattern02_0045	src/active02.c
06067306	106	Pattern02_0046	src/active02.c
06067370	70	Pattern02_0047	src/active02.c
060673B6	218	Pattern02_0048	src/active02.c
06067490	136	Pattern02_0049	src/active02.c
06067518	50	Pattern02_0050	src/active02.c
0606754A	114	Pattern02_0051	src/active02.c
060675BC	70	Pattern02_0052	src/active02.c
06067602	50	Pattern02_0053	src/active02.c
06067634	50	Pattern02_0054	src/active02.c
06067666	30	Pattern02_0055	src/active02.c
06067684	50	Pattern02_0056	src/active02.c
060676B6	62	Pattern02_0057	src/active02.c
060676F4	62	Pattern02_0058	src/active02.c
06067732	62	Pattern02_0059	src/active02.c
06067770	100	Pattern02_0060	src/active02.c
060677D4	20	Pattern02_0061	src/active02.c
060677E8	72	Pattern02_0062	src/active02.c
06067830	68	Pattern02_0063	src/active02.c
06067874	174	Pattern02_0064	src/active02.c
06067922	72	Pattern02_0065	src/active02.c
0606796A	114	Pattern02_0066	src/active02.c
060679DC	72	Pattern02_0067	src/active02.c
06067A24	72	Pattern02_0068	src/active02.c
06067A6C	66	Pattern02_0069	src/active02.c
06067AAE	76	Pattern02_0070	src/active02.c
06067AFA	44	Pattern02_0071	src/active02.c
06067B26	72	Pattern02_0072	src/active02.c
06067B6E	34	Pattern02_0073	src/active02.c
06067B90	112	Pattern02_0074	src/active02.c
06067C00	24	Computer03	src/active03.c
06067C18	40	Pattern03_0000	src/active03.c
06067C40	36	Pattern03_0001	src/active03.c
06067C64	54	Pattern03_0002	src/active03.c
06067C9A	44	Pattern03_0003	src/active03.c
06067CC6	50	Pattern03_0004	src/active03.c
06067CF8	76	Pattern03_0005	src/active03.c
06067D44	30	Pattern03_0006	src/active03.c
06067D62	76	Pattern03_0007	src/active03.c
06067DAE	44	Pattern03_0008	src/active03.c
06067DDA	102	Pattern03_0009	src/active03.c
06067E40	32	Pattern03_0010	src/active03.c
06067E60	44	Pattern03_0011	src/active03.c
06067E8C	32	Pattern03_0012	src/active03.c
06067EAC	34	Pattern03_0013	src/active03.c
06067ECE	66	Pattern03_0014	src/active03.c
06067F10	76	Pattern03_0015	src/active03.c
06067F5C	48	Pattern03_0016	src/active03.c
06067F8C	50	Pattern03_0017	src/active03.c
06067FBE	50	Pattern03_0018	src/active03.c
06067FF0	50	Pattern03_0019	src/active03.c
06068022	102	Pattern03_0020	src/active03.c
06068088	66	Pattern03_0021	src/active03.c
060680CA	66	Pattern03_0022	src/active03.c
0606810C	32	Pattern03_0023	src/active03.c
0606812C	108	Pattern03_0024	src/active03.c
06068198	48	Pattern03_0025	src/active03.c
060681C8	62	Pattern03_0026	src/active03.c
06068206	30	Pattern03_0027	src/active03.c
06068224	32	Pattern03_0028	src/active03.c
06068244	128	Pattern03_0029	src/active03.c
060682C4	92	Pattern03_0030	src/active03.c
06068320	66	Pattern03_0031	src/active03.c
06068362	98	Pattern03_0032	src/active03.c
060683C4	44	Pattern03_0033	src/active03.c
060683F0	64	Pattern03_0034	src/active03.c
06068430	32	Pattern03_0035	src/active03.c
06068450	32	Pattern03_0036	src/active03.c
06068470	90	Pattern03_0037	src/active03.c
060684CA	82	Pattern03_0038	src/active03.c
0606851C	76	Pattern03_0039	src/active03.c
06068568	92	Pattern03_0040	src/active03.c
060685C4	64	Pattern03_0041	src/active03.c
06068604	70	Pattern03_0042	src/active03.c
0606864A	66	Pattern03_0043	src/active03.c
0606868C	98	Pattern03_0044	src/active03.c
060686EE	76	Pattern03_0045	src/active03.c
0606873A	50	Pattern03_0046	src/active03.c
0606876C	50	Pattern03_0047	src/active03.c
0606879E	88	Pattern03_0048	src/active03.c
060687F6	50	Pattern03_0049	src/active03.c
06068828	50	Pattern03_0050	src/active03.c
0606885A	50	Pattern03_0051	src/active03.c
0606888C	72	Pattern03_0052	src/active03.c
060688D4	72	Pattern03_0053	src/active03.c
0606891C	92	Pattern03_0054	src/active03.c
06068978	66	Pattern03_0055	src/active03.c
060689BA	128	Pattern03_0056	src/active03.c
06068A3A	82	Pattern03_0057	src/active03.c
06068A8C	184	Pattern03_0058	src/active03.c
06068B44	126	Pattern03_0059	src/active03.c
06068BC2	180	Pattern03_0060	src/active03.c
06068C76	118	Pattern03_0061	src/active03.c
06068CEC	136	Pattern03_0062	src/active03.c
06068D74	66	Pattern03_0063	src/active03.c
06068DB6	98	Pattern03_0064	src/active03.c
06068E18	92	Pattern03_0065	src/active03.c
06068E74	58	Pattern03_0066	src/active03.c
06068EAE	54	Pattern03_0067	src/active03.c
06068EE4	50	Pattern03_0068	src/active03.c
06068F16	50	Pattern03_0069	src/active03.c
06068F48	50	Pattern03_0070	src/active03.c
06068F7A	70	Pattern03_0071	src/active03.c
06068FC0	24	Computer04	src/active04.c
06068FD8	40	Pattern04_0000	src/active04.c
06069000	56	Pattern04_0001	src/active04.c
06069038	50	Pattern04_0002	src/active04.c
0606906A	36	Pattern04_0003	src/active04.c
0606908E	50	Pattern04_0004	src/active04.c
060690C0	90	Pattern04_0005	src/active04.c
0606911A	30	Pattern04_0006	src/active04.c
06069138	76	Pattern04_0007	src/active04.c
06069184	68	Pattern04_0008	src/active04.c
060691C8	96	Pattern04_0009	src/active04.c
06069228	32	Pattern04_0010	src/active04.c
06069248	32	Pattern04_0011	src/active04.c
06069268	32	Pattern04_0012	src/active04.c
06069288	32	Pattern04_0013	src/active04.c
060692A8	68	Pattern04_0014	src/active04.c
060692EC	72	Pattern04_0015	src/active04.c
06069334	34	Pattern04_0016	src/active04.c
06069356	50	Pattern04_0017	src/active04.c
06069388	74	Pattern04_0018	src/active04.c
060693D2	118	Pattern04_0019	src/active04.c
06069448	72	Pattern04_0020	src/active04.c
06069490	50	Pattern04_0021	src/active04.c
060694C2	68	Pattern04_0022	src/active04.c
06069506	32	Pattern04_0023	src/active04.c
06069526	74	Pattern04_0024	src/active04.c
06069570	34	Pattern04_0025	src/active04.c
06069592	72	Pattern04_0026	src/active04.c
060695DA	30	Pattern04_0027	src/active04.c
060695F8	32	Pattern04_0028	src/active04.c
06069618	104	Pattern04_0029	src/active04.c
06069680	56	Pattern04_0030	src/active04.c
060696B8	82	Pattern04_0031	src/active04.c
0606970A	44	Pattern04_0032	src/active04.c
06069736	120	Pattern04_0033	src/active04.c
060697AE	52	Pattern04_0034	src/active04.c
060697E2	32	Pattern04_0035	src/active04.c
06069802	32	Pattern04_0036	src/active04.c
06069822	82	Pattern04_0037	src/active04.c
06069874	98	Pattern04_0038	src/active04.c
060698D6	72	Pattern04_0039	src/active04.c
0606991E	124	Pattern04_0040	src/active04.c
0606999A	78	Pattern04_0041	src/active04.c
060699E8	80	Pattern04_0042	src/active04.c
06069A38	104	Pattern04_0043	src/active04.c
06069AA0	68	Pattern04_0044	src/active04.c
06069AE4	68	Pattern04_0045	src/active04.c
06069B28	76	Pattern04_0046	src/active04.c
06069B74	98	Pattern04_0047	src/active04.c
06069BD6	46	Pattern04_0048	src/active04.c
06069C04	50	Pattern04_0049	src/active04.c
06069C36	50	Pattern04_0050	src/active04.c
06069C68	104	Pattern04_0051	src/active04.c
06069CD0	70	Pattern04_0052	src/active04.c
06069D16	50	Pattern04_0053	src/active04.c
06069D48	50	Pattern04_0054	src/active04.c
06069D7A	50	Pattern04_0055	src/active04.c
06069DAC	50	Pattern04_0056	src/active04.c
06069DDE	50	Pattern04_0057	src/active04.c
06069E10	112	Pattern04_0058	src/active04.c
06069E80	72	Pattern04_0059	src/active04.c
06069EC8	112	Pattern04_0060	src/active04.c
06069F38	98	Pattern04_0061	src/active04.c
06069F9A	58	Pattern04_0062	src/active04.c
06069FD4	68	Pattern04_0063	src/active04.c
0606A018	50	Pattern04_0064	src/active04.c
0606A04A	50	Pattern04_0065	src/active04.c
0606A07C	84	Pattern04_0066	src/active04.c
0606A0D0	64	Pattern04_0067	src/active04.c
0606A110	24	Computer05	src/active05.c
0606A128	40	Pattern05_0000	src/active05.c
0606A150	64	Pattern05_0001	src/active05.c
0606A190	50	Pattern05_0002	src/active05.c
0606A1C2	44	Pattern05_0003	src/active05.c
0606A1EE	92	Pattern05_0004	src/active05.c
0606A24A	34	Pattern05_0005	src/active05.c
0606A26C	30	Pattern05_0006	src/active05.c
0606A28A	76	Pattern05_0007	src/active05.c
0606A2D6	110	Pattern05_0008	src/active05.c
0606A344	50	Pattern05_0009	src/active05.c
0606A376	32	Pattern05_0010	src/active05.c
0606A396	32	Pattern05_0011	src/active05.c
0606A3B6	32	Pattern05_0012	src/active05.c
0606A3D6	32	Pattern05_0013	src/active05.c
0606A3F6	102	Pattern05_0014	src/active05.c
0606A45C	34	Pattern05_0015	src/active05.c
0606A47E	34	Pattern05_0016	src/active05.c
0606A4A0	50	Pattern05_0017	src/active05.c
0606A4D2	50	Pattern05_0018	src/active05.c
0606A504	112	Pattern05_0019	src/active05.c
0606A574	50	Pattern05_0020	src/active05.c
0606A5A6	50	Pattern05_0021	src/active05.c
0606A5D8	66	Pattern05_0022	src/active05.c
0606A61A	32	Pattern05_0023	src/active05.c
0606A63A	34	Pattern05_0024	src/active05.c
0606A65C	72	Pattern05_0025	src/active05.c
0606A6A4	72	Pattern05_0026	src/active05.c
0606A6EC	30	Pattern05_0027	src/active05.c
0606A70A	32	Pattern05_0028	src/active05.c
0606A72A	106	Pattern05_0029	src/active05.c
0606A794	64	Pattern05_0030	src/active05.c
0606A7D4	82	Pattern05_0031	src/active05.c
0606A826	44	Pattern05_0032	src/active05.c
0606A852	110	Pattern05_0033	src/active05.c
0606A8C0	52	Pattern05_0034	src/active05.c
0606A8F4	32	Pattern05_0035	src/active05.c
0606A914	32	Pattern05_0036	src/active05.c
0606A934	34	Pattern05_0037	src/active05.c
0606A956	136	Pattern05_0038	src/active05.c
0606A9DE	72	Pattern05_0039	src/active05.c
0606AA26	64	Pattern05_0040	src/active05.c
0606AA66	102	Pattern05_0041	src/active05.c
0606AACC	64	Pattern05_0042	src/active05.c
0606AB0C	68	Pattern05_0043	src/active05.c
0606AB50	68	Pattern05_0044	src/active05.c
0606AB94	124	Pattern05_0045	src/active05.c
0606AC10	76	Pattern05_0046	src/active05.c
0606AC5C	70	Pattern05_0047	src/active05.c
0606ACA2	20	Pattern05_0048	src/active05.c
0606ACB6	20	Pattern05_0049	src/active05.c
0606ACCA	76	Pattern05_0050	src/active05.c
0606AD16	66	Pattern05_0051	src/active05.c
0606AD58	70	Pattern05_0052	src/active05.c
0606AD9E	50	Pattern05_0053	src/active05.c
0606ADD0	84	Pattern05_0054	src/active05.c
0606AE24	50	Pattern05_0055	src/active05.c
0606AE56	50	Pattern05_0056	src/active05.c
0606AE88	50	Pattern05_0057	src/active05.c
0606AEBA	50	Pattern05_0058	src/active05.c
0606AEEC	50	Pattern05_0059	src/active05.c
0606AF1E	50	Pattern05_0060	src/active05.c
0606AF50	50	Pattern05_0061	src/active05.c
0606AF82	50	Pattern05_0062	src/active05.c
0606AFB4	96	Pattern05_0063	src/active05.c
0606B014	66	Pattern05_0064	src/active05.c
0606B056	66	Pattern05_0065	src/active05.c
0606B098	68	Pattern05_0066	src/active05.c
0606B0DC	24	Computer06	src/active06.c
0606B0F4	40	Pattern06_0000	src/active06.c
0606B11C	50	Pattern06_0001	src/active06.c
0606B14E	52	Pattern06_0002	src/active06.c
0606B182	50	Pattern06_0003	src/active06.c
0606B1B4	50	Pattern06_0004	src/active06.c
0606B1E6	50	Pattern06_0005	src/active06.c
0606B218	50	Pattern06_0006	src/active06.c
0606B24A	140	Pattern06_0007	src/active06.c
0606B2D6	84	Pattern06_0008	src/active06.c
0606B32A	66	Pattern06_0009	src/active06.c
0606B36C	100	Pattern06_0010	src/active06.c
0606B3D0	66	Pattern06_0011	src/active06.c
0606B412	66	Pattern06_0012	src/active06.c
0606B454	32	Pattern06_0013	src/active06.c
0606B474	32	Pattern06_0014	src/active06.c
0606B494	56	Pattern06_0015	src/active06.c
0606B4CC	32	Pattern06_0016	src/active06.c
0606B4EC	32	Pattern06_0017	src/active06.c
0606B50C	68	Pattern06_0018	src/active06.c
0606B550	32	Pattern06_0019	src/active06.c
0606B570	32	Pattern06_0020	src/active06.c
0606B590	60	Pattern06_0021	src/active06.c
0606B5CC	32	Pattern06_0022	src/active06.c
0606B5EC	32	Pattern06_0023	src/active06.c
0606B60C	32	Pattern06_0024	src/active06.c
0606B62C	64	Pattern06_0025	src/active06.c
0606B66C	92	Pattern06_0026	src/active06.c
0606B6C8	64	Pattern06_0027	src/active06.c
0606B708	50	Pattern06_0028	src/active06.c
0606B73A	50	Pattern06_0029	src/active06.c
0606B76C	50	Pattern06_0030	src/active06.c
0606B79E	50	Pattern06_0031	src/active06.c
0606B7D0	50	Pattern06_0032	src/active06.c
0606B802	50	Pattern06_0033	src/active06.c
0606B834	50	Pattern06_0034	src/active06.c
0606B866	50	Pattern06_0035	src/active06.c
0606B898	50	Pattern06_0036	src/active06.c
0606B8CA	84	Pattern06_0037	src/active06.c
0606B91E	66	Pattern06_0038	src/active06.c
0606B960	66	Pattern06_0039	src/active06.c
0606B9A2	98	Pattern06_0040	src/active06.c
0606BA04	96	Pattern06_0041	src/active06.c
0606BA64	96	Pattern06_0042	src/active06.c
0606BAC4	64	Pattern06_0043	src/active06.c
0606BB04	32	Pattern06_0044	src/active06.c
0606BB24	54	Pattern06_0045	src/active06.c
0606BB5A	32	Pattern06_0046	src/active06.c
0606BB7A	100	Pattern06_0047	src/active06.c
0606BBDE	106	Pattern06_0048	src/active06.c
0606BC48	50	Pattern06_0049	src/active06.c
0606BC7A	82	Pattern06_0050	src/active06.c
0606BCCC	32	Pattern06_0051	src/active06.c
0606BCEC	32	Pattern06_0052	src/active06.c
0606BD0C	64	Pattern06_0053	src/active06.c
0606BD4C	56	Pattern06_0054	src/active06.c
0606BD84	58	Pattern06_0055	src/active06.c
0606BDBE	78	Pattern06_0056	src/active06.c
0606BE0C	160	Pattern06_0057	src/active06.c
0606BEAC	54	Pattern06_0058	src/active06.c
0606BEE2	50	Pattern06_0059	src/active06.c
0606BF14	50	Pattern06_0060	src/active06.c
0606BF46	90	Pattern06_0061	src/active06.c
0606BFA0	54	Pattern06_0062	src/active06.c
0606BFD6	78	Pattern06_0063	src/active06.c
0606C024	24	Computer07	src/active07.c
0606C03C	40	Pattern07_0000	src/active07.c
0606C064	70	Pattern07_0001	src/active07.c
0606C0AA	134	Pattern07_0002	src/active07.c
0606C130	78	Pattern07_0003	src/active07.c
0606C17E	72	Pattern07_0004	src/active07.c
0606C1C6	106	Pattern07_0005	src/active07.c
0606C230	30	Pattern07_0006	src/active07.c
0606C24E	76	Pattern07_0007	src/active07.c
0606C29A	158	Pattern07_0008	src/active07.c
0606C338	72	Pattern07_0009	src/active07.c
0606C380	96	Pattern07_0010	src/active07.c
0606C3E0	104	Pattern07_0011	src/active07.c
0606C448	46	Pattern07_0012	src/active07.c
0606C476	102	Pattern07_0013	src/active07.c
0606C4DC	156	Pattern07_0014	src/active07.c
0606C578	34	Pattern07_0015	src/active07.c
0606C59A	34	Pattern07_0016	src/active07.c
0606C5BC	50	Pattern07_0017	src/active07.c
0606C5EE	64	Pattern07_0018	src/active07.c
0606C62E	152	Pattern07_0019	src/active07.c
0606C6C6	72	Pattern07_0020	src/active07.c
0606C70E	156	Pattern07_0021	src/active07.c
0606C7AA	90	Pattern07_0022	src/active07.c
0606C804	32	Pattern07_0023	src/active07.c
0606C824	34	Pattern07_0024	src/active07.c
0606C846	74	Pattern07_0025	src/active07.c
0606C890	94	Pattern07_0026	src/active07.c
0606C8EE	128	Pattern07_0027	src/active07.c
0606C96E	32	Pattern07_0028	src/active07.c
0606C98E	102	Pattern07_0029	src/active07.c
0606C9F4	50	Pattern07_0030	src/active07.c
0606CA26	82	Pattern07_0031	src/active07.c
0606CA78	130	Pattern07_0032	src/active07.c
0606CAFA	64	Pattern07_0033	src/active07.c
0606CB3A	96	Pattern07_0034	src/active07.c
0606CB9A	66	Pattern07_0035	src/active07.c
0606CBDC	32	Pattern07_0036	src/active07.c
0606CBFC	82	Pattern07_0037	src/active07.c
0606CC4E	146	Pattern07_0038	src/active07.c
0606CCE0	72	Pattern07_0039	src/active07.c
0606CD28	64	Pattern07_0040	src/active07.c
0606CD68	100	Pattern07_0041	src/active07.c
0606CDCC	82	Pattern07_0042	src/active07.c
0606CE1E	68	Pattern07_0043	src/active07.c
0606CE62	68	Pattern07_0044	src/active07.c
0606CEA6	100	Pattern07_0045	src/active07.c
0606CF0A	20	Pattern07_0046	src/active07.c
0606CF1E	72	Pattern07_0047	src/active07.c
0606CF66	146	Pattern07_0048	src/active07.c
0606CFF8	106	Pattern07_0049	src/active07.c
0606D062	50	Pattern07_0050	src/active07.c
0606D094	132	Pattern07_0051	src/active07.c
0606D118	70	Pattern07_0052	src/active07.c
0606D15E	56	Pattern07_0053	src/active07.c
0606D196	50	Pattern07_0054	src/active07.c
0606D1C8	50	Pattern07_0055	src/active07.c
0606D1FA	70	Pattern07_0056	src/active07.c
0606D240	70	Pattern07_0057	src/active07.c
0606D286	70	Pattern07_0058	src/active07.c
0606D2CC	132	Pattern07_0059	src/active07.c
0606D350	76	Pattern07_0060	src/active07.c
0606D39C	108	Pattern07_0061	src/active07.c
0606D408	90	Pattern07_0062	src/active07.c
0606D462	76	Pattern07_0063	src/active07.c
0606D4AE	50	Pattern07_0064	src/active07.c
0606D4E0	50	Pattern07_0065	src/active07.c
0606D512	50	Pattern07_0066	src/active07.c
0606D544	50	Pattern07_0067	src/active07.c
0606D576	50	Pattern07_0068	src/active07.c
0606D5A8	72	Pattern07_0069	src/active07.c
0606D5F0	130	Pattern07_0070	src/active07.c
0606D672	112	Pattern07_0071	src/active07.c
0606D6E2	54	Pattern07_0072	src/active07.c
0606D718	50	Pattern07_0073	src/active07.c
0606D74A	50	Pattern07_0074	src/active07.c
0606D77C	84	Pattern07_0075	src/active07.c
0606D7D0	24	Computer08	src/active08.c
0606D7E8	40	Pattern08_0000	src/active08.c
0606D810	62	Pattern08_0001	src/active08.c
0606D84E	42	Pattern08_0002	src/active08.c
0606D878	84	Pattern08_0003	src/active08.c
0606D8CC	102	Pattern08_0004	src/active08.c
0606D932	80	Pattern08_0005	src/active08.c
0606D982	66	Pattern08_0006	src/active08.c
0606D9C4	76	Pattern08_0007	src/active08.c
0606DA10	104	Pattern08_0008	src/active08.c
0606DA78	150	Pattern08_0009	src/active08.c
0606DB0E	32	Pattern08_0010	src/active08.c
0606DB2E	96	Pattern08_0011	src/active08.c
0606DB8E	54	Pattern08_0012	src/active08.c
0606DBC4	70	Pattern08_0013	src/active08.c
0606DC0A	82	Pattern08_0014	src/active08.c
0606DC5C	34	Pattern08_0015	src/active08.c
0606DC7E	74	Pattern08_0016	src/active08.c
0606DCC8	50	Pattern08_0017	src/active08.c
0606DCFA	100	Pattern08_0018	src/active08.c
0606DD5E	114	Pattern08_0019	src/active08.c
0606DDD0	72	Pattern08_0020	src/active08.c
0606DE18	50	Pattern08_0021	src/active08.c
0606DE4A	90	Pattern08_0022	src/active08.c
0606DEA4	64	Pattern08_0023	src/active08.c
0606DEE4	34	Pattern08_0024	src/active08.c
0606DF06	34	Pattern08_0025	src/active08.c
0606DF28	72	Pattern08_0026	src/active08.c
0606DF70	30	Pattern08_0027	src/active08.c
0606DF8E	66	Pattern08_0028	src/active08.c
0606DFD0	94	Pattern08_0029	src/active08.c
0606E02E	90	Pattern08_0030	src/active08.c
0606E088	110	Pattern08_0031	src/active08.c
0606E0F6	52	Pattern08_0032	src/active08.c
0606E12A	48	Pattern08_0033	src/active08.c
0606E15A	166	Pattern08_0034	src/active08.c
0606E200	32	Pattern08_0035	src/active08.c
0606E220	32	Pattern08_0036	src/active08.c
0606E240	34	Pattern08_0037	src/active08.c
0606E262	146	Pattern08_0038	src/active08.c
0606E2F4	72	Pattern08_0039	src/active08.c
0606E33C	64	Pattern08_0040	src/active08.c
0606E37C	108	Pattern08_0041	src/active08.c
0606E3E8	68	Pattern08_0042	src/active08.c
0606E42C	68	Pattern08_0043	src/active08.c
0606E470	82	Pattern08_0044	src/active08.c
0606E4C2	126	Pattern08_0045	src/active08.c
0606E540	76	Pattern08_0046	src/active08.c
0606E58C	136	Pattern08_0047	src/active08.c
0606E614	30	Pattern08_0048	src/active08.c
0606E632	50	Pattern08_0049	src/active08.c
0606E664	68	Pattern08_0050	src/active08.c
0606E6A8	68	Pattern08_0051	src/active08.c
0606E6EC	100	Pattern08_0052	src/active08.c
0606E750	82	Pattern08_0053	src/active08.c
0606E7A2	50	Pattern08_0054	src/active08.c
0606E7D4	112	Pattern08_0055	src/active08.c
0606E844	136	Pattern08_0056	src/active08.c
0606E8CC	50	Pattern08_0057	src/active08.c
0606E8FE	98	Pattern08_0058	src/active08.c
0606E960	50	Pattern08_0059	src/active08.c
0606E992	20	Pattern08_0060	src/active08.c
0606E9A6	72	Pattern08_0061	src/active08.c
0606E9EE	50	Pattern08_0062	src/active08.c
0606EA20	20	Pattern08_0063	src/active08.c
0606EA34	50	Pattern08_0064	src/active08.c
0606EA66	50	Pattern08_0065	src/active08.c
0606EA98	50	Pattern08_0066	src/active08.c
0606EACA	50	Pattern08_0067	src/active08.c
0606EAFC	70	Pattern08_0068	src/active08.c
0606EB42	62	Pattern08_0069	src/active08.c
0606EB80	124	Pattern08_0070	src/active08.c
0606EBFC	24	Computer09	src/active09.c
0606EC14	56	Pattern09_0000	src/active09.c
0606EC4C	36	Pattern09_0001	src/active09.c
0606EC70	78	Pattern09_0002	src/active09.c
0606ECBE	116	Pattern09_0003	src/active09.c
0606ED32	50	Pattern09_0004	src/active09.c
0606ED64	32	Pattern09_0005	src/active09.c
0606ED84	30	Pattern09_0006	src/active09.c
0606EDA2	76	Pattern09_0007	src/active09.c
0606EDEE	108	Pattern09_0008	src/active09.c
0606EE5A	78	Pattern09_0009	src/active09.c
0606EEA8	68	Pattern09_0010	src/active09.c
0606EEEC	100	Pattern09_0011	src/active09.c
0606EF50	68	Pattern09_0012	src/active09.c
0606EF94	68	Pattern09_0013	src/active09.c
0606EFD8	68	Pattern09_0014	src/active09.c
0606F01C	76	Pattern09_0015	src/active09.c
0606F068	34	Pattern09_0016	src/active09.c
0606F08A	76	Pattern09_0017	src/active09.c
0606F0D6	40	Pattern09_0018	src/active09.c
0606F0FE	76	Pattern09_0019	src/active09.c
0606F14A	82	Pattern09_0020	src/active09.c
0606F19C	76	Pattern09_0021	src/active09.c
0606F1E8	120	Pattern09_0022	src/active09.c
0606F260	32	Pattern09_0023	src/active09.c
0606F280	34	Pattern09_0024	src/active09.c
0606F2A2	34	Pattern09_0025	src/active09.c
0606F2C4	62	Pattern09_0026	src/active09.c
0606F302	74	Pattern09_0027	src/active09.c
0606F34C	32	Pattern09_0028	src/active09.c
0606F36C	94	Pattern09_0029	src/active09.c
0606F3CA	84	Pattern09_0030	src/active09.c
0606F41E	116	Pattern09_0031	src/active09.c
0606F492	44	Pattern09_0032	src/active09.c
0606F4BE	64	Pattern09_0033	src/active09.c
0606F4FE	42	Pattern09_0034	src/active09.c
0606F528	112	Pattern09_0035	src/active09.c
0606F598	76	Pattern09_0036	src/active09.c
0606F5E4	34	Pattern09_0037	src/active09.c
0606F606	102	Pattern09_0038	src/active09.c
0606F66C	72	Pattern09_0039	src/active09.c
0606F6B4	64	Pattern09_0040	src/active09.c
0606F6F4	124	Pattern09_0041	src/active09.c
0606F770	64	Pattern09_0042	src/active09.c
0606F7B0	68	Pattern09_0043	src/active09.c
0606F7F4	68	Pattern09_0044	src/active09.c
0606F838	102	Pattern09_0045	src/active09.c
0606F89E	76	Pattern09_0046	src/active09.c
0606F8EA	70	Pattern09_0047	src/active09.c
0606F930	152	Pattern09_0048	src/active09.c
0606F9C8	104	Pattern09_0049	src/active09.c
0606FA30	50	Pattern09_0050	src/active09.c
0606FA62	66	Pattern09_0051	src/active09.c
0606FAA4	112	Pattern09_0052	src/active09.c
0606FB14	56	Pattern09_0053	src/active09.c
0606FB4C	50	Pattern09_0054	src/active09.c
0606FB7E	50	Pattern09_0055	src/active09.c
0606FBB0	50	Pattern09_0056	src/active09.c
0606FBE2	50	Pattern09_0057	src/active09.c
0606FC14	56	Pattern09_0058	src/active09.c
0606FC4C	106	Pattern09_0059	src/active09.c
0606FCB6	50	Pattern09_0060	src/active09.c
0606FCE8	50	Pattern09_0061	src/active09.c
0606FD1A	50	Pattern09_0062	src/active09.c
0606FD4C	112	Pattern09_0063	src/active09.c
0606FDBC	138	Pattern09_0064	src/active09.c
0606FE46	72	Pattern09_0065	src/active09.c
0606FE8E	114	Pattern09_0066	src/active09.c
0606FF00	72	Pattern09_0067	src/active09.c
0606FF48	72	Pattern09_0068	src/active09.c
0606FF90	70	Pattern09_0069	src/active09.c
0606FFD6	30	Pattern09_0070	src/active09.c
0606FFF4	42	Pattern09_0071	src/active09.c
0607001E	70	Pattern09_0072	src/active09.c
06070064	70	Pattern09_0073	src/active09.c
060700AA	114	Pattern09_0074	src/active09.c
0607011C	66	Pattern09_0075	src/active09.c
0607015E	80	Pattern09_0076	src/active09.c
060701AE	150	Pattern09_0077	src/active09.c
06070244	138	Pattern09_0078	src/active09.c
060702CE	126	Pattern09_0079	src/active09.c
0607034C	86	Pattern09_0080	src/active09.c
060703A2	88	Pattern09_0081	src/active09.c
060703FA	44	Pattern09_0082	src/active09.c
06070426	118	Pattern09_0083	src/active09.c
0607049C	66	Pattern09_0084	src/active09.c
060704DE	74	Pattern09_0085	src/active09.c
06070528	108	Pattern09_0086	src/active09.c
06070594	74	Pattern09_0087	src/active09.c
060705DE	74	Pattern09_0088	src/active09.c
06070628	58	Pattern09_0089	src/active09.c
06070662	102	Pattern09_0090	src/active09.c
060706C8	74	Pattern09_0091	src/active09.c
06070712	74	Pattern09_0092	src/active09.c
0607075C	74	Pattern09_0093	src/active09.c
060707A6	86	Pattern09_0094	src/active09.c
060707FC	80	Pattern09_0095	src/active09.c
0607084C	82	Pattern09_0096	src/active09.c
0607089E	82	Pattern09_0097	src/active09.c
060708F0	104	Pattern09_0098	src/active09.c
06070958	94	Pattern09_0099	src/active09.c
060709B6	98	Pattern09_0100	src/active09.c
06070A18	24	Computer10	src/active10.c
06070A30	40	Pattern10_0000	src/active10.c
06070A58	36	Pattern10_0001	src/active10.c
06070A7C	54	Pattern10_0002	src/active10.c
06070AB2	44	Pattern10_0003	src/active10.c
06070ADE	50	Pattern10_0004	src/active10.c
06070B10	76	Pattern10_0005	src/active10.c
06070B5C	30	Pattern10_0006	src/active10.c
06070B7A	76	Pattern10_0007	src/active10.c
06070BC6	44	Pattern10_0008	src/active10.c
06070BF2	102	Pattern10_0009	src/active10.c
06070C58	32	Pattern10_0010	src/active10.c
06070C78	44	Pattern10_0011	src/active10.c
06070CA4	32	Pattern10_0012	src/active10.c
06070CC4	34	Pattern10_0013	src/active10.c
06070CE6	66	Pattern10_0014	src/active10.c
06070D28	76	Pattern10_0015	src/active10.c
06070D74	48	Pattern10_0016	src/active10.c
06070DA4	114	Pattern10_0017	src/active10.c
06070E16	50	Pattern10_0018	src/active10.c
06070E48	114	Pattern10_0019	src/active10.c
06070EBA	104	Pattern10_0020	src/active10.c
06070F22	66	Pattern10_0021	src/active10.c
06070F64	66	Pattern10_0022	src/active10.c
06070FA6	32	Pattern10_0023	src/active10.c
06070FC6	116	Pattern10_0024	src/active10.c
0607103A	48	Pattern10_0025	src/active10.c
0607106A	62	Pattern10_0026	src/active10.c
060710A8	30	Pattern10_0027	src/active10.c
060710C6	32	Pattern10_0028	src/active10.c
060710E6	128	Pattern10_0029	src/active10.c
06071166	92	Pattern10_0030	src/active10.c
060711C2	66	Pattern10_0031	src/active10.c
06071204	98	Pattern10_0032	src/active10.c
06071266	44	Pattern10_0033	src/active10.c
06071292	64	Pattern10_0034	src/active10.c
060712D2	32	Pattern10_0035	src/active10.c
060712F2	32	Pattern10_0036	src/active10.c
06071312	88	Pattern10_0037	src/active10.c
0607136A	82	Pattern10_0038	src/active10.c
060713BC	76	Pattern10_0039	src/active10.c
06071408	92	Pattern10_0040	src/active10.c
06071464	132	Pattern10_0041	src/active10.c
060714E8	70	Pattern10_0042	src/active10.c
0607152E	92	Pattern10_0043	src/active10.c
0607158A	66	Pattern10_0044	src/active10.c
060715CC	76	Pattern10_0045	src/active10.c
06071618	50	Pattern10_0046	src/active10.c
0607164A	88	Pattern10_0047	src/active10.c
060716A2	50	Pattern10_0048	src/active10.c
060716D4	50	Pattern10_0049	src/active10.c
06071706	50	Pattern10_0050	src/active10.c
06071738	50	Pattern10_0051	src/active10.c
0607176A	72	Pattern10_0052	src/active10.c
060717B2	72	Pattern10_0053	src/active10.c
060717FA	92	Pattern10_0054	src/active10.c
06071856	118	Pattern10_0055	src/active10.c
060718CC	80	Pattern10_0056	src/active10.c
0607191C	82	Pattern10_0057	src/active10.c
0607196E	182	Pattern10_0058	src/active10.c
06071A24	126	Pattern10_0059	src/active10.c
06071AA2	170	Pattern10_0060	src/active10.c
06071B4C	118	Pattern10_0061	src/active10.c
06071BC2	142	Pattern10_0062	src/active10.c
06071C50	66	Pattern10_0063	src/active10.c
06071C92	98	Pattern10_0064	src/active10.c
06071CF4	90	Pattern10_0065	src/active10.c
06071D4E	58	Pattern10_0066	src/active10.c
06071D88	32	Pattern10_0067	src/active10.c
06071DA8	50	Pattern10_0068	src/active10.c
06071DDA	94	Pattern10_0069	src/active10.c
06071E38	24	Computer11	src/active11.c
06071E50	40	Pattern11_0000	src/active11.c
06071E78	30	Pattern11_0001	src/active11.c
06071E96	46	Pattern11_0002	src/active11.c
06071EC4	46	Pattern11_0003	src/active11.c
06071EF2	86	Pattern11_0004	src/active11.c
06071F48	50	Pattern11_0005	src/active11.c
06071F7A	50	Pattern11_0006	src/active11.c
06071FAC	50	Pattern11_0007	src/active11.c
06071FDE	50	Pattern11_0008	src/active11.c
06072010	50	Pattern11_0009	src/active11.c
06072042	50	Pattern11_0010	src/active11.c
06072074	32	Pattern11_0011	src/active11.c
06072094	32	Pattern11_0012	src/active11.c
060720B4	32	Pattern11_0013	src/active11.c
060720D4	50	Pattern11_0014	src/active11.c
06072106	32	Pattern11_0015	src/active11.c
06072126	32	Pattern11_0016	src/active11.c
06072146	50	Pattern11_0017	src/active11.c
06072178	50	Pattern11_0018	src/active11.c
060721AA	50	Pattern11_0019	src/active11.c
060721DC	56	Pattern11_0020	src/active11.c
06072214	32	Pattern11_0021	src/active11.c
06072234	32	Pattern11_0022	src/active11.c
06072254	34	Pattern11_0023	src/active11.c
06072276	50	Pattern11_0024	src/active11.c
060722A8	30	Pattern11_0025	src/active11.c
060722C6	98	Pattern11_0026	src/active11.c
06072328	58	Pattern11_0027	src/active11.c
06072362	80	Pattern11_0028	src/active11.c
060723B2	114	Pattern11_0029	src/active11.c
06072424	72	Pattern11_0030	src/active11.c
0607246C	74	Pattern11_0031	src/active11.c
060724B6	64	Pattern11_0032	src/active11.c
060724F6	122	Pattern11_0033	src/active11.c
06072570	32	Pattern11_0034	src/active11.c
06072590	64	Pattern11_0035	src/active11.c
060725D0	64	Pattern11_0036	src/active11.c
06072610	98	Pattern11_0037	src/active11.c
06072672	120	Pattern11_0038	src/active11.c
060726EA	100	Pattern11_0039	src/active11.c
0607274E	120	Pattern11_0040	src/active11.c
060727C6	104	Pattern11_0041	src/active11.c
0607282E	144	Pattern11_0042	src/active11.c
060728BE	104	Pattern11_0043	src/active11.c
06072926	82	Pattern11_0044	src/active11.c
06072978	144	Pattern11_0045	src/active11.c
06072A08	138	Pattern11_0046	src/active11.c
06072A92	132	Pattern11_0047	src/active11.c
06072B16	50	Pattern11_0048	src/active11.c
06072B48	50	Pattern11_0049	src/active11.c
06072B7A	50	Pattern11_0050	src/active11.c
06072BAC	32	Pattern11_0051	src/active11.c
06072BCC	110	Pattern11_0052	src/active11.c
06072C3A	32	Pattern11_0053	src/active11.c
06072C5A	36	Pattern11_0054	src/active11.c
06072C7E	74	Pattern11_0055	src/active11.c
06072CC8	56	Pattern11_0056	src/active11.c
06072D00	138	Pattern11_0057	src/active11.c
06072D8A	68	Pattern11_0058	src/active11.c
06072DCE	74	Pattern11_0059	src/active11.c
06072E18	32	Pattern11_0060	src/active11.c
06072E38	32	Pattern11_0061	src/active11.c
06072E58	66	Pattern11_0062	src/active11.c
06072E9A	66	Pattern11_0063	src/active11.c
06072EDC	90	Pattern11_0064	src/active11.c
06072F36	96	Pattern11_0065	src/active11.c
06072F96	164	Pattern11_0066	src/active11.c
0607303A	102	Pattern11_0067	src/active11.c
060730A0	90	Pattern11_0068	src/active11.c
060730FA	66	Pattern11_0069	src/active11.c
0607313C	66	Pattern11_0070	src/active11.c
0607317E	66	Pattern11_0071	src/active11.c
060731C0	98	Pattern11_0072	src/active11.c
06073222	72	Pattern11_0073	src/active11.c
0607326A	58	Pattern11_0074	src/active11.c
060732A4	30	Pattern11_0075	src/active11.c
060732C2	44	Pattern11_0076	src/active11.c
060732EE	66	Pattern11_0077	src/active11.c
06073330	34	Pattern11_0078	src/active11.c
06073352	50	Pattern11_0079	src/active11.c
06073384	42	Pattern11_0080	src/active11.c
060733AE	58	Pattern11_0081	src/active11.c
060733E8	92	Pattern11_0082	src/active11.c
06073444	56	Pattern11_0083	src/active11.c
0607347C	80	Pattern11_0084	src/active11.c
060734CC	120	Pattern11_0085	src/active11.c
06073544	58	Pattern11_0086	src/active11.c
0607357E	62	Pattern11_0087	src/active11.c
060735BC	60	Pattern11_0088	src/active11.c
060735F8	108	Pattern11_0089	src/active11.c
06073664	24	Computer12	src/active12.c
0607367C	40	Pattern12_0000	src/active12.c
060736A4	30	Pattern12_0001	src/active12.c
060736C2	46	Pattern12_0002	src/active12.c
060736F0	46	Pattern12_0003	src/active12.c
0607371E	86	Pattern12_0004	src/active12.c
06073774	50	Pattern12_0005	src/active12.c
060737A6	50	Pattern12_0006	src/active12.c
060737D8	50	Pattern12_0007	src/active12.c
0607380A	50	Pattern12_0008	src/active12.c
0607383C	50	Pattern12_0009	src/active12.c
0607386E	50	Pattern12_0010	src/active12.c
060738A0	56	Pattern12_0011	src/active12.c
060738D8	32	Pattern12_0012	src/active12.c
060738F8	32	Pattern12_0013	src/active12.c
06073918	50	Pattern12_0014	src/active12.c
0607394A	32	Pattern12_0015	src/active12.c
0607396A	32	Pattern12_0016	src/active12.c
0607398A	50	Pattern12_0017	src/active12.c
060739BC	50	Pattern12_0018	src/active12.c
060739EE	50	Pattern12_0019	src/active12.c
06073A20	62	Pattern12_0020	src/active12.c
06073A5E	32	Pattern12_0021	src/active12.c
06073A7E	32	Pattern12_0022	src/active12.c
06073A9E	34	Pattern12_0023	src/active12.c
06073AC0	50	Pattern12_0024	src/active12.c
06073AF2	30	Pattern12_0025	src/active12.c
06073B10	68	Pattern12_0026	src/active12.c
06073B54	32	Pattern12_0027	src/active12.c
06073B74	80	Pattern12_0028	src/active12.c
06073BC4	80	Pattern12_0029	src/active12.c
06073C14	98	Pattern12_0030	src/active12.c
06073C76	74	Pattern12_0031	src/active12.c
06073CC0	64	Pattern12_0032	src/active12.c
06073D00	86	Pattern12_0033	src/active12.c
06073D56	64	Pattern12_0034	src/active12.c
06073D96	64	Pattern12_0035	src/active12.c
06073DD6	64	Pattern12_0036	src/active12.c
06073E16	98	Pattern12_0037	src/active12.c
06073E78	104	Pattern12_0038	src/active12.c
06073EE0	100	Pattern12_0039	src/active12.c
06073F44	118	Pattern12_0040	src/active12.c
06073FBA	104	Pattern12_0041	src/active12.c
06074022	144	Pattern12_0042	src/active12.c
060740B2	104	Pattern12_0043	src/active12.c
0607411A	82	Pattern12_0044	src/active12.c
0607416C	144	Pattern12_0045	src/active12.c
060741FC	138	Pattern12_0046	src/active12.c
06074286	132	Pattern12_0047	src/active12.c
0607430A	50	Pattern12_0048	src/active12.c
0607433C	50	Pattern12_0049	src/active12.c
0607436E	50	Pattern12_0050	src/active12.c
060743A0	32	Pattern12_0051	src/active12.c
060743C0	110	Pattern12_0052	src/active12.c
0607442E	32	Pattern12_0053	src/active12.c
0607444E	36	Pattern12_0054	src/active12.c
06074472	74	Pattern12_0055	src/active12.c
060744BC	56	Pattern12_0056	src/active12.c
060744F4	158	Pattern12_0057	src/active12.c
06074592	110	Pattern12_0058	src/active12.c
06074600	32	Pattern12_0059	src/active12.c
06074620	32	Pattern12_0060	src/active12.c
06074640	32	Pattern12_0061	src/active12.c
06074660	32	Pattern12_0062	src/active12.c
06074680	32	Pattern12_0063	src/active12.c
060746A0	32	Pattern12_0064	src/active12.c
060746C0	56	Pattern12_0065	src/active12.c
060746F8	68	Pattern12_0066	src/active12.c
0607473C	68	Pattern12_0067	src/active12.c
06074780	108	Pattern12_0068	src/active12.c
060747EC	50	Pattern12_0069	src/active12.c
0607481E	50	Pattern12_0070	src/active12.c
06074850	148	Pattern12_0071	src/active12.c
060748E4	138	Pattern12_0072	src/active12.c
0607496E	126	Pattern12_0073	src/active12.c
060749EC	86	Pattern12_0074	src/active12.c
06074A42	90	Pattern12_0075	src/active12.c
06074A9C	104	Pattern12_0076	src/active12.c
06074B04	78	Pattern12_0077	src/active12.c
06074B52	68	Pattern12_0078	src/active12.c
06074B96	94	Pattern12_0079	src/active12.c
06074BF4	72	Pattern12_0080	src/active12.c
06074C3C	50	Pattern12_0081	src/active12.c
06074C6E	50	Pattern12_0082	src/active12.c
06074CA0	64	Pattern12_0083	src/active12.c
06074CE0	44	Pattern12_0084	src/active12.c
06074D0C	80	Pattern12_0085	src/active12.c
06074D5C	24	Computer13	src/active13.c
06074D74	40	Pattern13_0000	src/active13.c
06074D9C	44	Pattern13_0001	src/active13.c
06074DC8	50	Pattern13_0002	src/active13.c
06074DFA	44	Pattern13_0003	src/active13.c
06074E26	50	Pattern13_0004	src/active13.c
06074E58	88	Pattern13_0005	src/active13.c
06074EB0	30	Pattern13_0006	src/active13.c
06074ECE	32	Pattern13_0007	src/active13.c
06074EEE	44	Pattern13_0008	src/active13.c
06074F1A	66	Pattern13_0009	src/active13.c
06074F5C	76	Pattern13_0010	src/active13.c
06074FA8	56	Pattern13_0011	src/active13.c
06074FE0	32	Pattern13_0012	src/active13.c
06075000	32	Pattern13_0013	src/active13.c
06075020	66	Pattern13_0014	src/active13.c
06075062	74	Pattern13_0015	src/active13.c
060750AC	48	Pattern13_0016	src/active13.c
060750DC	50	Pattern13_0017	src/active13.c
0607510E	50	Pattern13_0018	src/active13.c
06075140	50	Pattern13_0019	src/active13.c
06075172	66	Pattern13_0020	src/active13.c
060751B4	102	Pattern13_0021	src/active13.c
0607521A	98	Pattern13_0022	src/active13.c
0607527C	32	Pattern13_0023	src/active13.c
0607529C	34	Pattern13_0024	src/active13.c
060752BE	98	Pattern13_0025	src/active13.c
06075320	62	Pattern13_0026	src/active13.c
0607535E	66	Pattern13_0027	src/active13.c
060753A0	32	Pattern13_0028	src/active13.c
060753C0	108	Pattern13_0029	src/active13.c
0607542C	68	Pattern13_0030	src/active13.c
06075470	64	Pattern13_0031	src/active13.c
060754B0	88	Pattern13_0032	src/active13.c
06075508	78	Pattern13_0033	src/active13.c
06075556	50	Pattern13_0034	src/active13.c
06075588	32	Pattern13_0035	src/active13.c
060755A8	32	Pattern13_0036	src/active13.c
060755C8	120	Pattern13_0037	src/active13.c
06075640	92	Pattern13_0038	src/active13.c
0607569C	64	Pattern13_0039	src/active13.c
060756DC	100	Pattern13_0040	src/active13.c
06075740	64	Pattern13_0041	src/active13.c
06075780	80	Pattern13_0042	src/active13.c
060757D0	66	Pattern13_0043	src/active13.c
06075812	98	Pattern13_0044	src/active13.c
06075874	66	Pattern13_0045	src/active13.c
060758B6	50	Pattern13_0046	src/active13.c
060758E8	50	Pattern13_0047	src/active13.c
0607591A	82	Pattern13_0048	src/active13.c
0607596C	50	Pattern13_0049	src/active13.c
0607599E	50	Pattern13_0050	src/active13.c
060759D0	50	Pattern13_0051	src/active13.c
06075A02	62	Pattern13_0052	src/active13.c
06075A40	58	Pattern13_0053	src/active13.c
06075A7A	58	Pattern13_0054	src/active13.c
06075AB4	68	Pattern13_0055	src/active13.c
06075AF8	82	Pattern13_0056	src/active13.c
06075B4A	50	Pattern13_0057	src/active13.c
06075B7C	50	Pattern13_0058	src/active13.c
06075BAE	102	Pattern13_0059	src/active13.c
06075C14	50	Pattern13_0060	src/active13.c
06075C46	50	Pattern13_0061	src/active13.c
06075C78	50	Pattern13_0062	src/active13.c
06075CAA	84	Pattern13_0063	src/active13.c
06075CFE	102	Pattern13_0064	src/active13.c
06075D64	102	Pattern13_0065	src/active13.c
06075DCA	144	Pattern13_0066	src/active13.c
06075E5A	72	Pattern13_0067	src/active13.c
06075EA2	72	Pattern13_0068	src/active13.c
06075EEA	102	Pattern13_0069	src/active13.c
06075F50	34	Pattern13_0070	src/active13.c
06075F72	34	Pattern13_0071	src/active13.c
06075F94	34	Pattern13_0072	src/active13.c
06075FB6	34	Pattern13_0073	src/active13.c
06075FD8	46	Pattern13_0074	src/active13.c
06076006	78	Pattern13_0075	src/active13.c
06076054	50	Pattern13_0076	src/active13.c
06076086	50	Pattern13_0077	src/active13.c
060760B8	62	Pattern13_0078	src/active13.c
060760F6	58	Pattern13_0079	src/active13.c
06076130	80	Pattern13_0080	src/active13.c
06076180	24	Computer14	src/active14.c
06076198	40	Pattern14_0000	src/active14.c
060761C0	30	Pattern14_0001	src/active14.c
060761DE	32	Pattern14_0002	src/active14.c
060761FE	32	Pattern14_0003	src/active14.c
0607621E	32	Pattern14_0004	src/active14.c
0607623E	66	Pattern14_0005	src/active14.c
06076280	32	Pattern14_0006	src/active14.c
060762A0	32	Pattern14_0007	src/active14.c
060762C0	32	Pattern14_0008	src/active14.c
060762E0	32	Pattern14_0009	src/active14.c
06076300	32	Pattern14_0010	src/active14.c
06076320	32	Pattern14_0011	src/active14.c
06076340	52	Pattern14_0012	src/active14.c
06076374	32	Pattern14_0013	src/active14.c
06076394	50	Pattern14_0014	src/active14.c
060763C6	50	Pattern14_0015	src/active14.c
060763F8	50	Pattern14_0016	src/active14.c
0607642A	94	Pattern14_0017	src/active14.c
06076488	50	Pattern14_0018	src/active14.c
060764BA	50	Pattern14_0019	src/active14.c
060764EC	50	Pattern14_0020	src/active14.c
0607651E	50	Pattern14_0021	src/active14.c
06076550	72	Pattern14_0022	src/active14.c
06076598	72	Pattern14_0023	src/active14.c
060765E0	32	Pattern14_0024	src/active14.c
06076600	50	Pattern14_0025	src/active14.c
06076632	194	Pattern14_0026	src/active14.c
060766F4	88	Pattern14_0027	src/active14.c
0607674C	108	Pattern14_0028	src/active14.c
060767B8	164	Pattern14_0029	src/active14.c
0607685C	152	Pattern14_0030	src/active14.c
060768F4	164	Pattern14_0031	src/active14.c
06076998	200	Pattern14_0032	src/active14.c
06076A60	168	Pattern14_0033	src/active14.c
06076B08	162	Pattern14_0034	src/active14.c
06076BAA	118	Pattern14_0035	src/active14.c
06076C20	194	Pattern14_0036	src/active14.c
06076CE2	210	Pattern14_0037	src/active14.c
06076DB4	66	Pattern14_0038	src/active14.c
06076DF6	66	Pattern14_0039	src/active14.c
06076E38	66	Pattern14_0040	src/active14.c
06076E7A	88	Pattern14_0041	src/active14.c
06076ED2	132	Pattern14_0042	src/active14.c
06076F56	80	Pattern14_0043	src/active14.c
06076FA6	58	Pattern14_0044	src/active14.c
06076FE0	92	Pattern14_0045	src/active14.c
0607703C	58	Pattern14_0046	src/active14.c
06077076	50	Pattern14_0047	src/active14.c
060770A8	50	Pattern14_0048	src/active14.c
060770DA	50	Pattern14_0049	src/active14.c
0607710C	54	Pattern14_0050	src/active14.c
06077142	122	Pattern14_0051	src/active14.c
060771BC	186	Pattern14_0052	src/active14.c
06077276	70	Pattern14_0053	src/active14.c
060772BC	70	Pattern14_0054	src/active14.c
06077302	106	Pattern14_0055	src/active14.c
0607736C	94	Pattern14_0056	src/active14.c
060773CA	122	Pattern14_0057	src/active14.c
06077444	128	Pattern14_0058	src/active14.c
060774C4	204	Pattern14_0059	src/active14.c
06077590	200	Pattern14_0060	src/active14.c
06077658	156	Pattern14_0061	src/active14.c
060776F4	190	Pattern14_0062	src/active14.c
060777B2	246	Pattern14_0063	src/active14.c
060778A8	262	Pattern14_0064	src/active14.c
060779AE	162	Pattern14_0065	src/active14.c
06077A50	180	Pattern14_0066	src/active14.c
06077B04	118	Pattern14_0067	src/active14.c
06077B7A	94	Pattern14_0068	src/active14.c
06077BD8	74	Pattern14_0069	src/active14.c
06077C22	74	Pattern14_0070	src/active14.c
06077C6C	74	Pattern14_0071	src/active14.c
06077CB6	94	Pattern14_0072	src/active14.c
06077D14	60	Pattern14_0073	src/active14.c
06077D50	60	Pattern14_0074	src/active14.c
06077D8C	32	Pattern14_0075	src/active14.c
06077DAC	120	Pattern14_0076	src/active14.c
06077E24	68	Pattern14_0077	src/active14.c
06077E68	112	Pattern14_0078	src/active14.c
06077ED8	98	Pattern14_0079	src/active14.c
06077F3A	44	Pattern14_0080	src/active14.c
06077F66	94	Pattern14_0081	src/active14.c
06077FC4	44	Pattern14_0082	src/active14.c
06077FF0	136	Pattern14_0083	src/active14.c
06078078	142	Pattern14_0084	src/active14.c
06078106	104	Pattern14_0085	src/active14.c
0607816E	78	Pattern14_0086	src/active14.c
060781BC	172	Pattern14_0087	src/active14.c
06078268	94	Pattern14_0088	src/active14.c
060782C6	134	Pattern14_0089	src/active14.c
0607834C	130	Pattern14_0090	src/active14.c
060783CE	200	Pattern14_0091	src/active14.c
06078496	106	Pattern14_0092	src/active14.c
06078500	152	Pattern14_0093	src/active14.c
06078598	106	Pattern14_0094	src/active14.c
06078602	134	Pattern14_0095	src/active14.c
06078688	80	Pattern14_0096	src/active14.c
060786D8	80	Pattern14_0097	src/active14.c
06078728	80	Pattern14_0098	src/active14.c
06078778	80	Pattern14_0099	src/active14.c
060787C8	134	Pattern14_0100	src/active14.c
0607884E	118	Pattern14_0101	src/active14.c
060788C4	152	Pattern14_0102	src/active14.c
0607895C	118	Pattern14_0103	src/active14.c
060789D2	58	Pattern14_0104	src/active14.c
06078A0C	90	Pattern14_0105	src/active14.c
06078A66	58	Pattern14_0106	src/active14.c
06078AA0	58	Pattern14_0107	src/active14.c
06078ADA	164	Pattern14_0108	src/active14.c
06078B7E	132	Pattern14_0109	src/active14.c
06078C02	162	Pattern14_0110	src/active14.c
06078CA4	132	Pattern14_0111	src/active14.c
06078D28	50	Pattern14_0112	src/active14.c
06078D5A	150	Pattern14_0113	src/active14.c
06078DF0	172	Pattern14_0114	src/active14.c
06078E9C	138	Pattern14_0115	src/active14.c
06078F26	170	Pattern14_0116	src/active14.c
06078FD0	136	Pattern14_0117	src/active14.c
06079058	154	Pattern14_0118	src/active14.c
060790F2	120	Pattern14_0119	src/active14.c
0607916A	82	Pattern14_0120	src/active14.c
060791BC	72	Pattern14_0121	src/active14.c
06079204	72	Pattern14_0122	src/active14.c
0607924C	72	Pattern14_0123	src/active14.c
06079294	72	Pattern14_0124	src/active14.c
060792DC	58	Pattern14_0125	src/active14.c
06079316	58	Pattern14_0126	src/active14.c
06079350	58	Pattern14_0127	src/active14.c
0607938A	102	Pattern14_0128	src/active14.c
060793F0	84	Pattern14_0129	src/active14.c
06079444	58	Pattern14_0130	src/active14.c
0607947E	82	Pattern14_0131	src/active14.c
060794D0	44	Pattern14_0132	src/active14.c
060794FC	44	Pattern14_0133	src/active14.c
06079528	44	Pattern14_0134	src/active14.c
06079554	44	Pattern14_0135	src/active14.c
06079580	96	Pattern14_0136	src/active14.c
060795E0	136	Pattern14_0137	src/active14.c
06079668	170	Pattern14_0138	src/active14.c
06079712	150	Pattern14_0139	src/active14.c
060797A8	112	Pattern14_0140	src/active14.c
06079818	60	Pattern14_0141	src/active14.c
06079854	166	Pattern14_0142	src/active14.c
060798FA	108	Pattern14_0143	src/active14.c
06079966	90	Pattern14_0144	src/active14.c
060799C0	120	Pattern14_0145	src/active14.c
06079A38	152	Pattern14_0146	src/active14.c
06079AD0	120	Pattern14_0147	src/active14.c
06079B48	152	Pattern14_0148	src/active14.c
06079BE0	72	Pattern14_0149	src/active14.c
06079C28	124	Pattern14_0150	src/active14.c
06079CA4	24	Computer15	src/active15.c
06079CBC	40	Pattern15_0000	src/active15.c
06079CE4	30	Pattern15_0001	src/active15.c
06079D02	32	Pattern15_0002	src/active15.c
06079D22	32	Pattern15_0003	src/active15.c
06079D42	32	Pattern15_0004	src/active15.c
06079D62	66	Pattern15_0005	src/active15.c
06079DA4	32	Pattern15_0006	src/active15.c
06079DC4	32	Pattern15_0007	src/active15.c
06079DE4	32	Pattern15_0008	src/active15.c
06079E04	32	Pattern15_0009	src/active15.c
06079E24	32	Pattern15_0010	src/active15.c
06079E44	32	Pattern15_0011	src/active15.c
06079E64	52	Pattern15_0012	src/active15.c
06079E98	32	Pattern15_0013	src/active15.c
06079EB8	50	Pattern15_0014	src/active15.c
06079EEA	50	Pattern15_0015	src/active15.c
06079F1C	50	Pattern15_0016	src/active15.c
06079F4E	94	Pattern15_0017	src/active15.c
06079FAC	50	Pattern15_0018	src/active15.c
06079FDE	50	Pattern15_0019	src/active15.c
0607A010	50	Pattern15_0020	src/active15.c
0607A042	50	Pattern15_0021	src/active15.c
0607A074	72	Pattern15_0022	src/active15.c
0607A0BC	72	Pattern15_0023	src/active15.c
0607A104	32	Pattern15_0024	src/active15.c
0607A124	50	Pattern15_0025	src/active15.c
0607A156	194	Pattern15_0026	src/active15.c
0607A218	88	Pattern15_0027	src/active15.c
0607A270	108	Pattern15_0028	src/active15.c
0607A2DC	164	Pattern15_0029	src/active15.c
0607A380	152	Pattern15_0030	src/active15.c
0607A418	164	Pattern15_0031	src/active15.c
0607A4BC	200	Pattern15_0032	src/active15.c
0607A584	168	Pattern15_0033	src/active15.c
0607A62C	162	Pattern15_0034	src/active15.c
0607A6CE	118	Pattern15_0035	src/active15.c
0607A744	194	Pattern15_0036	src/active15.c
0607A806	210	Pattern15_0037	src/active15.c
0607A8D8	66	Pattern15_0038	src/active15.c
0607A91A	66	Pattern15_0039	src/active15.c
0607A95C	66	Pattern15_0040	src/active15.c
0607A99E	88	Pattern15_0041	src/active15.c
0607A9F6	132	Pattern15_0042	src/active15.c
0607AA7A	80	Pattern15_0043	src/active15.c
0607AACA	58	Pattern15_0044	src/active15.c
0607AB04	92	Pattern15_0045	src/active15.c
0607AB60	58	Pattern15_0046	src/active15.c
0607AB9A	50	Pattern15_0047	src/active15.c
0607ABCC	50	Pattern15_0048	src/active15.c
0607ABFE	50	Pattern15_0049	src/active15.c
0607AC30	54	Pattern15_0050	src/active15.c
0607AC66	122	Pattern15_0051	src/active15.c
0607ACE0	186	Pattern15_0052	src/active15.c
0607AD9A	70	Pattern15_0053	src/active15.c
0607ADE0	70	Pattern15_0054	src/active15.c
0607AE26	106	Pattern15_0055	src/active15.c
0607AE90	94	Pattern15_0056	src/active15.c
0607AEEE	122	Pattern15_0057	src/active15.c
0607AF68	128	Pattern15_0058	src/active15.c
0607AFE8	204	Pattern15_0059	src/active15.c
0607B0B4	200	Pattern15_0060	src/active15.c
0607B17C	156	Pattern15_0061	src/active15.c
0607B218	190	Pattern15_0062	src/active15.c
0607B2D6	246	Pattern15_0063	src/active15.c
0607B3CC	262	Pattern15_0064	src/active15.c
0607B4D2	162	Pattern15_0065	src/active15.c
0607B574	180	Pattern15_0066	src/active15.c
0607B628	118	Pattern15_0067	src/active15.c
0607B69E	94	Pattern15_0068	src/active15.c
0607B6FC	74	Pattern15_0069	src/active15.c
0607B746	74	Pattern15_0070	src/active15.c
0607B790	74	Pattern15_0071	src/active15.c
0607B7DA	94	Pattern15_0072	src/active15.c
0607B838	60	Pattern15_0073	src/active15.c
0607B874	60	Pattern15_0074	src/active15.c
0607B8B0	32	Pattern15_0075	src/active15.c
0607B8D0	120	Pattern15_0076	src/active15.c
0607B948	68	Pattern15_0077	src/active15.c
0607B98C	112	Pattern15_0078	src/active15.c
0607B9FC	98	Pattern15_0079	src/active15.c
0607BA5E	44	Pattern15_0080	src/active15.c
0607BA8A	94	Pattern15_0081	src/active15.c
0607BAE8	44	Pattern15_0082	src/active15.c
0607BB14	136	Pattern15_0083	src/active15.c
0607BB9C	146	Pattern15_0084	src/active15.c
0607BC2E	104	Pattern15_0085	src/active15.c
0607BC96	78	Pattern15_0086	src/active15.c
0607BCE4	176	Pattern15_0087	src/active15.c
0607BD94	94	Pattern15_0088	src/active15.c
0607BDF2	134	Pattern15_0089	src/active15.c
0607BE78	130	Pattern15_0090	src/active15.c
0607BEFA	196	Pattern15_0091	src/active15.c
0607BFBE	106	Pattern15_0092	src/active15.c
0607C028	152	Pattern15_0093	src/active15.c
0607C0C0	106	Pattern15_0094	src/active15.c
0607C12A	134	Pattern15_0095	src/active15.c
0607C1B0	80	Pattern15_0096	src/active15.c
0607C200	80	Pattern15_0097	src/active15.c
0607C250	80	Pattern15_0098	src/active15.c
0607C2A0	80	Pattern15_0099	src/active15.c
0607C2F0	134	Pattern15_0100	src/active15.c
0607C376	118	Pattern15_0101	src/active15.c
0607C3EC	152	Pattern15_0102	src/active15.c
0607C484	118	Pattern15_0103	src/active15.c
0607C4FA	58	Pattern15_0104	src/active15.c
0607C534	90	Pattern15_0105	src/active15.c
0607C58E	58	Pattern15_0106	src/active15.c
0607C5C8	58	Pattern15_0107	src/active15.c
0607C602	164	Pattern15_0108	src/active15.c
0607C6A6	132	Pattern15_0109	src/active15.c
0607C72A	162	Pattern15_0110	src/active15.c
0607C7CC	132	Pattern15_0111	src/active15.c
0607C850	50	Pattern15_0112	src/active15.c
0607C882	150	Pattern15_0113	src/active15.c
0607C918	172	Pattern15_0114	src/active15.c
0607C9C4	138	Pattern15_0115	src/active15.c
0607CA4E	170	Pattern15_0116	src/active15.c
0607CAF8	136	Pattern15_0117	src/active15.c
0607CB80	154	Pattern15_0118	src/active15.c
0607CC1A	120	Pattern15_0119	src/active15.c
0607CC92	82	Pattern15_0120	src/active15.c
0607CCE4	72	Pattern15_0121	src/active15.c
0607CD2C	72	Pattern15_0122	src/active15.c
0607CD74	72	Pattern15_0123	src/active15.c
0607CDBC	72	Pattern15_0124	src/active15.c
0607CE04	58	Pattern15_0125	src/active15.c
0607CE3E	58	Pattern15_0126	src/active15.c
0607CE78	58	Pattern15_0127	src/active15.c
0607CEB2	102	Pattern15_0128	src/active15.c
0607CF18	84	Pattern15_0129	src/active15.c
0607CF6C	58	Pattern15_0130	src/active15.c
0607CFA6	82	Pattern15_0131	src/active15.c
0607CFF8	44	Pattern15_0132	src/active15.c
0607D024	44	Pattern15_0133	src/active15.c
0607D050	44	Pattern15_0134	src/active15.c
0607D07C	44	Pattern15_0135	src/active15.c
0607D0A8	96	Pattern15_0136	src/active15.c
0607D108	136	Pattern15_0137	src/active15.c
0607D190	170	Pattern15_0138	src/active15.c
0607D23A	150	Pattern15_0139	src/active15.c
0607D2D0	112	Pattern15_0140	src/active15.c
0607D340	60	Pattern15_0141	src/active15.c
0607D37C	166	Pattern15_0142	src/active15.c
0607D422	108	Pattern15_0143	src/active15.c
0607D48E	90	Pattern15_0144	src/active15.c
0607D4E8	120	Pattern15_0145	src/active15.c
0607D560	152	Pattern15_0146	src/active15.c
0607D5F8	120	Pattern15_0147	src/active15.c
0607D670	152	Pattern15_0148	src/active15.c
0607D708	24	Computer16	src/active16.c
0607D720	40	Pattern16_0000	src/active16.c
0607D748	40	Pattern16_0001	src/active16.c
0607D770	54	Pattern16_0002	src/active16.c
0607D7A6	44	Pattern16_0003	src/active16.c
0607D7D2	94	Pattern16_0004	src/active16.c
0607D830	70	Pattern16_0005	src/active16.c
0607D876	30	Pattern16_0006	src/active16.c
0607D894	76	Pattern16_0007	src/active16.c
0607D8E0	72	Pattern16_0008	src/active16.c
0607D928	54	Pattern16_0009	src/active16.c
0607D95E	32	Pattern16_0010	src/active16.c
0607D97E	32	Pattern16_0011	src/active16.c
0607D99E	32	Pattern16_0012	src/active16.c
0607D9BE	32	Pattern16_0013	src/active16.c
0607D9DE	106	Pattern16_0014	src/active16.c
0607DA48	34	Pattern16_0015	src/active16.c
0607DA6A	48	Pattern16_0016	src/active16.c
0607DA9A	50	Pattern16_0017	src/active16.c
0607DACC	50	Pattern16_0018	src/active16.c
0607DAFE	66	Pattern16_0019	src/active16.c
0607DB40	72	Pattern16_0020	src/active16.c
0607DB88	66	Pattern16_0021	src/active16.c
0607DBCA	50	Pattern16_0022	src/active16.c
0607DBFC	32	Pattern16_0023	src/active16.c
0607DC1C	72	Pattern16_0024	src/active16.c
0607DC64	48	Pattern16_0025	src/active16.c
0607DC94	62	Pattern16_0026	src/active16.c
0607DCD2	30	Pattern16_0027	src/active16.c
0607DCF0	32	Pattern16_0028	src/active16.c
0607DD10	114	Pattern16_0029	src/active16.c
0607DD82	44	Pattern16_0030	src/active16.c
0607DDAE	84	Pattern16_0031	src/active16.c
0607DE02	64	Pattern16_0032	src/active16.c
0607DE42	104	Pattern16_0033	src/active16.c
0607DEAA	62	Pattern16_0034	src/active16.c
0607DEE8	32	Pattern16_0035	src/active16.c
0607DF08	32	Pattern16_0036	src/active16.c
0607DF28	92	Pattern16_0037	src/active16.c
0607DF84	58	Pattern16_0038	src/active16.c
0607DFBE	72	Pattern16_0039	src/active16.c
0607E006	64	Pattern16_0040	src/active16.c
0607E046	92	Pattern16_0041	src/active16.c
0607E0A2	64	Pattern16_0042	src/active16.c
0607E0E2	154	Pattern16_0043	src/active16.c
0607E17C	82	Pattern16_0044	src/active16.c
0607E1CE	108	Pattern16_0045	src/active16.c
0607E23A	50	Pattern16_0046	src/active16.c
0607E26C	50	Pattern16_0047	src/active16.c
0607E29E	50	Pattern16_0048	src/active16.c
0607E2D0	50	Pattern16_0049	src/active16.c
0607E302	50	Pattern16_0050	src/active16.c
0607E334	88	Pattern16_0051	src/active16.c
0607E38C	78	Pattern16_0052	src/active16.c
0607E3DA	72	Pattern16_0053	src/active16.c
0607E422	134	Pattern16_0054	src/active16.c
0607E4A8	40	Pattern16_0055	src/active16.c
0607E4D0	50	Pattern16_0056	src/active16.c
0607E502	50	Pattern16_0057	src/active16.c
0607E534	50	Pattern16_0058	src/active16.c
0607E566	74	Pattern16_0059	src/active16.c
0607E5B0	50	Pattern16_0060	src/active16.c
0607E5E2	64	Pattern16_0061	src/active16.c
0607E622	34	Pattern16_0062	src/active16.c
0607E644	34	Pattern16_0063	src/active16.c
0607E666	74	Pattern16_0064	src/active16.c
0607E6B0	50	Pattern16_0065	src/active16.c
0607E6E2	50	Pattern16_0066	src/active16.c
0607E714	34	Pattern16_0067	src/active16.c
0607E736	74	Pattern16_0068	src/active16.c
0607E780	24	Computer17	src/active17.c
0607E798	40	Pattern17_0000	src/active17.c
0607E7C0	36	Pattern17_0001	src/active17.c
0607E7E4	64	Pattern17_0002	src/active17.c
0607E824	44	Pattern17_0003	src/active17.c
0607E850	94	Pattern17_0004	src/active17.c
0607E8AE	72	Pattern17_0005	src/active17.c
0607E8F6	30	Pattern17_0006	src/active17.c
0607E914	76	Pattern17_0007	src/active17.c
0607E960	72	Pattern17_0008	src/active17.c
0607E9A8	54	Pattern17_0009	src/active17.c
0607E9DE	32	Pattern17_0010	src/active17.c
0607E9FE	32	Pattern17_0011	src/active17.c
0607EA1E	32	Pattern17_0012	src/active17.c
0607EA3E	34	Pattern17_0013	src/active17.c
0607EA60	102	Pattern17_0014	src/active17.c
0607EAC6	34	Pattern17_0015	src/active17.c
0607EAE8	34	Pattern17_0016	src/active17.c
0607EB0A	50	Pattern17_0017	src/active17.c
0607EB3C	72	Pattern17_0018	src/active17.c
0607EB84	72	Pattern17_0019	src/active17.c
0607EBCC	68	Pattern17_0020	src/active17.c
0607EC10	66	Pattern17_0021	src/active17.c
0607EC52	50	Pattern17_0022	src/active17.c
0607EC84	32	Pattern17_0023	src/active17.c
0607ECA4	72	Pattern17_0024	src/active17.c
0607ECEC	34	Pattern17_0025	src/active17.c
0607ED0E	62	Pattern17_0026	src/active17.c
0607ED4C	30	Pattern17_0027	src/active17.c
0607ED6A	32	Pattern17_0028	src/active17.c
0607ED8A	102	Pattern17_0029	src/active17.c
0607EDF0	44	Pattern17_0030	src/active17.c
0607EE1C	84	Pattern17_0031	src/active17.c
0607EE70	64	Pattern17_0032	src/active17.c
0607EEB0	98	Pattern17_0033	src/active17.c
0607EF12	62	Pattern17_0034	src/active17.c
0607EF50	32	Pattern17_0035	src/active17.c
0607EF70	32	Pattern17_0036	src/active17.c
0607EF90	96	Pattern17_0037	src/active17.c
0607EFF0	58	Pattern17_0038	src/active17.c
0607F02A	86	Pattern17_0039	src/active17.c
0607F080	64	Pattern17_0040	src/active17.c
0607F0C0	92	Pattern17_0041	src/active17.c
0607F11C	60	Pattern17_0042	src/active17.c
0607F158	122	Pattern17_0043	src/active17.c
0607F1D2	82	Pattern17_0044	src/active17.c
0607F224	108	Pattern17_0045	src/active17.c
0607F290	84	Pattern17_0046	src/active17.c
0607F2E4	100	Pattern17_0047	src/active17.c
0607F348	64	Pattern17_0048	src/active17.c
0607F388	50	Pattern17_0049	src/active17.c
0607F3BA	50	Pattern17_0050	src/active17.c
0607F3EC	50	Pattern17_0051	src/active17.c
0607F41E	116	Pattern17_0052	src/active17.c
0607F492	186	Pattern17_0053	src/active17.c
0607F54C	72	Pattern17_0054	src/active17.c
0607F594	40	Pattern17_0055	src/active17.c
0607F5BC	50	Pattern17_0056	src/active17.c
0607F5EE	50	Pattern17_0057	src/active17.c
0607F620	50	Pattern17_0058	src/active17.c
0607F652	80	Pattern17_0059	src/active17.c
0607F6A2	50	Pattern17_0060	src/active17.c
0607F6D4	74	Pattern17_0061	src/active17.c
0607F71E	34	Pattern17_0062	src/active17.c
0607F740	34	Pattern17_0063	src/active17.c
0607F762	90	Pattern17_0064	src/active17.c
0607F7BC	54	Pattern17_0065	src/active17.c
0607F7F2	52	Pattern17_0066	src/active17.c
0607F826	32	Pattern17_0067	src/active17.c
0607F846	50	Pattern17_0068	src/active17.c
0607F878	60	Pattern17_0069	src/active17.c
0607F8B4	24	Computer18	src/active18.c
0607F8CC	40	Pattern18_0000	src/active18.c
0607F8F4	36	Pattern18_0001	src/active18.c
0607F918	64	Pattern18_0002	src/active18.c
0607F958	44	Pattern18_0003	src/active18.c
0607F984	94	Pattern18_0004	src/active18.c
0607F9E2	70	Pattern18_0005	src/active18.c
0607FA28	30	Pattern18_0006	src/active18.c
0607FA46	76	Pattern18_0007	src/active18.c
0607FA92	70	Pattern18_0008	src/active18.c
0607FAD8	54	Pattern18_0009	src/active18.c
0607FB0E	32	Pattern18_0010	src/active18.c
0607FB2E	32	Pattern18_0011	src/active18.c
0607FB4E	32	Pattern18_0012	src/active18.c
0607FB6E	32	Pattern18_0013	src/active18.c
0607FB8E	106	Pattern18_0014	src/active18.c
0607FBF8	34	Pattern18_0015	src/active18.c
0607FC1A	34	Pattern18_0016	src/active18.c
0607FC3C	50	Pattern18_0017	src/active18.c
0607FC6E	50	Pattern18_0018	src/active18.c
0607FCA0	34	Pattern18_0019	src/active18.c
0607FCC2	102	Pattern18_0020	src/active18.c
0607FD28	66	Pattern18_0021	src/active18.c
0607FD6A	50	Pattern18_0022	src/active18.c
0607FD9C	32	Pattern18_0023	src/active18.c
0607FDBC	34	Pattern18_0024	src/active18.c
0607FDDE	70	Pattern18_0025	src/active18.c
0607FE24	62	Pattern18_0026	src/active18.c
0607FE62	30	Pattern18_0027	src/active18.c
0607FE80	32	Pattern18_0028	src/active18.c
0607FEA0	68	Pattern18_0029	src/active18.c
0607FEE4	80	Pattern18_0030	src/active18.c
0607FF34	80	Pattern18_0031	src/active18.c
0607FF84	64	Pattern18_0032	src/active18.c
0607FFC4	96	Pattern18_0033	src/active18.c
06080024	62	Pattern18_0034	src/active18.c
06080062	32	Pattern18_0035	src/active18.c
06080082	32	Pattern18_0036	src/active18.c
060800A2	64	Pattern18_0037	src/active18.c
060800E2	86	Pattern18_0038	src/active18.c
06080138	76	Pattern18_0039	src/active18.c
06080184	64	Pattern18_0040	src/active18.c
060801C4	68	Pattern18_0041	src/active18.c
06080208	60	Pattern18_0042	src/active18.c
06080244	148	Pattern18_0043	src/active18.c
060802D8	82	Pattern18_0044	src/active18.c
0608032A	108	Pattern18_0045	src/active18.c
06080396	50	Pattern18_0046	src/active18.c
060803C8	50	Pattern18_0047	src/active18.c
060803FA	50	Pattern18_0048	src/active18.c
0608042C	50	Pattern18_0049	src/active18.c
0608045E	50	Pattern18_0050	src/active18.c
06080490	92	Pattern18_0051	src/active18.c
060804EC	98	Pattern18_0052	src/active18.c
0608054E	142	Pattern18_0053	src/active18.c
060805DC	72	Pattern18_0054	src/active18.c
06080624	40	Pattern18_0055	src/active18.c
0608064C	50	Pattern18_0056	src/active18.c
0608067E	50	Pattern18_0057	src/active18.c
060806B0	88	Pattern18_0058	src/active18.c
06080708	50	Pattern18_0059	src/active18.c
0608073A	50	Pattern18_0060	src/active18.c
0608076C	50	Pattern18_0061	src/active18.c
0608079E	34	Pattern18_0062	src/active18.c
060807C0	34	Pattern18_0063	src/active18.c
060807E2	58	Pattern18_0064	src/active18.c
0608081C	34	Pattern18_0065	src/active18.c
0608083E	64	Pattern18_0066	src/active18.c
0608087E	50	Pattern18_0067	src/active18.c
060808B0	88	Pattern18_0068	src/active18.c
06080908	74	Pattern18_0069	src/active18.c
06080952	98	Pattern18_0070	src/active18.c
060809B4	112	Pattern18_0071	src/active18.c
06080A24	104	Pattern18_0072	src/active18.c
06080A8C	194	Pattern18_0073	src/active18.c
06080B4E	128	Pattern18_0074	src/active18.c
06080BCE	180	Pattern18_0075	src/active18.c
06080C82	82	Pattern18_0076	src/active18.c
06080CD4	116	Pattern18_0077	src/active18.c
06080D48	90	Pattern18_0078	src/active18.c
06080DA2	174	Pattern18_0079	src/active18.c
06080E50	82	Pattern18_0080	src/active18.c
06080EA2	114	Pattern18_0081	src/active18.c
06080F14	180	Pattern18_0082	src/active18.c
06080FC8	24	Computer19	src/active19.c
06080FE0	40	Pattern19_0000	src/active19.c
06081008	36	Pattern19_0001	src/active19.c
0608102C	74	Pattern19_0002	src/active19.c
06081076	44	Pattern19_0003	src/active19.c
060810A2	96	Pattern19_0004	src/active19.c
06081102	70	Pattern19_0005	src/active19.c
06081148	30	Pattern19_0006	src/active19.c
06081166	76	Pattern19_0007	src/active19.c
060811B2	70	Pattern19_0008	src/active19.c
060811F8	54	Pattern19_0009	src/active19.c
0608122E	32	Pattern19_0010	src/active19.c
0608124E	32	Pattern19_0011	src/active19.c
0608126E	32	Pattern19_0012	src/active19.c
0608128E	32	Pattern19_0013	src/active19.c
060812AE	106	Pattern19_0014	src/active19.c
06081318	34	Pattern19_0015	src/active19.c
0608133A	34	Pattern19_0016	src/active19.c
0608135C	50	Pattern19_0017	src/active19.c
0608138E	74	Pattern19_0018	src/active19.c
060813D8	64	Pattern19_0019	src/active19.c
06081418	76	Pattern19_0020	src/active19.c
06081464	66	Pattern19_0021	src/active19.c
060814A6	50	Pattern19_0022	src/active19.c
060814D8	32	Pattern19_0023	src/active19.c
060814F8	76	Pattern19_0024	src/active19.c
06081544	34	Pattern19_0025	src/active19.c
06081566	62	Pattern19_0026	src/active19.c
060815A4	30	Pattern19_0027	src/active19.c
060815C2	32	Pattern19_0028	src/active19.c
060815E2	110	Pattern19_0029	src/active19.c
06081650	44	Pattern19_0030	src/active19.c
0608167C	80	Pattern19_0031	src/active19.c
060816CC	64	Pattern19_0032	src/active19.c
0608170C	108	Pattern19_0033	src/active19.c
06081778	62	Pattern19_0034	src/active19.c
060817B6	32	Pattern19_0035	src/active19.c
060817D6	32	Pattern19_0036	src/active19.c
060817F6	64	Pattern19_0037	src/active19.c
06081836	74	Pattern19_0038	src/active19.c
06081880	68	Pattern19_0039	src/active19.c
060818C4	68	Pattern19_0040	src/active19.c
06081908	64	Pattern19_0041	src/active19.c
06081948	88	Pattern19_0042	src/active19.c
060819A0	122	Pattern19_0043	src/active19.c
06081A1A	106	Pattern19_0044	src/active19.c
06081A84	108	Pattern19_0045	src/active19.c
06081AF0	50	Pattern19_0046	src/active19.c
06081B22	72	Pattern19_0047	src/active19.c
06081B6A	50	Pattern19_0048	src/active19.c
06081B9C	72	Pattern19_0049	src/active19.c
06081BE4	72	Pattern19_0050	src/active19.c
06081C2C	72	Pattern19_0051	src/active19.c
06081C74	138	Pattern19_0052	src/active19.c
06081CFE	76	Pattern19_0053	src/active19.c
06081D4A	76	Pattern19_0054	src/active19.c
06081D96	40	Pattern19_0055	src/active19.c
06081DBE	50	Pattern19_0056	src/active19.c
06081DF0	50	Pattern19_0057	src/active19.c
06081E22	54	Pattern19_0058	src/active19.c
06081E58	54	Pattern19_0059	src/active19.c
06081E8E	50	Pattern19_0060	src/active19.c
06081EC0	100	Pattern19_0061	src/active19.c
06081F24	34	Pattern19_0062	src/active19.c
06081F46	34	Pattern19_0063	src/active19.c
06081F68	32	Pattern19_0064	src/active19.c
06081F88	50	Pattern19_0065	src/active19.c
06081FBA	86	Pattern19_0066	src/active19.c
06082010	50	Pattern19_0067	src/active19.c
06082042	74	Pattern19_0068	src/active19.c
0608208C	64	Pattern19_0069	src/active19.c
060820CC	64	Pattern19_0070	src/active19.c
0608210C	30	Pattern19_0071	src/active19.c
0608212A	50	Pattern19_0072	src/active19.c
0608215C	50	Pattern19_0073	src/active19.c
0608218E	50	Pattern19_0074	src/active19.c
060821C0	32	Pattern19_0075	src/active19.c
060821E0	34	Pattern19_0076	src/active19.c
06082202	70	Pattern19_0077	src/active19.c
06082248	32	Pattern19_0078	src/active19.c
06082268	32	Pattern19_0079	src/active19.c
06082288	58	Pattern19_0080	src/active19.c
060822C2	74	Pattern19_0081	src/active19.c
0608230C	104	Pattern19_0082	src/active19.c
06082374	74	Pattern19_0083	src/active19.c
060823BE	58	Pattern19_0084	src/active19.c
060823F8	74	Pattern19_0085	src/active19.c
06082442	98	Pattern19_0086	src/active19.c
060824A4	74	Pattern19_0087	src/active19.c
060824EE	58	Pattern19_0088	src/active19.c
06082528	74	Pattern19_0089	src/active19.c
06082572	98	Pattern19_0090	src/active19.c
060825D4	74	Pattern19_0091	src/active19.c
0608261E	64	Pattern19_0092	src/active19.c
0608265E	64	Pattern19_0093	src/active19.c
0608269E	96	Pattern19_0094	src/active19.c
060826FE	64	Pattern19_0095	src/active19.c
0608273E	64	Pattern19_0096	src/active19.c
0608277E	64	Pattern19_0097	src/active19.c
060827BE	82	Pattern19_0098	src/active19.c
06082810	64	Pattern19_0099	src/active19.c
06082850	64	Pattern19_0100	src/active19.c
06082890	64	Pattern19_0101	src/active19.c
060828D0	88	Pattern19_0102	src/active19.c
06082928	80	Pattern19_0103	src/active19.c
06082978	94	Pattern19_0104	src/active19.c
060829D6	94	Pattern19_0105	src/active19.c
06082A34	58	Pattern19_0106	src/active19.c
06082A6E	72	Pattern19_0107	src/active19.c
06082AB6	110	Pattern19_0108	src/active19.c
06082B24	24	Computer20	src/active20.c
06082B3C	40	Pattern20_0000	src/active20.c
06082B64	36	Pattern20_0001	src/active20.c
06082B88	50	Pattern20_0002	src/active20.c
06082BBA	44	Pattern20_0003	src/active20.c
06082BE6	90	Pattern20_0004	src/active20.c
06082C40	70	Pattern20_0005	src/active20.c
06082C86	30	Pattern20_0006	src/active20.c
06082CA4	76	Pattern20_0007	src/active20.c
06082CF0	32	Pattern20_0008	src/active20.c
06082D10	92	Pattern20_0009	src/active20.c
06082D6C	32	Pattern20_0010	src/active20.c
06082D8C	32	Pattern20_0011	src/active20.c
06082DAC	32	Pattern20_0012	src/active20.c
06082DCC	34	Pattern20_0013	src/active20.c
06082DEE	66	Pattern20_0014	src/active20.c
06082E30	80	Pattern20_0015	src/active20.c
06082E80	34	Pattern20_0016	src/active20.c
06082EA2	50	Pattern20_0017	src/active20.c
06082ED4	50	Pattern20_0018	src/active20.c
06082F06	34	Pattern20_0019	src/active20.c
06082F28	96	Pattern20_0020	src/active20.c
06082F88	66	Pattern20_0021	src/active20.c
06082FCA	50	Pattern20_0022	src/active20.c
06082FFC	32	Pattern20_0023	src/active20.c
0608301C	34	Pattern20_0024	src/active20.c
0608303E	34	Pattern20_0025	src/active20.c
06083060	94	Pattern20_0026	src/active20.c
060830BE	30	Pattern20_0027	src/active20.c
060830DC	32	Pattern20_0028	src/active20.c
060830FC	68	Pattern20_0029	src/active20.c
06083140	84	Pattern20_0030	src/active20.c
06083194	80	Pattern20_0031	src/active20.c
060831E4	72	Pattern20_0032	src/active20.c
0608322C	96	Pattern20_0033	src/active20.c
0608328C	62	Pattern20_0034	src/active20.c
060832CA	32	Pattern20_0035	src/active20.c
060832EA	32	Pattern20_0036	src/active20.c
0608330A	44	Pattern20_0037	src/active20.c
06083336	100	Pattern20_0038	src/active20.c
0608339A	64	Pattern20_0039	src/active20.c
060833DA	64	Pattern20_0040	src/active20.c
0608341A	66	Pattern20_0041	src/active20.c
0608345C	60	Pattern20_0042	src/active20.c
06083498	148	Pattern20_0043	src/active20.c
0608352C	82	Pattern20_0044	src/active20.c
0608357E	108	Pattern20_0045	src/active20.c
060835EA	50	Pattern20_0046	src/active20.c
0608361C	50	Pattern20_0047	src/active20.c
0608364E	50	Pattern20_0048	src/active20.c
06083680	50	Pattern20_0049	src/active20.c
060836B2	50	Pattern20_0050	src/active20.c
060836E4	92	Pattern20_0051	src/active20.c
06083740	78	Pattern20_0052	src/active20.c
0608378E	72	Pattern20_0053	src/active20.c
060837D6	134	Pattern20_0054	src/active20.c
0608385C	40	Pattern20_0055	src/active20.c
06083884	50	Pattern20_0056	src/active20.c
060838B6	50	Pattern20_0057	src/active20.c
060838E8	50	Pattern20_0058	src/active20.c
0608391A	74	Pattern20_0059	src/active20.c
06083964	50	Pattern20_0060	src/active20.c
06083996	50	Pattern20_0061	src/active20.c
060839C8	34	Pattern20_0062	src/active20.c
060839EA	34	Pattern20_0063	src/active20.c
06083A0C	32	Pattern20_0064	src/active20.c
06083A2C	86	Pattern20_0065	src/active20.c
06083A82	58	Pattern20_0066	src/active20.c
06083ABC	50	Pattern20_0067	src/active20.c
06083AEE	50	Pattern20_0068	src/active20.c
06083B20	50	Pattern20_0069	src/active20.c
06083B52	50	Pattern20_0070	src/active20.c
06083B84	50	Pattern20_0071	src/active20.c
06083BB6	72	Pattern20_0072	src/active20.c
06083BFE	82	Pattern20_0073	src/active20.c
06083C50	104	Pattern20_0074	src/active20.c
06083CB8	68	Pattern20_0075	src/active20.c
06083CFC	110	Pattern20_0076	src/active20.c
06083D6A	108	Pattern20_0077	src/active20.c
06083DD6	86	Pattern20_0078	src/active20.c
06083E2C	24	Follow01	src/FOLLOW01.c
06083E44	64	Follow01_0000	src/FOLLOW01.c
06083E84	64	Follow01_0001	src/FOLLOW01.c
06083EC4	92	Follow01_0002	src/FOLLOW01.c
06083F20	80	Follow01_0003	src/FOLLOW01.c
06083F70	24	Follow02	src/FOLLOW02.c
06083F88	64	Follow02_0000	src/FOLLOW02.c
06083FC8	46	Follow02_0001	src/FOLLOW02.c
06083FF6	64	Follow02_0002	src/FOLLOW02.c
06084036	86	Follow02_0003	src/FOLLOW02.c
0608408C	24	Shell00	src/SHELL00.c
060840A4	20	Shell00_0000	src/SHELL00.c
060840B8	64	Shell00_0001	src/SHELL00.c
060840F8	64	Shell00_0002	src/SHELL00.c
06084138	50	Shell00_0003	src/SHELL00.c
0608416A	138	Shell00_0004	src/SHELL00.c
060841F4	110	Shell00_0005	src/SHELL00.c
06084262	126	Shell00_0006	src/SHELL00.c
060842E0	50	Shell00_0007	src/SHELL00.c
06084312	110	Shell00_0008	src/SHELL00.c
06084380	74	Shell00_0009	src/SHELL00.c
060843CA	66	Shell00_0010	src/SHELL00.c
0608440C	24	Shell01	src/SHELL01.c
06084424	20	Shell01_0000	src/SHELL01.c
06084438	64	Shell01_0001	src/SHELL01.c
06084478	64	Shell01_0002	src/SHELL01.c
060844B8	124	Shell01_0003	src/SHELL01.c
06084534	88	Shell01_0004	src/SHELL01.c
0608458C	88	Shell01_0005	src/SHELL01.c
060845E4	134	Shell01_0006	src/SHELL01.c
0608466A	104	Shell01_0007	src/SHELL01.c
060846D2	104	Shell01_0008	src/SHELL01.c
0608473A	114	Shell01_0009	src/SHELL01.c
060847AC	24	Shell03	src/SHELL03.c
060847C4	20	Shell03_0000	src/SHELL03.c
060847D8	64	Shell03_0001	src/SHELL03.c
06084818	64	Shell03_0002	src/SHELL03.c
06084858	154	Shell03_0003	src/SHELL03.c
060848F2	110	Shell03_0004	src/SHELL03.c
06084960	148	Shell03_0005	src/SHELL03.c
060849F4	88	Shell03_0006	src/SHELL03.c
06084A4C	50	Shell03_0007	src/SHELL03.c
06084A7E	146	Shell03_0008	src/SHELL03.c
06084B10	74	Shell03_0009	src/SHELL03.c
06084B5A	62	Shell03_0010	src/SHELL03.c
06084B98	24	Shell04	src/SHELL04.c
06084BB0	20	Shell04_0000	src/SHELL04.c
06084BC4	64	Shell04_0001	src/SHELL04.c
06084C04	64	Shell04_0002	src/SHELL04.c
06084C44	154	Shell04_0003	src/SHELL04.c
06084CDE	110	Shell04_0004	src/SHELL04.c
06084D4C	152	Shell04_0005	src/SHELL04.c
06084DE4	88	Shell04_0006	src/SHELL04.c
06084E3C	76	Shell04_0007	src/SHELL04.c
06084E88	150	Shell04_0008	src/SHELL04.c
06084F1E	74	Shell04_0009	src/SHELL04.c
06084F68	20	Shell04_0010	src/SHELL04.c
06084F7C	124	Shell04_0011	src/SHELL04.c
06084FF8	24	Shell05	src/SHELL05.c
06085010	20	Shell05_0000	src/SHELL05.c
06085024	64	Shell05_0001	src/SHELL05.c
06085064	64	Shell05_0002	src/SHELL05.c
060850A4	154	Shell05_0003	src/SHELL05.c
0608513E	110	Shell05_0004	src/SHELL05.c
060851AC	152	Shell05_0005	src/SHELL05.c
06085244	88	Shell05_0006	src/SHELL05.c
0608529C	66	Shell05_0007	src/SHELL05.c
060852DE	150	Shell05_0008	src/SHELL05.c
06085374	74	Shell05_0009	src/SHELL05.c
060853BE	62	Shell05_0010	src/SHELL05.c
060853FC	24	Shell07	src/SHELL07.c
06085414	20	Shell07_0000	src/SHELL07.c
06085428	64	Shell07_0001	src/SHELL07.c
06085468	64	Shell07_0002	src/SHELL07.c
060854A8	154	Shell07_0003	src/SHELL07.c
06085542	110	Shell07_0004	src/SHELL07.c
060855B0	148	Shell07_0005	src/SHELL07.c
06085644	88	Shell07_0006	src/SHELL07.c
0608569C	50	Shell07_0007	src/SHELL07.c
060856CE	146	Shell07_0008	src/SHELL07.c
06085760	74	Shell07_0009	src/SHELL07.c
060857AA	20	Shell07_0010	src/SHELL07.c
060857BE	114	Shell07_0011	src/SHELL07.c
06085830	24	Shell11	src/SHELL11.c
06085848	20	Shell11_0000	src/SHELL11.c
0608585C	64	Shell11_0001	src/SHELL11.c
0608589C	64	Shell11_0002	src/SHELL11.c
060858DC	144	Shell11_0003	src/SHELL11.c
0608596C	108	Shell11_0004	src/SHELL11.c
060859D8	150	Shell11_0005	src/SHELL11.c
06085A6E	88	Shell11_0006	src/SHELL11.c
06085AC6	50	Shell11_0007	src/SHELL11.c
06085AF8	148	Shell11_0008	src/SHELL11.c
06085B8C	74	Shell11_0009	src/SHELL11.c
06085BD6	20	Shell11_0010	src/SHELL11.c
06085BEA	50	Shell11_0011	src/SHELL11.c
06085C1C	70	Shell11_0012	src/SHELL11.c
06085C62	110	Shell11_0013	src/SHELL11.c
06085CD0	24	Shell12	src/SHELL12.c
06085CE8	20	Shell12_0000	src/SHELL12.c
06085CFC	64	Shell12_0001	src/SHELL12.c
06085D3C	64	Shell12_0002	src/SHELL12.c
06085D7C	154	Shell12_0003	src/SHELL12.c
06085E16	110	Shell12_0004	src/SHELL12.c
06085E84	152	Shell12_0005	src/SHELL12.c
06085F1C	88	Shell12_0006	src/SHELL12.c
06085F74	76	Shell12_0007	src/SHELL12.c
06085FC0	142	Shell12_0008	src/SHELL12.c
0608604E	74	Shell12_0009	src/SHELL12.c
06086098	60	Shell12_0010	src/SHELL12.c
060860D4	24	Shell13	src/SHELL13.c
060860EC	20	Shell13_0000	src/SHELL13.c
06086100	64	Shell13_0001	src/SHELL13.c
06086140	64	Shell13_0002	src/SHELL13.c
06086180	144	Shell13_0003	src/SHELL13.c
06086210	110	Shell13_0004	src/SHELL13.c
0608627E	148	Shell13_0005	src/SHELL13.c
06086312	88	Shell13_0006	src/SHELL13.c
0608636A	50	Shell13_0007	src/SHELL13.c
0608639C	148	Shell13_0008	src/SHELL13.c
06086430	74	Shell13_0009	src/SHELL13.c
0608647A	20	Shell13_0010	src/SHELL13.c
0608648E	74	Shell13_0011	src/SHELL13.c
060864D8	24	Shell14	src/SHELL14.c
060864F0	20	Shell14_0000	src/SHELL14.c
06086504	64	Shell14_0001	src/SHELL14.c
06086544	64	Shell14_0002	src/SHELL14.c
06086584	144	Shell14_0003	src/SHELL14.c
06086614	110	Shell14_0004	src/SHELL14.c
06086682	148	Shell14_0005	src/SHELL14.c
06086716	88	Shell14_0006	src/SHELL14.c
0608676E	50	Shell14_0007	src/SHELL14.c
060867A0	148	Shell14_0008	src/SHELL14.c
06086834	74	Shell14_0009	src/SHELL14.c
0608687E	20	Shell14_0010	src/SHELL14.c
06086892	70	Shell14_0011	src/SHELL14.c
060868D8	100	Shell14_0012	src/SHELL14.c
0608693C	4	Shell14_0013	src/aboutspr.c
06086940	308	init_char_gfx_tables	src/aboutspr.c
06086A74	316	setup_kage_cells	src/aboutspr.c
06086BB0	440	setup_hit_mark_cells	src/aboutspr.c
06086D68	344	setup_GILL_exsa_obj	src/aboutspr.c
06086EC0	324	setup_bonus_car_parts	src/aboutspr.c
06087004	20	get_cg_slot_no	src/aboutspr.c
06087018	12	get_cg_slot_addr	src/aboutspr.c
06087024	328	load_char_gfx	src/aboutspr.c
0608716C	70	purge_char_gfx	src/aboutspr.c
060871B2	28	check_cg_data	src/aboutspr.c
060871CE	1086	trans_char_cells	src/aboutspr.c
0608760C	132	make_char_cells_n	src/aboutspr.c
06087690	148	make_char_cells_x	src/aboutspr.c
06087724	128	make_char_cells_y	src/aboutspr.c
060877A4	132	make_char_cells_xy	src/aboutspr.c
06087828	108	char_cell_flip_none	src/aboutspr.c
06087894	102	char_cell_push_block	src/aboutspr.c
060878FA	160	char_cell_flip_x	src/aboutspr.c
0608799A	200	char_cell_flip_y	src/aboutspr.c
06087A62	160	char_cell_unflip_y	src/aboutspr.c
06087B02	188	char_cell_flip_xy	src/aboutspr.c
06087BBE	168	char_cell_unflip_xy	src/aboutspr.c
06087C66	842	set_judge_area_sprite	src/aboutspr.c
06087FB0	508	set_conn_sprite	src/aboutspr.c
060881AC	80	count_conn_cells	src/aboutspr.c
060881FC	498	make_conn_cells	src/aboutspr.c
060883EE	166	all_cgps_put_back	src/aboutspr.c
06088494	102	release_char_cell_blocks	src/aboutspr.c
060884FA	264	sort_push_request	src/aboutspr.c
06088602	196	sort_push_request2	src/aboutspr.c
060886C6	238	sort_push_request3	src/aboutspr.c
060887B4	212	sort_push_request4	src/aboutspr.c
06088888	106	push_char_sprite	src/aboutspr.c
060888F2	56	sprite_entry_debug_halt	src/aboutspr.c
0608892A	226	disp_seraph_cells	src/aboutspr.c
06088A0C	296	sort_push_request8	src/aboutspr.c
06088B34	236	disp_car_parts_cells	src/aboutspr.c
06088C20	280	shadow_drawing	src/aboutspr.c
06088D38	46	get_kage_width	src/aboutspr.c
06088D66	722	char_sprite_zoom_cells	src/aboutspr.c
06089038	100	zoom_cell_position	src/aboutspr.c
0608909C	68	get_cell_zoom	src/aboutspr.c
060890E0	260	set_char_move_init	src/CHARMOVE.c
060891E4	212	set_char_move_init2	src/CHARMOVE.c
060892B8	152	exset_char_move_init	src/CHARMOVE.c
06089350	26	char_move_z	src/CHARMOVE.c
0608936A	14	char_move_reset_ctr	src/CHARMOVE.c
06089378	42	char_move_wca	src/CHARMOVE.c
060893A2	42	char_move_wca_init	src/CHARMOVE.c
060893CC	12	comm_wca	src/CHARMOVE.c
060893D8	38	char_move_index	src/CHARMOVE.c
060893FE	38	char_move_index_set	src/CHARMOVE.c
06089424	14	set_cmja_data	src/CHARMOVE.c
06089432	38	char_move_cmja	src/CHARMOVE.c
06089458	14	set_cmj2_data	src/CHARMOVE.c
06089466	38	char_move_cmj2	src/CHARMOVE.c
0608948C	40	set_cmj3_data	src/CHARMOVE.c
060894B4	38	char_move_cmj3	src/CHARMOVE.c
060894DA	14	set_cmj4_data	src/CHARMOVE.c
060894E8	38	char_move_cmj4	src/CHARMOVE.c
0608950E	14	set_cmj5_data	src/CHARMOVE.c
0608951C	38	char_move_cmj5	src/CHARMOVE.c
06089542	14	set_cmj6_data	src/CHARMOVE.c
06089550	38	char_move_cmj6	src/CHARMOVE.c
06089576	14	set_cmj7_data	src/CHARMOVE.c
06089584	38	char_move_cmj7	src/CHARMOVE.c
060895AA	34	char_move_cmoa	src/CHARMOVE.c
060895CC	14	set_cmms_data	src/CHARMOVE.c
060895DA	66	char_move_cmms	src/CHARMOVE.c
0608961C	164	char_move_cmms2	src/CHARMOVE.c
060896C0	318	char_move_cmms3	src/CHARMOVE.c
060897FE	20	set_cmhs_data	src/CHARMOVE.c
06089812	54	char_move_cmhs	src/CHARMOVE.c
06089848	24	char_move	src/CHARMOVE.c
06089860	172	char_move_next	src/CHARMOVE.c
0608990C	4	comm_dummy	src/CHARMOVE.c
06089910	66	comm_roa	src/CHARMOVE.c
06089952	28	comm_end	src/CHARMOVE.c
0608996E	46	comm_jmp	src/CHARMOVE.c
0608999C	46	comm_jpss	src/CHARMOVE.c
060899CA	70	comm_jsr	src/CHARMOVE.c
06089A10	68	comm_ret	src/CHARMOVE.c
06089A54	12	comm_sps	src/CHARMOVE.c
06089A60	20	comm_setr	src/CHARMOVE.c
06089A74	24	comm_addr	src/CHARMOVE.c
06089A8C	164	comm_if_l	src/CHARMOVE.c
06089B30	92	comm_djmp	src/CHARMOVE.c
06089B8C	78	comm_for	src/CHARMOVE.c
06089BDA	66	comm_nex	src/CHARMOVE.c
06089C1C	78	comm_for2	src/CHARMOVE.c
06089C6A	98	comm_nex2	src/CHARMOVE.c
06089CCC	28	comm_rja	src/CHARMOVE.c
06089CE8	40	comm_uja	src/CHARMOVE.c
06089D10	28	comm_rja2	src/CHARMOVE.c
06089D2C	40	comm_uja2	src/CHARMOVE.c
06089D54	28	comm_rja3	src/CHARMOVE.c
06089D70	40	comm_uja3	src/CHARMOVE.c
06089D98	28	comm_rja4	src/CHARMOVE.c
06089DB4	40	comm_uja4	src/CHARMOVE.c
06089DDC	28	comm_rja5	src/CHARMOVE.c
06089DF8	76	comm_uja5	src/CHARMOVE.c
06089E44	28	comm_rja6	src/CHARMOVE.c
06089E60	40	comm_uja6	src/CHARMOVE.c
06089E88	28	comm_rja7	src/CHARMOVE.c
06089EA4	40	comm_uja7	src/CHARMOVE.c
06089ECC	28	comm_rmja	src/CHARMOVE.c
06089EE8	40	comm_umja	src/CHARMOVE.c
06089F10	28	comm_mdat	src/CHARMOVE.c
06089F2C	28	comm_ydat	src/CHARMOVE.c
06089F48	28	comm_mpos	src/CHARMOVE.c
06089F64	28	comm_cafr	src/CHARMOVE.c
06089F80	80	comm_care	src/CHARMOVE.c
06089FD0	52	comm_psxy	src/CHARMOVE.c
0608A004	36	comm_ps_x	src/CHARMOVE.c
0608A028	114	comm_ps_y	src/CHARMOVE.c
0608A09A	192	comm_paxy	src/CHARMOVE.c
0608A15A	138	comm_pa_x	src/CHARMOVE.c
0608A1E4	66	comm_pa_y	src/CHARMOVE.c
0608A226	30	comm_exec	src/CHARMOVE.c
0608A244	86	comm_rngc	src/CHARMOVE.c
0608A29A	42	comm_mxyt	src/CHARMOVE.c
0608A2C4	58	comm_pjmp	src/CHARMOVE.c
0608A2FE	94	comm_hjmp	src/CHARMOVE.c
0608A35C	44	comm_hclr	src/CHARMOVE.c
0608A388	48	comm_ixfw	src/charmove_2.c
0608A3B8	48	comm_ixbw	src/charmove_2.c
0608A3E8	10	comm_quax	src/charmove_2.c
0608A3F2	10	comm_quay	src/charmove_2.c
0608A3FC	96	comm_if_s	src/charmove_2.c
0608A45C	194	comm_rapp	src/charmove_2.c
0608A51E	148	comm_rapk	src/charmove_2.c
0608A5B2	26	comm_gets	src/charmove_2.c
0608A5CC	28	comm_s123	src/charmove_2.c
0608A5E8	28	comm_s456	src/charmove_2.c
0608A604	68	comm_a123	src/charmove_2.c
0608A648	46	comm_a456	src/charmove_2.c
0608A676	124	comm_stop	src/charmove_2.c
0608A6F2	12	comm_smhf	src/charmove_2.c
0608A6FE	34	comm_ngme	src/charmove_2.c
0608A720	36	comm_ngem	src/charmove_2.c
0608A744	130	comm_iflb	src/charmove_2.c
0608A7C6	54	comm_asxy	src/charmove_2.c
0608A7FC	94	comm_schx	src/charmove_2.c
0608A85A	100	comm_schy	src/charmove_2.c
0608A8BE	38	comm_back	src/charmove_2.c
0608A8E4	28	comm_mvix	src/charmove_2.c
0608A900	102	comm_sajp	src/charmove_2.c
0608A966	42	comm_ccch	src/charmove_2.c
0608A990	244	comm_wset	src/charmove_2.c
0608AA84	266	comm_wswk	src/charmove_2.c
0608AB8E	50	comm_wadd	src/charmove_2.c
0608ABC0	40	comm_wceq	src/charmove_2.c
0608ABE8	38	comm_wcne	src/charmove_2.c
0608AC0E	38	comm_wcgt	src/charmove_2.c
0608AC34	48	comm_wclt	src/charmove_2.c
0608AC64	56	comm_wadd2	src/charmove_2.c
0608AC9C	46	comm_wceq2	src/charmove_2.c
0608ACCA	46	comm_wcne2	src/charmove_2.c
0608ACF8	46	comm_wcgt2	src/charmove_2.c
0608AD26	46	comm_wclt2	src/charmove_2.c
0608AD54	164	comm_rapp2	src/charmove_2.c
0608ADF8	144	comm_rapk2	src/charmove_2.c
0608AE88	80	comm_iflg	src/charmove_2.c
0608AED8	88	comm_mpcy	src/charmove_2.c
0608AF30	90	comm_epcy	src/charmove_2.c
0608AF8A	74	comm_imgs	src/charmove_2.c
0608AFD4	36	comm_imgc	src/charmove_2.c
0608AFF8	200	comm_rvxy	src/charmove_2.c
0608B0C0	150	comm_rv_x	src/charmove_2.c
0608B156	74	comm_rv_y	src/charmove_2.c
0608B1A0	10	comm_ccfl	src/charmove_2.c
0608B1AA	122	comm_myhp	src/charmove_2.c
0608B224	112	comm_emhp	src/charmove_2.c
0608B294	22	comm_exbgs	src/charmove_2.c
0608B2AA	14	comm_exbgc	src/charmove_2.c
0608B2B8	20	comm_atmf	src/charmove_2.c
0608B2CC	108	comm_chkwf	src/charmove_2.c
0608B338	82	comm_retmj	src/charmove_2.c
0608B38A	418	comm_sstx	src/charmove_2.c
0608B52C	402	comm_ssty	src/charmove_2.c
0608B6BE	28	comm_ngda	src/charmove_2.c
0608B6DA	12	comm_flip	src/charmove_2.c
0608B6E6	28	comm_kage	src/charmove_2.c
0608B702	8	comm_dspf	src/charmove_2.c
0608B70A	68	comm_ifrlf	src/charmove_2.c
0608B74E	44	comm_srlf	src/charmove_2.c
0608B77A	92	comm_bgrlf	src/charmove_2.c
0608B7D6	12	comm_scmd	src/charmove_2.c
0608B7E2	32	comm_rljmp	src/charmove_2.c
0608B802	92	comm_ifs2	src/charmove_2.c
0608B85E	38	comm_abbak	src/charmove_2.c
0608B884	132	comm_sse	src/charmove_2.c
0608B908	92	comm_s_chg	src/charmove_2.c
0608B964	92	comm_schg2	src/charmove_2.c
0608B9C0	34	comm_rhsja	src/charmove_2.c
0608B9E2	48	comm_uhsja	src/charmove_2.c
0608BA12	50	comm_ifcom	src/charmove_2.c
0608BA44	60	comm_axjmp	src/charmove_2.c
0608BA80	50	comm_ayjmp	src/charmove_2.c
0608BAB2	92	comm_ifs3	src/charmove_2.c
0608BB0E	150	decord_if_jump	src/charmove_2.c
0608BBA4	42	get_comm_if_lever	src/charmove_2.c
0608BBCE	44	get_comm_if_shot	src/charmove_2.c
0608BBFA	86	get_comm_if_shot_now_off	src/charmove_2.c
0608BC50	68	get_comm_if_shot_now	src/charmove_2.c
0608BC94	44	get_comm_if_lvsh	src/charmove_2.c
0608BCC0	54	get_comm_djmp_lever_dir	src/charmove_2.c
0608BCF6	48	setup_comm_back	src/charmove_2.c
0608BD26	26	setup_comm_retmj	src/charmove_2.c
0608BD40	42	setup_comm_abbak	src/charmove_2.c
0608BD6A	702	check_cgd_patdat	src/charmove_2.c
0608C028	180	check_xcopy_filter_se_req	src/charmove_2.c
0608C0DC	496	check_cgd_patdat2	src/charmove_2.c
0608C2CC	452	set_new_attnum	src/charmove_2.c
0608C490	20	kezuri_pow_init	src/charmove_2.c
0608C4A4	136	set_jugde_area	src/charmove_2.c
0608C52C	38	set_char_olc_data	src/charmove_2.c
0608C552	98	get_char_data_zanzou	src/charmove_2.c
0608C5B4	272	set_char_base_data	src/CHARID.c
0608C6C4	252	set_char_base_data_init	src/CHARID.c
0608C7C0	56	hit_check_main_process	src/HITCHECK.c
0608C7F8	104	set_judge_result	src/HITCHECK.c
0608C860	308	check_result_extra	src/HITCHECK.c
0608C994	928	set_caught_status	src/HITCHECK.c
0608CD34	92	check_pat_status	src/HITCHECK.c
0608CD90	52	check_blocking_flag	src/HITCHECK.c
0608CDC4	38	setup_catch_atthit	src/HITCHECK.c
0608CDEA	126	set_catch_hit_mark_pos	src/HITCHECK.c
0608CE68	250	set_struck_status	src/HITCHECK.c
0608CF62	202	cal_hit_mark_pos	src/HITCHECK.c
0608D02C	724	plef_at_vs_player_damage_union	src/HITCHECK.c
0608D300	140	dm_reaction_init_set	src/HITCHECK.c
0608D38C	184	set_guard_status	src/HITCHECK.c
0608D444	434	set_blocking_status	src/HITCHECK.c
0608D5F6	66	check_normal_attack	src/HITCHECK.c
0608D638	172	hit_pattern_extdat_check	src/HITCHECK.c
0608D6E4	146	check_dm_att_guard	src/HITCHECK.c
0608D776	134	check_dm_att_blocking	src/HITCHECK.c
0608D7FC	576	set_damage_and_piyo	src/HITCHECK.c
0608DA3C	38	remake_score_index	src/HITCHECK.c
0608DA62	134	same_dm_stop	src/HITCHECK.c
0608DAE8	260	defense_sky	src/HITCHECK.c
0608DBEC	88	blocking_point_count_up	src/HITCHECK.c
0608DC44	742	defense_ground	src/HITCHECK.c
0608DF2A	162	setup_dm_rl	src/HITCHECK.c
0608DFCC	204	dm_status_copy	src/HITCHECK.c
0608E098	176	add_combo_work	src/HITCHECK.c
0608E148	180	nise_combo_work	src/HITCHECK.c
0608E1FC	488	cal_combo_waribiki	src/HITCHECK.c
0608E3E4	88	cal_combo_waribiki2	src/HITCHECK.c
0608E43C	392	catch_hit_check	src/HITCHECK.c
0608E5C4	836	attack_hit_check	src/HITCHECK.c
0608E908	130	hit_check_subroutine	src/HITCHECK.c
0608E98A	70	hit_check_x_only	src/HITCHECK.c
0608E9D0	144	cal_hit_mark_position	src/HITCHECK.c
0608EA60	118	get_target_att_position	src/HITCHECK.c
0608EAD6	96	get_att_head_position	src/HITCHECK.c
0608EB36	38	hit_push_request	src/HITCHECK.c
0608EB5C	58	clear_hit_queue	src/HITCHECK.c
0608EB96	148	change_damage_attribute	src/HITCHECK.c
0608EC2A	12	get_sky_nm_damage	src/HITCHECK.c
0608EC36	12	get_sky_nm2_damage	src/HITCHECK.c
0608EC42	12	get_sky_sp_damage	src/HITCHECK.c
0608EC4E	12	get_kagami_damage	src/HITCHECK.c
0608EC5A	12	get_kagami2_damage	src/HITCHECK.c
0608EC66	12	get_grd_hand_damage	src/HITCHECK.c
0608EC72	12	check_head_damage	src/HITCHECK.c
0608EC7E	12	check_trunk_damage	src/HITCHECK.c
0608EC8A	58	check_aiuchi_pat	src/HITCHECK.c
0608ECC4	476	player_at_vs_player_dm	src/HITPLPL.c
0608EEA0	360	player_at_vs_effect_dm	src/HITPLEF.c
0608F008	568	effect_at_vs_player_dm	src/HITEFPL.c
0608F240	80	setup_dm_rl_pldm	src/HITEFPL.c
0608F290	348	effect_at_vs_effect_dm	src/HITEFEF.c
0608F3EC	16	init_slow_flag	src/SLOWF.c
0608F3FC	8	set_conclusion_slow	src/SLOWF.c
0608F404	124	set_EXE_flag	src/SLOWF.c
0608F480	136	wipe_pattern_or_cols	src/SE.c
0608F508	168	wipe_pattern_restore_cols	src/SE.c
0608F5B0	74	wipe_pattern_set_512	src/SE.c
0608F5FA	90	mix_or_512	src/SE.c
0608F654	148	mix_put_512	src/SE.c
0608F6E8	74	wipe_pattern_set	src/SE.c
0608F732	90	mix_or_128	src/SE.c
0608F78C	112	mix_put_128	src/SE.c
0608F7FC	68	mix_or_step	src/SE.c
0608F840	44	mix_put_step	src/se_2.c
0608F86C	134	wipe_pattern_and_low	src/se_2.c
0608F8F2	76	wipe_and_row	src/se_2.c
0608F93E	62	wipe_and_dot	src/se_2.c
0608F97C	162	wipe_mask_set_cols	src/se_2.c
0608FA1E	174	wipe_mask_and_cols	src/se_2.c
0608FACC	52	Stage_BGM	src/se_3.c
0608FB00	52	bgm_fade_in_stage	src/se_3.c
0608FB34	42	Sound_SE	src/se_3.c
0608FB5E	12	sound_bgm_fade_out	src/se_3.c
0608FB6A	56	bgm_request	src/se_3.c
0608FBA2	6	voice_all_off	src/se_3.c
0608FBA8	68	sound_system_init	src/se_3.c
0608FBEC	4	Se_Dummy	src/se_3.c
0608FBF0	238	Se_Shock	src/se_3.c
0608FCDE	130	Se_Myself	src/se_3.c
0608FD60	108	Se_Myself_Die	src/se_3.c
0608FDCC	140	Se_Let	src/se_3.c
0608FE58	134	Se_Let_SP	src/se_3.c
0608FEDE	98	Call_Se	src/se_3.c
0608FF40	122	Se_Term	src/se_3.c
0608FFBA	114	Finish_SE	src/se_3.c
0609002C	82	Check_Finish_SE	src/se_3.c
0609007E	82	Get_Position	src/se_3.c
060900D0	36	Check_Voice_SE	src/se_3.c
060900F4	120	Check_Bonus_SE	src/se_3.c
0609016C	166	caldir_pos_256	src/CALDIR.c
06090212	44	caldir_pos_128	src/CALDIR.c
0609023E	50	caldir_pos_64	src/CALDIR.c
06090270	60	caldir_pos_032	src/CALDIR.c
060902AC	54	caldir_pos_16	src/CALDIR.c
060902E2	56	caldir_pos_8	src/CALDIR.c
0609031A	38	caldir_wk_256	src/CALDIR.c
06090340	46	caldir_wk_128	src/CALDIR.c
0609036E	52	caldir_wk_64	src/CALDIR.c
060903A2	54	caldir_wk_32	src/CALDIR.c
060903D8	56	caldir_wk_16	src/CALDIR.c
06090410	58	caldir_wk_8	src/CALDIR.c
0609044A	100	add_pos_dir_256	src/CALDIR.c
060904AE	104	add_pos_dir_128	src/CALDIR.c
06090516	104	add_pos_dir_064	src/CALDIR.c
0609057E	114	add_pos_dir_032	src/CALDIR.c
060905F0	108	add_pos_dir_016	src/CALDIR.c
0609065C	112	add_pos_dir_008	src/CALDIR.c
060906CC	6	dir256_to_128	src/CALDIR.c
060906D2	12	dir256_to_064	src/CALDIR.c
060906DE	14	dir256_to_032	src/CALDIR.c
060906EC	16	dir256_to_016	src/CALDIR.c
060906FC	18	dir256_to_008	src/CALDIR.c
0609070E	150	cal_move_quantity	src/CALDIR.c
060907A4	154	cal_move_quantity2	src/CALDIR.c
0609083E	70	cal_move_quantity3	src/CALDIR.c
06090884	4	cal_move_quantity_dummy	src/CALDIR.c
06090888	28	cmsd_all_x_speed_data	src/CALDIR.c
060908A4	40	cmsd_all_y_speed_data	src/CALDIR.c
060908CC	30	cmsd_swx_0	src/CALDIR.c
060908EA	30	cmsd_swy_0	src/CALDIR.c
06090908	28	cmsd_swx_1	src/CALDIR.c
06090924	28	cmsd_swy_1	src/CALDIR.c
06090940	48	cmsd_swx_2	src/CALDIR.c
06090970	48	cmsd_swy_2	src/CALDIR.c
060909A0	48	cmsd_x_initial_speed	src/CALDIR.c
060909D0	50	cmsd_y_initial_speed	src/CALDIR.c
06090A02	68	cmsd_x_delta_speed	src/CALDIR.c
06090A46	74	cmsd_y_delta_speed	src/CALDIR.c
06090A90	192	cal_all_speed_data	src/CALDIR.c
06090B50	182	cal_initial_speed	src/CALDIR.c
06090C06	106	cal_initial_speed_y	src/CALDIR.c
06090C70	206	cal_delta_speed	src/CALDIR.c
06090D3E	94	cal_initial_speed_y0	src/CALDIR.c
06090D9C	80	cal_top_of_position_y	src/CALDIR.c
06090DEC	48	cal_time_of_sign_change	src/CALDIR.c
06090E1C	156	cal_move_dir_forecast	src/CALDIR.c
06090EB8	176	Convert_BCD	src/CALDIR.c
06090F68	22	Scr_all_clear_Wait	src/SYS_sub.c
06090F7E	14	System_all_clear_Wait	src/SYS_sub.c
06090F8C	20	System_all_clear_Ex_Wait	src/SYS_sub.c
06090FA0	58	System_all_clear	src/SYS_sub.c
06090FDA	100	System_all_clear_Ex	src/SYS_sub.c
0609103E	6	Fade_Cont	src/SYS_sub.c
06091044	18	Check_Fade_Complete_SP	src/SYS_sub.c
06091056	138	Check_Fade_Complete	src/SYS_sub.c
060910E0	60	Request_Fade	src/SYS_sub.c
0609111C	100	Switch_Screen_Init_Panel	src/SYS_sub.c
06091180	100	Switch_Screen_Wipe_End	src/SYS_sub.c
060911E4	48	Switch_Screen_Init	src/SYS_sub.c
06091214	232	Switch_Screen	src/SYS_sub.c
060912FC	264	Switch_Screen_Revival	src/SYS_sub.c
06091404	44	scfont_page0_fill	src/SYS_sub.c
06091430	44	scfont_page1_fill	src/SYS_sub.c
0609145C	46	scrn_pos_clear	src/SYS_sub.c
0609148A	36	Clear_Flash_No	src/SYS_sub.c
060914AE	38	challenger_banner_clear	src/SYS_sub.c
060914D4	32	Setup_Play_Type	src/SYS_sub.c
060914F4	584	ranking_insert_all_four	src/SYS_sub.c
0609173C	70	rank_in_push_other	src/SYS_sub.c
06091782	162	insert_ranking_score	src/SYS_sub.c
06091824	176	insert_ranking_wins	src/SYS_sub.c
060918D4	206	insert_ranking_cpu_grade	src/SYS_sub.c
060919A2	202	insert_ranking_grade	src/SYS_sub.c
06091A6C	82	Check_CPU_Grade_Score	src/SYS_sub.c
06091ABE	84	Check_Grade_Score	src/SYS_sub.c
06091B12	138	set_result_target_loser	src/SYS_sub.c
06091B9C	180	Button_Cut_Hold	src/SYS_sub.c
06091C50	108	Button_Cut_EX	src/SYS_sub.c
06091CBC	32	cut_button_side	src/SYS_sub.c
06091CDC	420	Disp_Digit8x16	src/SYS_sub.c
06091E80	422	Disp_Digit16x24	src/SYS_sub.c
06092026	86	Disp_Win_Type	src/SYS_sub.c
0609207C	112	commit_name_entry_row_both_players	src/SYS_sub.c
060920EC	54	Ck_Range_Out_S	src/SYS_sub.c
06092122	24	Count_Tens	src/SYS_sub.c
0609213A	110	Disp_Capcom_Rights	src/SYS_sub.c
060921A8	96	Cut_Cut_Cut	src/SYS_sub.c
06092208	54	Cut_Cut_Sub	src/SYS_sub.c
0609223E	50	Cut_Cut_Loser	src/SYS_sub.c
06092270	36	Cut_Cut_C_Timer	src/SYS_sub.c
06092294	52	cpu_algorithm	src/SYS_sub.c
060922C8	118	Combo_Demo_Init	src/EM_Cand.c
0609233E	50	Setup_Combo_Demo_PL	src/EM_Cand.c
06092370	124	stage_index_get	src/EM_Cand.c
060923EC	220	Initialize_EM_Candidate	src/EM_Cand.c
060924C8	128	Setup_Candidate_Buff	src/EM_Cand.c
06092548	154	Check_EM_Buff	src/EM_Cand.c
060925E2	120	Check_EM_Sub	src/EM_Cand.c
0609265A	210	Check_Same_CPU	src/EM_Cand.c
0609272C	28	All_Clear_Suicide	src/EM_Cand.c
06092748	48	clear_chainex_check	src/EM_Cand.c
06092778	72	stage_intro_value_get	src/EM_Cand.c
060927C0	14	Switch_Priority_76	src/SYS_sub2.c
060927CE	82	Clear_Disp_Ranking	src/SYS_sub2.c
06092820	162	grade_check_work_1st_init	src/Grade.c
060928C2	254	grade_check_work_stage_init	src/Grade.c
060929C0	666	grade_check_work_round_init	src/Grade.c
06092C5A	234	grade_makeup_final_parameter	src/Grade.c
06092D44	70	renew_judge_final_work	src/Grade.c
06092D8A	644	makeup_final_grade	src/Grade.c
0609300E	88	grade_final_grade_bonus	src/Grade.c
06093066	280	makeup_spp_frdat	src/Grade.c
0609317E	344	grade_makeup_round_parameter	src/Grade.c
060932D6	50	backup_RO_PT	src/Grade.c
06093308	344	grade_makeup_round_para_dko	src/Grade.c
06093460	170	grade_makeup_judgement_gals	src/Grade.c
0609350A	1028	grade_makeup_stage_parameter	src/Grade.c
0609390E	54	rannyuu_Q_check	src/Grade.c
06093944	226	grade_makeup_stage_para_com	src/Grade.c
06093A26	142	grade_makeup_bonus_parameter	src/Grade.c
06093AB4	416	get_offence_total	src/Grade.c
06093C54	516	get_defence_total	src/Grade.c
06093E58	712	get_tech_pts_total	src/Grade.c
06094120	402	get_ex_point_total	src/Grade.c
060942B2	70	grade_add_clean_hits	src/Grade.c
060942F8	70	grade_add_att_renew	src/Grade.c
0609433E	66	grade_add_guard_success	src/Grade.c
06094380	84	grade_add_em_stun	src/Grade.c
060943D4	48	grade_max_combo_check	src/Grade.c
06094404	84	grade_add_leap_attack	src/Grade.c
06094458	104	grade_add_grap_def	src/Grade.c
060944C0	88	grade_add_quick_stand	src/Grade.c
06094518	118	grade_add_nml_nage	src/Grade.c
0609458E	106	grade_add_reversal	src/Grade.c
060945F8	88	grade_add_target_combo	src/Grade.c
06094650	88	grade_add_command_waza	src/Grade.c
060946A8	90	grade_add_super_arts	src/Grade.c
06094702	66	grade_store_vitality	src/Grade.c
06094744	280	grade_add_blocking	src/Grade.c
0609485C	56	grade_get_first_attack	src/Grade.c
06094894	116	grade_set_round_result	src/Grade.c
06094908	116	grade_add_personal_action	src/Grade.c
0609497C	126	grade_check_tairyokusa	src/Grade.c
060949FA	222	grade_add_onaji_waza	src/Grade.c
06094AD8	36	grade_get_my_grade	src/Grade.c
06094AFC	166	grade_get_my_point_percentage	src/Grade.c
06094BA2	156	grade_get_cm_point_percentage	src/Grade.c
06094C3E	62	grade_scale_to_percent	src/Grade.c
06094C7C	44	get_grade_ix	src/Grade.c
06094CA8	208	check_guard_miss	src/Grade.c
06094D78	54	game_frame_task	src/Game_Main.c
06094DAE	42	bg0001	src/Game_Main.c
06094DD8	978	match_state_0_fight	src/Game_Main.c
060951AA	50	Loop_Demo_Sub	src/Game_Main.c
060951DC	48	Erase_Insert_Coin	src/Game_Main.c
0609520C	302	Before_Select_Sub	src/Game_Main.c
0609533A	78	game_phase_dispatch	src/Game_Main.c
06095388	60	Game00	src/Game_Main.c
060953C4	136	Game0_0	src/Game_Main.c
0609544C	20	Game0_1	src/Game_Main.c
06095460	24	Game0_2	src/Game_Main.c
06095478	42	Game0_3	src/Game_Main.c
060954A2	466	Game01	src/Game_Main.c
06095674	220	Game01_Sub	src/Game_Main.c
06095750	224	Game05	src/Game_Main.c
06095830	486	Game11	src/Game_Main.c
06095A16	138	Game02	src/Game_Main.c
06095AA0	132	Game2_0	src/Game_Main.c
06095B24	102	Game2_1	src/Game_Main.c
06095B8A	4	Game2_2	src/Game_Main.c
06095B8E	174	Game2_3	src/Game_Main.c
06095C3C	184	Game2_4	src/Game_Main.c
06095CF4	234	Game2_5	src/Game_Main.c
06095DDE	380	Game03	src/Game_Main.c
06095F5A	176	Game04	src/Game_Main.c
0609600A	898	Game09	src/Game_Main.c
0609638C	124	Bonus_Sub	src/Game_Main.c
06096408	182	Game10	src/Game_Main.c
060964BE	650	Game08	src/Game_Main.c
06096748	762	Game06	src/Game_Main.c
06096A42	114	Check_Disp_Ranking	src/Game_Main.c
06096AB4	120	Disp_Rank_Sub	src/Game_Main.c
06096B2C	46	Check_Disp_Rank_Request	src/Game_Main.c
06096B5A	62	Request_Break_Sub	src/Game_Main.c
06096B98	284	Disp_Ranking	src/Game_Main.c
06096CB4	48	Game07	src/Game_Main.c
06096CE4	4	Game_Dummy	src/Game_Main.c
06096CE8	172	Time_Control	src/Game_Main.c
06096D94	296	Ck_Coin	src/Game_Main.c
06096EBC	300	draw_operator_info	src/Game_Main.c
06096FE8	18	tilemap_print_string_origin	src/Game_Main_2.c
06096FFA	20	Set_Mode_Pos_copy	src/Game_Main_2.c
0609700E	34	Set_Mode_Pos	src/Game_Main_2.c
06097030	54	CAPCOM_Logo	src/demo00.c
06097066	334	Logo_Capcom	src/demo00.c
060971B4	242	Logo_Warning	src/demo00.c
060972A6	230	Logo_Etc	src/demo00.c
0609738C	354	Title	src/demo01.c
060974EE	198	Title_At_a_Dash	src/demo01.c
060975B4	50	Play_Demo	src/demo02_code.c
060975E6	520	Demo00	src/demo02_code.c
060977EE	586	Demo01	src/demo02_code.c
06097A38	28	Setup_Demo_PL	src/demo02_code.c
06097A54	124	Setup_Demo_Arts	src/demo02_code.c
06097AD0	68	Setup_Demo_Stage	src/demo02_code.c
06097B14	100	Setup_Select_Demo_PL	src/demo02_code.c
06097B78	50	Ranking_Main	src/RANKING.c
06097BAA	62	Ranking_00	src/RANKING.c
06097BE8	52	Ranking_00_1st	src/RANKING.c
06097C1C	1096	Ranking_00_2nd	src/RANKING.c
06098064	26	Ranking_00_3rd	src/RANKING.c
0609807E	40	Ranking_00_4th	src/RANKING.c
060980A6	36	Ranking_00_5th	src/RANKING.c
060980CA	78	Ranking_00_Last	src/RANKING.c
06098118	58	Ranking_01	src/RANKING.c
06098152	54	Ranking_01_1st	src/RANKING.c
06098188	862	Ranking_01_2nd	src/RANKING.c
060984E6	30	Ranking_01_4th	src/RANKING.c
06098504	188	Ranking_01_5th	src/RANKING.c
060985C0	140	Ranking_Sub	src/RANKING.c
0609864C	272	Setup_grade	src/RANKING.c
0609875C	60	Setup_Name	src/RANKING.c
06098798	96	Name_Sub	src/RANKING.c
060987F8	120	Setup_Face	src/RANKING.c
06098870	520	Setup_Score	src/RANKING.c
06098A78	500	Setup_Score_Small	src/RANKING.c
06098C6C	410	Setup_Wins	src/RANKING.c
06098E06	394	Setup_Wins2	src/RANKING.c
06098F90	54	Setup_Ranking_Obj	src/RANKING.c
06098FC6	222	Setup_Score_Obj	src/RANKING.c
060990A4	84	Ranking_Init	src/RANKING.c
060990F8	184	ranking_insert_present	src/RANKING.c
060991B0	38	FBI_Warning	src/Manage.c
060991D6	170	FBI_Warning_1st	src/Manage.c
06099280	48	FBI_Warning_2nd	src/Manage.c
060992B0	118	Game_Management	src/manage_2.c
06099326	452	Game_Manage_1st	src/manage_2.c
060994EA	100	Clear_1Stage_Work	src/manage_2.c
0609954E	50	Game_Manage_2nd	src/manage_2.c
06099580	54	Game_Manage_2_0	src/manage_2.c
060995B6	32	Game_Manage_2_1	src/manage_2.c
060995D6	136	Game_Manage_2_2	src/manage_2.c
0609965E	274	Game_Manage_2_3	src/manage_2.c
06099770	302	Game_Manage_2_4	src/manage_2.c
0609989E	58	Game_Manage_3rd	src/manage_2.c
060998D8	216	setFinishType	src/manage_2.c
060999B0	422	Game_Manage_4th	src/manage_2.c
06099B56	278	Setup_Win_Mark	src/manage_2.c
06099C6C	242	Update_BI_Term	src/manage_2.c
06099D5E	62	Game_Manage_5th	src/manage_2.c
06099D9C	52	Game_Manage_5_0	src/manage_2.c
06099DD0	48	Game_Manage_5_1	src/manage_2.c
06099E00	84	Game_Manage_5_2	src/manage_2.c
06099E54	54	Game_Manage_5_3	src/manage_2.c
06099E8A	114	Game_Manage_5_4	src/manage_2.c
06099EFC	54	Game_Manage_5_5	src/manage_2.c
06099F32	50	Game_Manage_5_6	src/manage_2.c
06099F64	128	Game_Manage_5_7	src/manage_2.c
06099FE4	344	Game_Manage_6th	src/manage_2.c
0609A13C	70	Game_Manage_7th	src/manage_2.c
0609A182	100	Game_Manage_7_0	src/manage_2.c
0609A1E6	30	Game_Manage_7_1	src/manage_2.c
0609A204	162	Game_Manage_7_2	src/manage_2.c
0609A2A6	64	Check_Disp_Combo	src/manage_2.c
0609A2E6	190	Game_Manage_7_3	src/manage_2.c
0609A3A4	64	Game_Manage_7_4	src/manage_2.c
0609A3E4	32	Game_Manage_7_5	src/manage_2.c
0609A404	44	Game_Manage_7_6	src/manage_2.c
0609A430	32	Game_Manage_7_7	src/manage_2.c
0609A450	30	Game_Manage_7_8	src/manage_2.c
0609A46E	24	Game_Manage_7_9	src/manage_2.c
0609A486	90	Game_Manage_8th	src/manage_2.c
0609A4E0	172	Game_Manage_8_0	src/manage_2.c
0609A58C	108	Game_Manage_8_1	src/manage_2.c
0609A5F8	300	Game_Manage_81_0	src/manage_2.c
0609A724	116	Game_Manage_81_1	src/manage_2.c
0609A798	84	Game_Manage_81_2	src/manage_2.c
0609A7EC	32	Game_Manage_81_3	src/manage_2.c
0609A80C	166	Game_Manage_8_2	src/manage_2.c
0609A8B2	114	Game_Manage_8_3	src/manage_2.c
0609A924	104	Pool_Score	src/manage_2.c
0609A98C	154	Additional_Bonus	src/manage_2.c
0609AA26	170	Setup_Comp_Bonus	src/manage_2.c
0609AAD0	248	Game_Manage_9th	src/manage_2.c
0609ABC8	512	Game_Manage_10th	src/manage_2.c
0609ADC8	340	Game_Manage_11th	src/manage_2.c
0609AF1C	54	Check_Naming	src/manage_2.c
0609AF52	90	Game_Manage_12th	src/manage_2.c
0609AFAC	348	Game_Manage_12_0	src/manage_2.c
0609B108	66	Game_Manage_12_1	src/manage_2.c
0609B14A	134	Game_Manage_12_7	src/manage_2.c
0609B1D0	276	Game_Manage_12_3	src/manage_2.c
0609B2E4	874	Game_Manage_12_4	src/manage_2.c
0609B64E	126	Game_Manage_12_5	src/manage_2.c
0609B6CC	114	Game_Manage_12_2	src/manage_2.c
0609B73E	696	Game_Manage_12_8	src/manage_2.c
0609B9F6	42	Check_Bonus_Perfect	src/manage_2.c
0609BA20	282	Disp_Bonus_Perfect	src/manage_2.c
0609BB3A	134	Flash_Bonus_Perfect	src/manage_2.c
0609BBC0	224	Setup_Final_Score	src/manage_2.c
0609BCA0	228	Bonus_Cut_Sub	src/manage_2.c
0609BD84	196	Check_Time_Over	src/manage_2.c
0609BE48	110	Ck_Win_Record	src/manage_2.c
0609BEB6	278	Disp_Win_Record_Sub	src/manage_2.c
0609BFCC	268	Disp_Win_Record	src/manage_2.c
0609C0D8	60	Erase_Win_Record	src/manage_2.c
0609C114	132	Check_Disp_Winner	src/manage_2.c
0609C198	154	Disp_Winner	src/manage_2.c
0609C232	66	Update_Level_Control	src/manage_2.c
0609C274	12	request_center_message	src/manage_2.c
0609C280	112	Judge_Next_Disposal	src/manage_2.c
0609C2F0	82	Check_Perfect	src/manage_2.c
0609C342	98	Judge_Winner	src/manage_2.c
0609C3A4	200	Check_Ending	src/manage_2.c
0609C46C	92	Check_Ending_Sub	src/manage_2.c
0609C4C8	134	Quick_Entry	src/manage_2.c
0609C54E	150	Check_Entry_Again	src/manage_2.c
0609C5E4	168	Loser_Sub	src/manage_2.c
0609C68C	196	Be_Continue	src/manage_2.c
0609C750	422	Update_VS_Data	src/manage_2.c
0609C8F6	28	Update_Personal_Time	src/manage_2.c
0609C912	54	Check_Fade_Out_BGM	src/manage_2.c
0609C948	24	Control_Music_Fade	src/manage_2.c
0609C960	254	BGM_Fade_Sub	src/manage_2.c
0609CA5E	142	BGM_Control	src/manage_2.c
0609CAEC	22	Setup_BGM_Fade_In	src/manage_2.c
0609CB02	8	complete_victory_pause	src/manage_2.c
0609CB0A	288	Check_Break_Into_CPU	src/manage_2.c
0609CC2A	66	Check_BI_Grade	src/manage_2.c
0609CC6C	148	Check_Stage_BGM	src/manage_2.c
0609CD00	336	Check_Short_Ending	src/Win.c
0609CE50	132	Winner_Scene	src/win_2.c
0609CED4	244	Win_1st	src/win_2.c
0609CFC8	242	Win_2nd	src/win_2.c
0609D0BA	260	Win_3rd	src/win_2.c
0609D1BE	36	Win_4th	src/win_2.c
0609D1E2	42	Win_5th	src/win_2.c
0609D20C	112	Win_6th	src/win_2.c
0609D27C	134	Loser_Scene	src/win_2.c
0609D302	230	Lose_1st	src/win_2.c
0609D3E8	118	Lose_2nd	src/win_2.c
0609D45E	234	Lose_3rd	src/win_2.c
0609D548	36	Lose_4th	src/win_2.c
0609D56C	42	Lose_5th	src/win_2.c
0609D596	8	Lose_6th	src/win_2.c
0609D59E	124	Setup_Virtual_BG	src/win_2.c
0609D61A	174	Setup_Wins_OBJ	src/win_2.c
0609D6C8	122	Game_Over	src/win_2.c
0609D742	358	GameOver_1st	src/win_2.c
0609D8A8	736	GameOver_2nd	src/gameover.c
0609DB88	8	GameOver_3rd	src/gameover.c
0609DB90	144	Setup_Result_OBJ	src/gameover.c
0609DC20	344	Short_Ending_Scene	src/gameover.c
0609DD78	108	Continue_Scene	src/continue.c
0609DDE4	304	Continue_1st	src/continue.c
0609DF14	24	Continue_2nd	src/continue.c
0609DF2C	30	Continue_3rd	src/continue.c
0609DF4A	32	Continue_4th	src/continue.c
0609DF6A	8	Continue_5th	src/continue.c
0609DF72	118	Setup_Continue_OBJ	src/continue.c
0609DFE8	90	Check_Exit_Continue	src/continue.c
0609E042	68	Disp_Personal_Count	src/continue.c
0609E086	150	Check_Count_Cut	src/continue.c
0609E11C	468	Clear_Personal_Data	src/continue.c
0609E2F0	52	Clear_Win_Type	src/continue.c
0609E324	72	Check_Coin_In	src/continue.c
0609E36C	142	cal_damage_vitality	src/pow_pow.c
0609E3FA	142	cal_damage_vitality_eff	src/pow_pow.c
0609E488	242	Additinal_Score_DM	src/pow_pow.c
0609E57A	448	Disp_Player_Score	src/pow_pow.c
0609E73A	302	Score_Sub	src/pow_pow.c
0609E868	68	Select_Player	src/sel_pl.c
0609E8AC	134	Sel_PL_Control	src/sel_pl.c
0609E932	424	Sel_PL_Cont_1st	src/sel_pl.c
0609EADA	78	Sel_PL_Cont_2nd	src/sel_pl.c
0609EB28	76	Sel_PL_Cont_3rd	src/sel_pl.c
0609EB74	128	Sel_PL_Cont_4th	src/sel_pl.c
0609EBF4	30	Initialize_BG	src/sel_pl.c
0609EC12	128	Setup_FACE_BG	src/sel_pl.c
0609EC92	34	Setup_Face_X	src/sel_pl.c
0609ECB4	30	Setup_Face_Y	src/sel_pl.c
0609ECD2	102	Setup_EFF69	src/sel_pl.c
0609ED38	48	Setup_Face_Sub	src/sel_pl.c
0609ED68	88	Sel_PL	src/sel_pl.c
0609EDC0	362	Sel_PL_1st	src/sel_pl.c
0609EF2A	86	Sel_PL_2nd	src/sel_pl.c
0609EF80	298	Sel_PL_3rd	src/sel_pl.c
0609F0AA	322	Deley_Shot_Sub	src/sel_pl.c
0609F1EC	108	Sel_PL_4th	src/sel_pl.c
0609F258	210	Sel_PL_5th	src/sel_pl.c
0609F32A	4	Sel_PL_6th	src/sel_pl.c
0609F32E	110	Disposal_Of_Diagonal	src/sel_pl.c
0609F39C	500	Sel_PL_Sub	src/sel_pl.c
0609F590	86	Sel_PL_Sub_CR	src/sel_pl.c
0609F5E6	108	Sel_PL_Sub_CL	src/sel_pl.c
0609F652	86	Sel_PL_Sub_CU	src/sel_pl.c
0609F6A8	82	Sel_PL_Sub_CD	src/sel_pl.c
0609F6FA	402	Auto_Repeat_Sub	src/sel_pl.c
0609F88C	256	Auto_Repeat_Sub_Wife	src/sel_pl.c
0609F98C	440	Sel_Arts_Sub	src/sel_pl.c
0609FB44	44	OBJ_Control	src/sel_pl.c
0609FB70	748	OBJ_1st	src/sel_pl.c
0609FE5C	478	OBJ_2nd	src/sel_pl.c
060A003A	4	OBJ_3rd	src/sel_pl.c
060A003E	52	sel_pl_face_control	src/sel_pl.c
060A0072	26	Face_1st	src/sel_pl.c
060A008C	188	Face_2nd	src/sel_pl.c
060A0148	72	Face_3rd	src/sel_pl.c
060A0190	4	Face_4th	src/sel_pl.c
060A0194	68	Move_Face_BG	src/sel_pl.c
060A01D8	148	Player_Select_Control	src/sel_pl.c
060A026C	114	PL_Sel_Begin	src/sel_pl.c
060A02DE	18	PL_Sel_Mode_1	src/sel_pl.c
060A02F0	18	PL_Sel_Mode_2	src/sel_pl.c
060A0302	82	PL_Sel_2nd	src/sel_pl.c
060A0354	32	PL_Sel_3rd	src/sel_pl.c
060A0374	32	PL_Sel_4th	src/sel_pl.c
060A0394	146	sel_pl_disp_char_effect_trio	src/sel_pl.c
060A0426	4	PL_Sel_5th	src/sel_pl.c
060A042A	88	Setup_Select_Status	src/sel_pl.c
060A0482	82	Setup_Aborigine	src/sel_pl.c
060A04D4	86	Basic_Sub	src/sel_pl.c
060A052A	40	Basic_Sub_Ex	src/sel_pl.c
060A0552	34	Setup_BG_General	src/sel_pl.c
060A0574	48	Setup_BG_Layer0	src/sel_pl.c
060A05A4	136	Setup_BG_Layer2	src/sel_pl.c
060A062C	92	Setup_BG_Layer3	src/sel_pl.c
060A0688	138	Setup_Cursor_Y	src/sel_pl.c
060A0712	30	Setup_ID	src/sel_pl.c
060A0730	120	Go_Away_Red_Lines	src/sel_pl.c
060A07A8	58	Check_Exit	src/sel_pl.c
060A07E2	108	Exit_1st	src/sel_pl.c
060A084E	196	Exit_2nd	src/sel_pl.c
060A0912	98	Exit_3rd	src/sel_pl.c
060A0974	360	Exit_4th	src/sel_pl.c
060A0ADC	44	Exit_5th	src/sel_pl.c
060A0B08	38	Exit_6th	src/sel_pl.c
060A0B2E	20	Exit_7th	src/sel_pl.c
060A0B42	76	Setup_Face_ID	src/sel_pl.c
060A0B8E	110	Correct_Control_Time	src/sel_pl.c
060A0BFC	58	Check_Boss	src/sel_pl.c
060A0C36	28	Setup_Play_Type_1st	src/sel_pl.c
060A0C52	198	Setup_Battle_Country	src/sel_pl.c
060A0D18	156	Next_CPU	src/next_cpu.c
060A0DB4	370	Next_CPU_1st	src/next_cpu.c
060A0F26	40	Next_CPU_2nd	src/next_cpu.c
060A0F4E	258	Next_CPU_3rd	src/next_cpu.c
060A1050	468	Next_CPU_4th	src/next_cpu.c
060A1224	648	Next_CPU_5th	src/next_cpu.c
060A14AC	64	Check_EM_Speech	src/next_cpu.c
060A14EC	8	Next_CPU_6th	src/next_cpu.c
060A14F4	204	After_Bonus	src/next_cpu.c
060A15C0	80	After_Bonus_1st	src/next_cpu.c
060A1610	308	After_Bonus_2nd	src/next_cpu.c
060A1744	376	After_Bonus_3rd	src/next_cpu.c
060A18BC	40	After_Bonus_4th	src/next_cpu.c
060A18E4	360	After_Bonus_6th	src/next_cpu.c
060A1A4C	8	After_Bonus_End	src/next_cpu.c
060A1A54	82	Select_CPU_First	src/next_cpu.c
060A1AA6	268	Select_CPU_1st	src/next_cpu.c
060A1BB2	202	Select_CPU_2nd	src/next_cpu.c
060A1C7C	940	Select_CPU_3rd	src/next_cpu.c
060A2028	12	Select_CPU_4th	src/next_cpu.c
060A2034	244	Next_Bonus_1st	src/next_cpu.c
060A2128	106	Next_Bonus_2nd	src/next_cpu.c
060A2192	366	Next_Bonus_3rd	src/next_cpu.c
060A2300	8	Next_Bonus_End	src/next_cpu.c
060A2308	180	Next_Q	src/next_cpu.c
060A23BC	90	Next_Q_1st	src/next_cpu.c
060A2416	310	Next_Q_2nd	src/next_cpu.c
060A254C	186	Next_Q_3rd	src/next_cpu.c
060A2606	62	PL_Sel_1st	src/next_cpu.c
060A2644	336	Sel_CPU_Sub	src/next_cpu.c
060A2794	72	Setup_EM_List	src/next_cpu.c
060A27DC	106	Setup_Next_Fighter	src/next_cpu.c
060A2846	126	Setup_Com_Arts	src/next_cpu.c
060A28C4	58	Setup_Com_Color	src/next_cpu.c
060A28FE	376	Setup_PL_Color	src/next_cpu.c
060A2A76	150	Setup_Regular_OBJ	src/next_cpu.c
060A2B0C	122	Regular_OBJ_Sub	src/next_cpu.c
060A2B86	454	Setup_History_OBJ	src/next_cpu.c
060A2D4C	282	Setup_VS_OBJ	src/next_cpu.c
060A2E66	130	Check_Bonus_Stage	src/next_cpu.c
060A2EE8	66	Check_Bonus_Type	src/next_cpu.c
060A2F2A	64	Setup_Next_Stage	src/next_cpu.c
060A2F6A	34	Check_Auto_Cut	src/next_cpu.c
060A2F8C	120	Auto_Cut_Sub	src/next_cpu.c
060A3004	92	game_config_main	src/game_config_main.c
060A3060	100	game_config_menu	src/game_config_main.c
060A30C4	606	game_config_init_jp	src/game_config_jp.c
060A3322	154	game_config_move_jp	src/game_config_jp.c
060A33BC	52	game_config_force_wide	src/game_config_jp.c
060A33F0	270	game_config_screen_item_jp	src/game_config_jp.c
060A34FE	168	game_config_level_item_jp	src/game_config_jp.c
060A35A6	162	game_config_damage_item_jp	src/game_config_jp.c
060A3648	208	game_config_timer_item_jp	src/game_config_jp.c
060A3718	196	game_config_1p_round_item_jp	src/game_config_jp.c
060A37DC	252	game_config_2p_round_item_jp	src/game_config_jp.c
060A38D8	204	game_config_event_item_jp	src/game_config_jp.c
060A39A4	172	game_config_bonus_item_jp	src/game_config_jp.c
060A3A50	30	game_config_exit_item_jp	src/game_config_jp.c
060A3A6E	38	game_config_settings_commit	src/game_config_jp.c
060A3A94	100	game_config_lever_repeat_jp	src/game_config_jp.c
060A3AF8	76	game_config_cursor_move_jp	src/game_config_jp.c
060A3B44	120	game_config_apply	src/game_config_jp.c
060A3BBC	26	game_config_print_value_jp	src/game_config_jp.c
060A3BD6	90	game_config_print_gauge_jp	src/game_config_jp.c
060A3C30	52	game_config_print_cursor_jp	src/game_config_jp.c
060A3C64	56	game_config_menu_en	src/game_config_en.c
060A3C9C	532	game_config_init_en	src/game_config_en.c
060A3EB0	106	game_config_move_en	src/game_config_en.c
060A3F1A	270	game_config_screen_item_en	src/game_config_en.c
060A4028	178	game_config_level_item_en	src/game_config_en.c
060A40DA	162	game_config_damage_item_en	src/game_config_en.c
060A417C	204	game_config_timer_item_en	src/game_config_en.c
060A4248	202	game_config_1p_round_item_en	src/game_config_en.c
060A4312	258	game_config_2p_round_item_en	src/game_config_en.c
060A4414	210	game_config_event_item_en	src/game_config_en.c
060A44E6	178	game_config_bonus_item_en	src/game_config_en.c
060A4598	30	game_config_exit_item_en	src/game_config_en.c
060A45B6	100	game_config_lever_repeat_en	src/game_config_en.c
060A461A	76	game_config_cursor_move_en	src/game_config_en.c
060A4666	90	game_config_draw_cursor_en	src/game_config_en.c
060A46C0	84	game_config_print_gauge_en	src/game_config_en.c
060A4714	52	game_config_print_value_en	src/game_config_en.c
060A4748	272	debug_scene_outer_dispatch	src/CMD_MAIN.c
060A4858	46	debug_effect_move_all	src/CMD_MAIN.c
060A4886	310	debug_menu_work_init	src/CMD_MAIN.c
060A49BC	54	debug_menu_gfx_load	src/CMD_MAIN.c
060A49F2	470	debug_menu_player_setup	src/CMD_MAIN.c
060A4BC8	38	debug_menu_select_dispatch	src/CMD_MAIN.c
060A4BEE	64	debug_menu_select_init	src/CMD_MAIN.c
060A4C2E	258	debug_menu_select_run	src/CMD_MAIN.c
060A4D30	98	debug_main_dispatch	src/CMD_MAIN.c
060A4D92	64	debug_bg_select_dispatch	src/CMD_MAIN.c
060A4DD2	118	debug_bg_select_init	src/CMD_MAIN.c
060A4E48	146	debug_bg_select_navigate_updown	src/CMD_MAIN.c
060A4EDA	134	debug_object_look_dispatch	src/CMD_MAIN.c
060A4F60	170	debug_object_look_init	src/CMD_MAIN.c
060A500A	926	debug_object_look_run	src/CMD_MAIN.c
060A53A8	196	debug_object_edit_dispatch	src/CMD_MAIN.c
060A546C	392	debug_object_edit_init	src/CMD_MAIN.c
060A55F4	1114	debug_object_edit_move	src/CMD_MAIN.c
060A5A4E	670	debug_record_frame_save	src/CMD_MAIN.c
060A5CEC	326	debug_object_edit_snapshot_restore	src/CMD_MAIN.c
060A5E32	190	debug_object_edit_all_char_dispatch	src/CMD_MAIN.c
060A5EF0	368	debug_object_edit_all_char_init	src/CMD_MAIN.c
060A6060	1114	debug_object_edit_all_char_move	src/CMD_MAIN.c
060A64BA	170	debug_zoom_out_by_dipsw	src/CMD_MAIN.c
060A6564	112	debug_player_color_next	src/CMD_MAIN.c
060A65D4	164	debug_ghost_shift_left	src/CMD_MAIN.c
060A6678	118	debug_ghost_shift_right	src/CMD_MAIN.c
060A66EE	86	debug_ghost_shift_up	src/CMD_MAIN.c
060A6744	854	debug_draw_record_ghosts	src/CMD_MAIN.c
060A6A9A	170	debug_hit_judgment_dispatch	src/CMD_MAIN.c
060A6B44	636	debug_hit_judgment_init	src/CMD_MAIN.c
060A6DC0	866	debug_hit_judgment_move	src/CMD_MAIN.c
060A7122	222	debug_hit_a_judgement_init	src/CMD_MAIN.c
060A7200	1408	debug_hit_a_judgement_build_table	src/CMD_MAIN.c
060A7780	76	debug_memcmp_u32	src/CMD_MAIN.c
060A77CC	64	debug_hit_a_judgement_alloc_slot	src/CMD_MAIN.c
060A780C	92	debug_hit_a_judgement_cleanup	src/CMD_MAIN.c
060A7868	532	debug_hit_a_judgement_run	src/CMD_MAIN.c
060A7A7C	136	debug_hit_a_judgement_navigate_xy	src/CMD_MAIN.c
060A7B04	1116	debug_hit_a_judgement_edit_grid	src/CMD_MAIN.c
060A7F60	82	debug_hit_a_judgement_held_step	src/CMD_MAIN.c
060A7FB2	70	debug_hit_a_judgement_edit_step	src/CMD_MAIN.c
060A7FF8	532	debug_hit_a_judgement_column_nav	src/CMD_MAIN.c
060A820C	52	debug_hit_a_judgement_print_footer	src/CMD_MAIN.c
060A8240	60	debug_hit_a_draw_cursor	src/CMD_MAIN.c
060A827C	152	debug_hit_a_print_counts	src/CMD_MAIN.c
060A8314	1328	debug_hit_a_print_pattern_rows	src/CMD_MAIN.c
060A8844	2336	debug_hit_a_print_hit_ix_rows	src/CMD_MAIN.c
060A9164	1020	debug_hit_a_print_box_values	src/CMD_MAIN.c
060A9560	202	debug_hit_a_exit_confirm	src/CMD_MAIN.c
060A962A	170	debug_hit_judgment_redraw	src/CMD_MAIN.c
060A96D4	28	debug_clear_rgb_triplet_table	src/CMD_MAIN.c
060A96F0	342	debug_rgb_editor_navigate	src/CMD_MAIN.c
060A9846	114	debug_bg_color_preset_next	src/CMD_MAIN.c
060A98B8	148	debug_rgb_editor_print	src/CMD_MAIN.c
060A994C	184	debug_catch_judgment_dispatch	src/CMD_MAIN.c
060A9A04	328	debug_catch_judgment_init	src/CMD_MAIN.c
060A9B4C	704	debug_catch_judgment_run	src/CMD_MAIN.c
060A9E0C	76	debug_char_preview_dispatch	src/CMD_MAIN.c
060A9E58	376	debug_char_preview_init	src/CMD_MAIN.c
060A9FD0	1508	debug_char_preview_run	src/CMD_MAIN.c
060AA5B4	172	debug_parts_dispatch	src/CMD_MAIN.c
060AA660	530	debug_parts_init	src/CMD_MAIN.c
060AA872	1066	debug_parts_run	src/CMD_MAIN.c
060AAC9C	640	debug_parts_copy_overlap	src/CMD_MAIN.c
060AAF1C	224	debug_parts_flip_apply	src/CMD_MAIN.c
060AAFFC	152	debug_char_slot_init	src/CMD_MAIN.c
060AB094	68	debug_edit_slots_reset	src/CMD_MAIN.c
060AB0D8	266	debug_slot_all_select	src/CMD_MAIN.c
060AB1E2	154	debug_slot_motion_select	src/CMD_MAIN.c
060AB27C	20	debug_check_step	src/CMD_MAIN.c
060AB290	28	debug_check_rec_step	src/CMD_MAIN.c
060AB2AC	16	debug_check_step_z	src/CMD_MAIN.c
060AB2BC	24	debug_check_rec_frame	src/CMD_MAIN.c
060AB2D4	96	debug_flip_cycle	src/CMD_MAIN.c
060AB334	132	debug_parts_flip_cycle	src/CMD_MAIN.c
060AB3B8	130	debug_priority_swap	src/CMD_MAIN.c
060AB43A	90	debug_move_record_start	src/CMD_MAIN.c
060AB494	68	debug_pl_id_input	src/CMD_MAIN.c
060AB4D8	16	debug_record_sw_check	src/CMD_MAIN.c
060AB4E8	90	debug_record_frame_adjust	src/CMD_MAIN.c
060AB542	356	debug_move_record_menu	src/CMD_MAIN.c
060AB6A6	46	debug_playback_mode_cycle	src/CMD_MAIN.c
060AB6D4	236	debug_position_by_pad	src/CMD_MAIN.c
060AB7C0	106	debug_bg0_scroll_by_pad	src/CMD_MAIN.c
060AB82A	130	debug_bg_position_reset	src/CMD_MAIN.c
060AB8AC	328	debug_bg_scroll_by_pad	src/CMD_MAIN.c
060AB9F4	870	debug_hit_box_edit	src/CMD_MAIN.c
060ABD5A	4	debug_set_dummy_box	src/CMD_MAIN.c
060ABD5E	34	debug_set_body_box	src/CMD_MAIN.c
060ABD80	34	debug_set_hand_box	src/CMD_MAIN.c
060ABDA2	32	debug_set_catch_box	src/CMD_MAIN.c
060ABDC2	32	debug_set_caught_box	src/CMD_MAIN.c
060ABDE2	34	debug_set_attack_box	src/CMD_MAIN.c
060ABE04	60	debug_set_hosei_box	src/CMD_MAIN.c
060ABE40	36	debug_set_all_boxes	src/CMD_MAIN.c
060ABE64	154	debug_hit_box_cursor	src/CMD_MAIN.c
060ABEFE	62	debug_memcpy_u16	src/CMD_MAIN.c
060ABF3C	496	debug_hit_box_copy	src/CMD_MAIN.c
060AC12C	166	debug_hit_box_show_select	src/CMD_MAIN.c
060AC1D2	494	debug_edit_common_input	src/CMD_MAIN.c
060AC3C0	176	debug_kakusyuku_mode_cycle	src/CMD_MAIN.c
060AC470	196	debug_screen_zoom_by_pad	src/CMD_MAIN.c
060AC534	220	debug_char_scale_by_pad	src/CMD_MAIN.c
060AC610	44	debug_kakusyuku_input	src/CMD_MAIN.c
060AC63C	20	debug_dec_disp_input	src/CMD_MAIN.c
060AC650	622	debug_cmd_panel_run	src/CMD_MAIN.c
060AC8BE	1008	debug_cg_number_browse	src/CMD_MAIN.c
060ACCAE	118	debug_object_look_input	src/CMD_MAIN.c
060ACD24	290	debug_object_edit_input	src/CMD_MAIN.c
060ACE46	336	debug_edit_all_char_input	src/CMD_MAIN.c
060ACF96	212	debug_hit_judgment_input	src/CMD_MAIN.c
060AD06A	154	debug_catch_judgment_input	src/CMD_MAIN.c
060AD104	784	debug_parts_input	src/CMD_MAIN.c
060AD414	180	debug_lever_repeat	src/CMD_MAIN.c
060AD4C8	186	debug_lever_repeat_fast	src/CMD_MAIN.c
060AD582	150	debug_held_pad_repeat	src/CMD_MAIN.c
060AD618	50	debug_pattern_timer_update	src/CMD_MAIN.c
060AD64A	46	debug_edit_pattern_timer_update	src/CMD_MAIN.c
060AD678	308	debug_char_table_load	src/CMD_MAIN.c
060AD7AC	904	debug_slot_char_load	src/CMD_MAIN.c
060ADB34	844	debug_slot_char_load_keep_col	src/CMD_MAIN.c
060ADE80	30	debug_char_disp	src/CMD_MAIN.c
060ADE9E	78	debug_char_disp_sort	src/CMD_MAIN.c
060ADEEC	42	debug_char_disp_once	src/CMD_MAIN.c
060ADF16	1366	debug_parts_disp	src/CMD_MAIN.c
060AE46C	48	debug_pattern_edit_init_counts	src/CMD_MAIN.c
060AE49C	182	debug_motion_list_count	src/CMD_MAIN.c
060AE552	102	debug_pattern_count	src/CMD_MAIN.c
060AE5B8	560	debug_pattern_entry_copy_dual	src/CMD_MAIN.c
060AE7E8	444	debug_pattern_list_build	src/CMD_MAIN.c
060AE9A4	24	debug_pattern_preview_restart	src/CMD_MAIN.c
060AE9BC	928	debug_pattern_preview_step	src/CMD_MAIN.c
060AED5C	98	debug_save_player_snapshot	src/CMD_MAIN.c
060AEDBE	58	debug_copy_player_snapshot	src/CMD_MAIN.c
060AEDF8	80	debug_restore_player_snapshot	src/CMD_MAIN.c
060AEE48	70	debug_snapshot_to_ghost	src/CMD_MAIN.c
060AEE8E	164	debug_hex4_to_bcd	src/CMD_MAIN.c
060AEF32	28	debug_cg_bank_kind	src/CMD_MAIN.c
060AEF4E	154	debug_draw_cg_group	src/CMD_MAIN.c
060AEFE8	130	debug_draw_cg_group_offset	src/CMD_MAIN.c
060AF06A	798	debug_draw_object_info	src/CMD_MAIN.c
060AF388	74	debug_draw_kakusyuku_frame_flags	src/CMD_MAIN.c
060AF3D2	304	debug_draw_position_delta	src/CMD_MAIN.c
060AF502	26	debug_draw_edit_side	src/CMD_MAIN.c
060AF51C	1032	debug_draw_hit_edit_info	src/CMD_MAIN.c
060AF924	992	debug_draw_cm_summary	src/CMD_MAIN.c
060AFD04	1450	debug_draw_cm_data	src/CMD_MAIN.c
060B02AE	10	debug_draw_delta_and_side	src/CMD_MAIN.c
060B02B8	240	debug_draw_record_info	src/CMD_MAIN.c
060B03A8	1382	debug_draw_parts_info	src/CMD_MAIN.c
060B090E	336	debug_char_init	src/CMD_MAIN.c
060B0A5E	22	debug_p1_reset	src/CMD_MAIN.c
060B0A74	124	debug_both_players_reset	src/CMD_MAIN.c
060B0AF0	92	debug_menu_exit_check	src/CMD_MAIN.c
060B0B4C	1844	debug_bg_stage_load	src/CMD_MAIN.c
060B1280	122	debug_cg_group_index	src/CMD_MAIN.c
060B12FA	1198	debug_draw_att_data	src/CMD_MAIN.c
060B17A8	1700	debug_draw_cg_data	src/CMD_MAIN.c
060B1E4C	600	debug_draw_cgd_info	src/CMD_MAIN.c
060B20A4	376	debug_hud_mode_dispatch	src/CMD_MAIN.c
060B221C	782	debug_catch_move_record	src/CMD_MAIN.c
060B252A	80	debug_move_snapshot_frame	src/CMD_MAIN.c
060B257A	106	debug_bg_tile_put	src/CMD_MAIN.c
060B25E4	328	debug_bg_alloc_init	src/CMD_MAIN.c
060B272C	472	debug_bg_alloc_scene_init	src/CMD_MAIN.c
060B2904	48	screen_work_clear_all	src/CMD_MAIN.c
060B2934	44	waza_check	src/cmd_main_2.c
060B2960	60	key_thru	src/cmd_main_2.c
060B299C	340	cmd_data_set	src/cmd_main_2.c
060B2AF0	220	cmd_init	src/cmd_main_2.c
060B2BCC	752	cmd_move	src/cmd_main_2.c
060B2EBC	118	check_init	src/cmd_main_2.c
060B2F32	68	check_next	src/cmd_main_2.c
060B2F76	192	check_0	src/cmd_main_2.c
060B3036	286	check_1	src/cmd_main_2.c
060B3154	136	check_2	src/cmd_main_2.c
060B31DC	462	check_3	src/cmd_main_2.c
060B33AA	626	check_4	src/cmd_main_2.c
060B361C	88	check_5	src/cmd_main_2.c
060B3674	330	check_6	src/cmd_main_2.c
060B37BE	176	check_6_sub1	src/cmd_main_2.c
060B386E	82	check_6_sub2	src/cmd_main_2.c
060B38C0	266	check_7	src/cmd_main_2.c
060B39CA	280	check_9	src/cmd_main_2.c
060B3AE2	78	paring_miss_init	src/cmd_main_2.c
060B3B30	1586	check_10	src/cmd_main_2.c
060B4162	114	check_11	src/cmd_main_2.c
060B41D4	1424	check_12	src/cmd_main_2.c
060B4764	214	check_13	src/cmd_main_2.c
060B483A	452	check_14	src/cmd_main_2.c
060B49FE	284	check_15	src/cmd_main_2.c
060B4B1A	160	check_16	src/cmd_main_2.c
060B4BBA	370	check_18	src/cmd_main_2.c
060B4D2C	302	check_19	src/cmd_main_2.c
060B4E5A	42	check_20	src/cmd_main_2.c
060B4E84	272	check_21	src/cmd_main_2.c
060B4F94	376	check_22	src/cmd_main_2.c
060B510C	528	check_23	src/cmd_main_2.c
060B531C	182	check_24	src/cmd_main_2.c
060B53D2	182	check_25	src/cmd_main_2.c
060B5488	132	check_26	src/cmd_main_2.c
060B550C	76	command_ok	src/cmd_main_2.c
060B5558	78	command_ok_move	src/cmd_main_2.c
060B55A6	82	dead_lvr_check	src/cmd_main_2.c
060B55F8	966	pl_lvr_set	src/cmd_main_2.c
060B59BE	736	sw_pick_up	src/cmd_main_2.c
060B5C9E	56	dash_flag_clear	src/cmd_main_2.c
060B5CD6	36	hi_jump_flag_clear	src/cmd_main_2.c
060B5CFA	100	basic_waza_flag_clear	src/cmd_main_2.c
060B5D5E	54	waza_flag_clear_only_1	src/cmd_main_2.c
060B5D94	92	waza_compel_init	src/cmd_main_2.c
060B5DF0	888	waza_compel_all_init	src/cmd_main_2.c
060B6168	218	waza_slot_clear_all_p	src/cmd_main_2.c
060B6242	34	sw_to_lvbt	src/cmd_main_2.c
060B6264	4	sw_dummy_1	src/ta_sub.c
060B6268	4	sw_dummy_2	src/ta_sub.c
060B626C	80	sync_fam_set	src/ta_sub.c
060B62BC	82	sync_fam_set2	src/ta_sub.c
060B630E	246	sync_fam_set3	src/ta_sub.c
060B6404	112	range_x_check	src/ta_sub.c
060B6474	136	range_x_check2	src/ta_sub.c
060B64FC	118	range_x_check3	src/ta_sub.c
060B6572	110	range_y_check	src/ta_sub.c
060B65E0	64	range_xy_check	src/ta_sub.c
060B6620	124	range_x_out_y_in_check	src/ta_sub.c
060B669C	32	add_x_sub	src/ta_sub.c
060B66BC	32	add_x_sub2	src/ta_sub.c
060B66DC	68	add_x_sub_flip	src/ta_sub.c
060B6720	32	add_y_sub	src/ta_sub.c
060B6740	40	add_y_sub2	src/ta_sub.c
060B6768	30	obr_disp_off_check	src/ta_sub.c
060B6786	60	disp_pos_trans_entry	src/ta_sub.c
060B67C2	60	disp_pos_trans_entry5	src/ta_sub.c
060B67FE	102	disp_pos_trans_entry_r	src/ta_sub.c
060B6864	82	disp_pos_trans_entry_rxy	src/ta_sub.c
060B68B6	82	disp_pos_trans_entry_r4	src/ta_sub.c
060B6908	100	disp_pos_trans_entry_rbg	src/ta_sub.c
060B696C	62	disp_pos_trans_entry_s	src/ta_sub.c
060B69AA	66	disp_pos_trans_entry_rs	src/ta_sub.c
060B69EC	40	disp_pos_trans_entry_seraph	src/ta_sub.c
060B6A14	88	pl_eff_trans_entry	src/ta_sub.c
060B6A6C	82	pl_eff_trans_entry_r	src/ta_sub.c
060B6ABE	164	eff_hit_check	src/ta_sub.c
060B6B62	140	eff_hit_check_sub	src/ta_sub.c
060B6BEE	176	eff_hit_check2	src/ta_sub.c
060B6C9E	102	eff_hit_check_sub2	src/ta_sub.c
060B6D04	148	hit_check_subroutine_yu	src/ta_sub.c
060B6D98	24	eff_hit_flag_clear	src/ta_sub.c
060B6DB0	44	complete_victory_check	src/ta_sub.c
060B6DDC	22	get_winner_player_number	src/ta_sub.c
060B6DF2	6	get_winner_id	src/ta_sub.c
060B6DF8	60	range_abs_check	src/ta_sub.c
060B6E34	52	either_pl_hissatsu_check	src/ta_sub.c
060B6E68	26	compel_dead_check	src/ta_sub.c
060B6E82	46	pl_shot_on_check	src/ta_sub.c
060B6EB0	84	win_lose_work_clear	src/ta_sub.c
060B6F04	248	cal_bg_speed_data	src/ta_sub2.c
060B6FFC	166	cal_bg_speed_data_x	src/ta_sub2.c
060B70A2	190	cal_bg_speed_data_y	src/ta_sub2.c
060B7160	92	pl_shot_trg_check	src/ta_sub2.c
060B71BC	46	TATE00	src/tate00.c
060B71EA	32	ta0_init00	src/tate00.c
060B720A	30	ta0_init01	src/tate00.c
060B7228	30	ta0_init02	src/tate00.c
060B7246	90	ta0_move	src/tate00.c
060B72A0	166	bg_debug_stage_change	src/bg_sub.c
060B7346	158	bg_free_work_blocks	src/bg_sub.c
060B73E4	1008	bg_debug_scroll_layers	src/bg_sub.c
060B77D4	180	bg_test_stage_select	src/bg_sub.c
060B7888	160	bg_layers_off	src/bg_sub.c
060B7928	1078	check_cg_zoom	src/bg_sub_2.c
060B7D5E	54	bg_chase_move	src/bg_sub_2.c
060B7D94	464	chase_start_check	src/bg_sub_2.c
060B7F64	436	chase_xy_move	src/bg_sub_2.c
060B8118	20	bgw_xy_add	src/bg_sub_2.c
060B812C	20	bgw_wxy_add	src/bg_sub_2.c
060B8140	36	Bg_mv_tw	src/bg_sub_2.c
060B8164	68	Bg_mv_tw_appoint	src/bg_sub_2.c
060B81A8	36	x_right_check	src/bg_sub_2.c
060B81CC	36	x_left_check	src/bg_sub_2.c
060B81F0	4	scr_x_dummy	src/bg_sub_2.c
060B81F4	44	scr_10_20	src/bg_sub_2.c
060B8220	34	scr_10_21	src/bg_sub_2.c
060B8242	34	scr_10_22	src/bg_sub_2.c
060B8264	34	scr_11_20	src/bg_sub_2.c
060B8286	72	scr_11_21	src/bg_sub_2.c
060B82CE	134	scr_11_22	src/bg_sub_2.c
060B8354	34	scr_12_20	src/bg_sub_2.c
060B8376	106	scr_12_21	src/bg_sub_2.c
060B83E0	92	scr_12_22	src/bg_sub_2.c
060B843C	106	scr_11_22_2	src/bg_sub_2.c
060B84A6	106	scr_12_21_2	src/bg_sub_2.c
060B8510	272	bg_base_x_move_sub	src/bg_sub_2.c
060B8620	356	bg_base_x_move_check	src/bg_sub_2.c
060B8784	52	remake_mvstep	src/bg_sub_2.c
060B87B8	182	bg_base_y_move_check	src/bg000.c
060B886E	184	bg_x_move_check	src/bg000.c
060B8926	150	bg_y_move_check	src/bg000.c
060B89BC	120	zoom_frame_judge	src/bg000.c
060B8A34	578	zoom_ud_check	src/bg000.c
060B8C76	106	zoom_frame_judge_dist	src/bg000.c
060B8CE0	196	zoom_x_width_check	src/bg000.c
060B8DA4	152	zoom_y_width_check	src/bg000.c
060B8E3C	120	suzi_line_clear	src/bg000.c
060B8EB4	482	suzi_line_calc	src/bg000.c
060B9096	570	suzi_line_calc_fill	src/bg000.c
060B92D0	456	suzi_line_calc_flat	src/bg000.c
060B9498	384	suzi_line_calc2	src/bg000.c
060B9618	40	bg_cell_offset	src/bg000.c
060B9640	12	suzi_offset_set	src/bg000.c
060B964C	92	suzi_offset_set_sub	src/bg000.c
060B96A8	70	suzi_sync_pos_set	src/bg000.c
060B96EE	112	Bg_Family_Set	src/bg000.c
060B975E	76	Bg_Family_Set_appoint	src/bg000.c
060B97AA	136	Bg_Family_Set_2	src/bg000.c
060B9832	78	Bg_Family_Set_2_appoint	src/bg000.c
060B9880	52	ake_Family_Set	src/bg000.c
060B98B4	72	ake_Family_Set2	src/bg000.c
060B98FC	154	bg_pos_hosei_sub2	src/bg000.c
060B9996	148	bg_pos_hosei_sub3	src/bg000.c
060B9A2A	238	bg_pos_hosei2	src/bg000.c
060B9B18	24	get_center_position	src/bg000.c
060B9B30	6	get_height_position	src/bg000.c
060B9B36	6	bg_quake_x_index_set	src/bg000.c
060B9B3C	6	bg_quake_y_index_set	src/bg000.c
060B9B42	106	blit_16x16_tile	src/bg000.c
060B9BAC	90	blit_8x16_tile	src/bg000.c
060B9C06	66	bg_cell_write	src/bg000.c
060B9C48	122	blit_16x16_xflip	src/bg000.c
060B9CC2	82	bg_cell_write_xflip	src/bg000.c
060B9D14	128	blit_16x16_yflip	src/bg000.c
060B9D94	70	bg_cell_write_yflip	src/bg000.c
060B9DDA	174	blit_16x16_xyflip	src/bg000.c
060B9E88	70	bg_cell_write_xyflip	src/bg000.c
060B9ECE	198	bg_cell_fill	src/bg000.c
060B9F94	250	bg_scr_write	src/bg000.c
060BA08E	64	ake_cell_write	src/bg000.c
060BA0CE	70	ake_cell_write_attr	src/bg000.c
060BA114	124	akebono_cell_fill	src/bg000.c
060BA190	26	akebono_scrn_move	src/bg000.c
060BA1AA	110	akebono_scr_write	src/bg000.c
060BA218	174	bg_etc_scr_write	src/bg000.c
060BA2C6	250	bg_scr_clear_all	src/bg000.c
060BA3C0	106	bg_work_clear	src/bg000.c
060BA42A	4	bg_work_clear_dummy	src/bg000.c
060BA42E	646	compel_bg_init_position	src/bg000.c
060BA6B4	688	reset_all_char_display_with_backup	src/bg000.c
060BA964	34	bg_rect_attr_preset	src/bg000.c
060BA986	96	oh_opening_demo	src/bg000.c
060BA9E6	88	bg_rect_attr_add	src/bg000.c
060BAA3E	256	capcom_logo_color_step	src/bg000.c
060BAB3E	254	capcom_logo_anim	src/bg000.c
060BAC3C	56	scroll_cell_write	src/bg000.c
060BAC74	64	bg_extra_color_trans	src/bg000.c
060BACB4	48	bg_base_move_common	src/bg000.c
060BACE4	14	bg_move_common	src/bg000.c
060BACF2	4	bg_move_common_dummy	src/bg000.c
060BACF6	1872	bg_initialize	src/bg000.c
060BB446	70	bg_color_trans	src/bg000.c
060BB48C	404	akebono_initialize	src/bg000.c
060BB620	1732	bg_etc_write	src/bg000.c
060BBCE4	102	BG000	src/bg000.c
060BBD4A	44	bg0001_ctrl	src/bg000.c
060BBD76	312	bg0001_init00	src/bg000.c
060BBEAE	44	bg0000	src/bg000.c
060BBEDA	240	bg0000_init00	src/bg000.c
060BBFCA	210	bg0000_demo	src/bg000.c
060BC09C	20	bg0000_demo_effect_set	src/bg000.c
060BC0B0	120	BG010	src/bg000.c
060BC128	40	bg0101	src/bg000.c
060BC150	90	bg0101_init00	src/bg000.c
060BC1AA	40	bg0102	src/bg000.c
060BC1D2	114	bg0102_init00	src/bg000.c
060BC244	184	bg0103	src/bg000.c
060BC2FC	192	BG020	src/bg020.c
060BC3BC	40	bg0201	src/bg020.c
060BC3E4	54	bg0201_init00	src/bg020.c
060BC41A	86	bg0202	src/bg020.c
060BC470	78	bg0202_init00	src/bg020.c
060BC4BE	40	bg020_sync_common	src/bg020.c
060BC4E6	98	bg020_sync_init	src/bg020.c
060BC548	68	bg020_sync_move	src/bg020.c
060BC58C	94	BG030	src/bg040.c
060BC5EA	40	bg0300	src/bg040.c
060BC612	62	bg0300_init00	src/bg040.c
060BC650	40	bg0301	src/bg040.c
060BC678	164	bg0301_init	src/bg040.c
060BC71C	102	BG040	src/bg040.c
060BC782	44	bg0401	src/bg040.c
060BC7AE	90	bg0401_init00	src/bg040.c
060BC808	12	bg0401_init01	src/bg040.c
060BC814	44	bg0402	src/bg040.c
060BC840	54	bg0402_init00	src/bg040.c
060BC876	70	bg0402_init01	src/bg040.c
060BC8BC	144	BG050	src/BG050.c
060BC94C	40	bg0501	src/BG050.c
060BC974	54	bg0501_init00	src/BG050.c
060BC9AA	40	bg0502	src/BG050.c
060BC9D2	134	bg0502_init00	src/BG050.c
060BCA58	40	bg050_sync_common	src/BG050.c
060BCA80	98	bg050_sync_init	src/BG050.c
060BCAE2	50	bg050_sync_move	src/BG050.c
060BCB14	144	BG180	src/bg090.c
060BCBA4	40	bg1801	src/bg090.c
060BCBCC	54	bg1801_init00	src/bg090.c
060BCC02	14	bg1801_move	src/bg090.c
060BCC10	88	bg1802	src/bg090.c
060BCC68	104	bg1802_init00	src/bg090.c
060BCCD0	20	bg1802_move	src/bg090.c
060BCCE4	40	bg180_sync_common	src/bg090.c
060BCD0C	98	bg180_sync_init	src/bg090.c
060BCD6E	90	bg180_sync_move	src/bg090.c
060BCDC8	120	BG060	src/bg090.c
060BCE40	40	bg0601	src/bg090.c
060BCE68	86	bg0601_init00	src/bg090.c
060BCEBE	78	bg0602	src/bg090.c
060BCF0C	132	bg0602_init00	src/bg090.c
060BCF90	212	bg0603	src/bg090.c
060BD064	120	BG070	src/bg090.c
060BD0DC	40	bg0701	src/bg090.c
060BD104	170	bg0701_init00	src/bg090.c
060BD1AE	106	bg0701_move00	src/bg090.c
060BD218	40	bg0702	src/bg090.c
060BD240	84	bg0702_init00	src/bg090.c
060BD294	208	bg0703	src/bg090.c
060BD364	216	BG080	src/bg090.c
060BD43C	40	bg0801	src/bg090.c
060BD464	72	bg0801_init00	src/bg090.c
060BD4AC	88	bg0802	src/bg090.c
060BD504	96	bg0802_init00	src/bg090.c
060BD564	40	bg080_sync_common	src/bg090.c
060BD58C	152	bg080_sync_init	src/bg090.c
060BD624	96	bg080_sync_move	src/bg090.c
060BD684	88	BG090	src/bg090.c
060BD6DC	60	bg0901	src/bg090.c
060BD718	50	bg0901_init00	src/bg090.c
060BD74A	102	bg0902	src/bg090.c
060BD7B0	80	bg0902_init00	src/bg090.c
060BD800	286	bg_fam0900	src/bg090.c
060BD91E	70	bg090_demo_check	src/bg090.c
060BD964	238	demo90_base	src/bg090.c
060BDA52	86	jijii_win_bg	src/bg090.c
060BDAA8	108	jijii_win_bg2	src/bg090.c
060BDB14	94	BG100	src/bg100.c
060BDB72	40	bg1000	src/bg100.c
060BDB9A	94	bg1000_init00	src/bg100.c
060BDBF8	88	bg1001	src/bg100.c
060BDC50	148	bg1001_init00	src/bg100.c
060BDCE4	94	BG110	src/bg120.c
060BDD42	40	bg1101	src/bg120.c
060BDD6A	54	bg1101_init00	src/bg120.c
060BDDA0	20	bg1101_move	src/bg120.c
060BDDB4	40	bg1100	src/bg120.c
060BDDDC	54	bg1100_init00	src/bg120.c
060BDE12	70	bg1100_move	src/bg120.c
060BDE58	144	BG120	src/bg120.c
060BDEE8	40	bg1201	src/bg120.c
060BDF10	54	bg1201_init00	src/bg120.c
060BDF46	78	bg1202	src/bg120.c
060BDF94	92	bg1202_init00	src/bg120.c
060BDFF0	244	bg_fam0C00	src/bg120.c
060BE0E4	120	BG130	src/bg130.c
060BE15C	40	bg1301	src/bg130.c
060BE184	72	bg1301_init00	src/bg130.c
060BE1CC	40	bg1300	src/bg130.c
060BE1F4	54	bg1300_init00	src/bg130.c
060BE22A	210	bg1302	src/bg130.c
060BE2FC	120	BG140	src/bg140.c
060BE374	40	bg1401	src/bg140.c
060BE39C	100	bg1401_init00	src/bg140.c
060BE400	40	bg1400	src/bg140.c
060BE428	116	bg1400_init00	src/bg140.c
060BE49C	154	bg1402	src/bg140.c
060BE536	162	bg1403	src/bg140.c
060BE5D8	120	BG150	src/bg150.c
060BE650	40	bg1501	src/bg150.c
060BE678	54	bg1501_init00	src/bg150.c
060BE6AE	74	bg1502	src/bg150.c
060BE6F8	132	bg1502_init00	src/bg150.c
060BE77C	224	bg1502_sync_common	src/bg150.c
060BE85C	120	BG160	src/bg160.c
060BE8D4	40	bg1601	src/bg160.c
060BE8FC	54	bg1601_init00	src/bg160.c
060BE932	40	bg1602	src/bg160.c
060BE95A	162	bg1602_init00	src/bg160.c
060BE9FC	184	bg1602_sync_common	src/bg160.c
060BEAB4	120	BG190	src/bg190.c
060BEB2C	40	bg1901	src/bg190.c
060BEB54	54	bg1901_init00	src/bg190.c
060BEB8A	74	bg1902	src/bg190.c
060BEBD4	116	bg1902_init00	src/bg190.c
060BEC48	220	sync_bg14_common	src/bg190.c
060BED24	88	Bonus_bg1	src/bonus_bg.c
060BED7C	40	bns01	src/bonus_bg.c
060BEDA4	76	bns01_init00	src/bonus_bg.c
060BEDF0	14	bns01_move	src/bonus_bg.c
060BEDFE	40	bns02	src/bonus_bg.c
060BEE26	54	bns02_init00	src/bonus_bg.c
060BEE5C	76	bns02_move	src/bonus_bg.c
060BEEA8	88	Bonus_bg2	src/bns_bg2.c
060BEF00	40	bns11	src/bns_bg2.c
060BEF28	130	bns11_init00	src/bns_bg2.c
060BEFAA	14	bns11_move	src/bns_bg2.c
060BEFB8	108	bns12	src/bns_bg2.c
060BF024	54	bns12_init00	src/bns_bg2.c
060BF05A	30	bns12_move	src/bns_bg2.c
060BF078	144	Name_Input	src/n_input.c
060BF108	116	Name_Input_init	src/n_input.c
060BF17C	356	Name_Input_comm	src/n_input.c
060BF2E0	32	Name_Input_wait	src/n_input.c
060BF300	96	Name_Input_end	src/n_input.c
060BF360	24	Name_Finish	src/n_input.c
060BF378	28	show_thank_you_for_playing	src/n_input.c
060BF394	96	Name_Scs_Input_init	src/n_input.c
060BF3F4	686	Name_Scs_Input_comm	src/n_input.c
060BF6A2	166	Name_Scs_Input_end	src/n_input.c
060BF748	44	Name_Scs_Finish	src/n_input.c
060BF774	296	Name_Input_sub	src/n_input.c
060BF89C	186	auto_n_check	src/n_input.c
060BF956	92	name_slang_check	src/n_input.c
060BF9B2	72	define_name_input	src/n_input.c
060BF9FA	148	ranking_state_check	src/n_input.c
060BFA8E	56	ranking_name_entry	src/n_input.c
060BFAC6	258	name_work_init	src/n_input.c
060BFBC8	186	name_entry_commit_row	src/n_input.c
060BFC82	112	Scs_char_move	src/n_input.c
060BFCF2	226	Scs_move_sub	src/n_input.c
060BFDD4	264	current_sc_move2	src/n_input.c
060BFEDC	126	all_name_display	src/n_input.c
060BFF5A	86	start_cut_check	src/n_input.c
060BFFB0	30	appear_work_clear	src/appear.c
060BFFCE	84	home_visitor_check	src/appear.c
060C0022	198	appear_data_set	src/appear.c
060C00E8	164	appear_data_init_set	src/appear.c
060C018C	54	appear_player	src/appear.c
060C01C2	22	Appear_00000	src/appear.c
060C01D8	316	Appear_01000	src/appear.c
060C0314	122	Appear_03000	src/appear.c
060C038E	198	yun_yang_appear_check	src/appear.c
060C0454	394	Appear_04000	src/appear.c
060C05DE	194	yang_yun_appear_check	src/appear.c
060C06A0	444	Appear_05000	src/appear.c
060C085C	500	Appear_06000	src/appear.c
060C0A50	422	Appear_07000	src/appear.c
060C0BF6	172	Appear_08000	src/appear.c
060C0CA2	38	sean_appear_check	src/appear.c
060C0CC8	300	Appear_09000	src/appear.c
060C0DF4	250	Appear_10000	src/appear.c
060C0EEE	154	Appear_11000	src/appear.c
060C0F88	306	Appear_12000	src/appear.c
060C10BA	244	Appear_13000	src/appear.c
060C11AE	278	Appear_14000	src/appear.c
060C12C4	188	Appear_15000	src/appear.c
060C1380	120	Appear_16000	src/appear.c
060C13F8	128	gill_appear_check	src/appear.c
060C1478	272	Appear_17000	src/appear.c
060C1588	550	Appear_18000	src/appear.c
060C17AE	492	Appear_19000	src/appear.c
060C199A	98	Appear_20000	src/appear.c
060C19FC	174	Appear_21000	src/appear.c
060C1AAA	138	Appear_22000	src/appear.c
060C1B34	204	Appear_23000	src/appear.c
060C1C00	82	Appear_24000	src/appear.c
060C1C52	66	Appear_25000	src/appear.c
060C1C94	536	Appear_26000	src/appear.c
060C1EAC	314	Appear_28000	src/appear.c
060C1FE6	746	Appear_29000	src/appear.c
060C22D0	106	animal_decide	src/appear.c
060C233A	52	don_appear_check	src/appear.c
060C236E	114	Appear_30000	src/appear.c
060C23E0	180	Appear_31000	src/appear.c
060C2494	114	Appear_32000	src/appear.c
060C2506	284	Appear_33000	src/appear.c
060C2622	186	Appear_34000	src/appear.c
060C26DC	450	Appear_36000	src/appear.c
060C289E	556	Appear_37000	src/appear.c
060C2ACA	112	Appear_38000	src/appear.c
060C2B3A	350	Appear_39000	src/appear.c
060C2C98	170	Appear_41000	src/appear.c
060C2D42	154	jijii_nebukuro	src/appear.c
060C2DDC	172	win_player	src/win_pl.c
060C2E88	4	Win_00000	src/win_pl.c
060C2E8C	422	Win_01000	src/win_pl.c
060C3032	194	jijii_fly_up	src/win_pl.c
060C30F4	538	jijii_jump	src/win_pl.c
060C330E	164	jijii_full	src/win_pl.c
060C33B2	312	Win_02000	src/win_pl.c
060C34EA	362	Win_03000	src/win_pl.c
060C3654	358	Win_04000	src/win_pl.c
060C37BA	222	Normal_normal_Winner	src/win_pl.c
060C3898	184	Judge_normal_winner	src/win_pl.c
060C3950	460	Win_05000	src/win_pl.c
060C3B1C	288	Win_06000	src/win_pl.c
060C3C3C	468	Win_07000	src/win_pl.c
060C3E10	324	Win_08000	src/win_pl.c
060C3F54	506	Win_09000	src/win_pl.c
060C414E	510	Win_10000	src/win_pl.c
060C434C	136	q_em_distance_chk	src/win_pl.c
060C43D4	154	q_em_dir	src/win_pl.c
060C446E	248	q_keeping_action	src/win_pl.c
060C4566	422	q_leave_after_action	src/win_pl.c
060C470C	208	q_walk_past_action	src/win_pl.c
060C47DC	448	Win_11000	src/win_pl.c
060C499C	232	Win_11000_jump_out	src/win_pl.c
060C4A84	414	Win_11000_leap_out	src/win_pl.c
060C4C22	256	Win_12000	src/win_pl.c
060C4D22	394	Win_13000	src/win_pl.c
060C4EAC	364	Win_14000	src/win_pl.c
060C5018	78	urien_dash_chk	src/win_pl.c
060C5066	324	urien_dash	src/win_pl.c
060C51AA	272	Win_15000	src/win_pl.c
060C52BA	78	win_select	src/win_pl.c
060C5308	426	bonus_game_win_pause	src/win_pl.c
060C54B2	218	meta_win_pause	src/win_pl.c
060C558C	82	lose_player	src/lose_pl.c
060C55DE	22	Lose_00000	src/lose_pl.c
060C55F4	334	Lose_10000	src/lose_pl.c
060C5742	290	Lose_20000	src/lose_pl.c
060C5864	344	Lose_30000	src/lose_pl.c
060C59BC	182	Normal_normal_Loser	src/lose_pl.c
060C5A72	186	Judge_normal_loser	src/lose_pl.c
060C5B2C	216	meta_lose_pause	src/lose_pl.c
060C5C04	18	op_w_clear	src/end_main.c
060C5C16	86	op_work_clear	src/end_main.c
060C5C6C	62	opening_demo_tick	src/end_main.c
060C5CAA	66	opening_init2	src/end_main.c
060C5CEC	1364	opning_init_00000	src/end_main.c
060C6240	312	opning_init_01000	src/end_main.c
060C6378	134	opning_init_02000	src/end_main.c
060C63FE	94	opening_move	src/end_main.c
060C645C	112	op_100_move	src/end_main.c
060C64CC	132	op_101_move	src/end_main.c
060C6550	224	op_102_move	src/end_main.c
060C6630	716	op_103_move	src/end_main.c
060C68FC	384	op_104_move	src/end_main.c
060C6A7C	86	op_105_move	src/end_main.c
060C6AD2	310	op_106_move	src/end_main.c
060C6C08	688	op_107_move	src/end_main.c
060C6EB8	752	op_108_move	src/end_main.c
060C71A8	298	op_109_move	src/end_main.c
060C72D2	392	op_110_move	src/end_main.c
060C745A	232	op_111_move	src/end_main.c
060C7542	584	op_112_move	src/end_main.c
060C778A	310	op_113_move	src/end_main.c
060C78C0	348	op_114_move	src/end_main.c
060C7A1C	146	op_115_move	src/end_main.c
060C7AAE	164	op_116_move	src/end_main.c
060C7B52	112	op_117_move	src/end_main.c
060C7BC2	246	op_118_move	src/end_main.c
060C7CB8	4	op_119_move	src/end_main.c
060C7CBC	52	op_bg_off	src/end_main.c
060C7CF0	32	opening_bg_move_broadcast	src/end_main.c
060C7D10	140	op_bg0_move	src/end_main.c
060C7D9C	50	op_bg0_0000	src/end_main.c
060C7DCE	1240	op_bg0_0001	src/end_main.c
060C82A6	134	op_bg0_0002	src/end_main.c
060C832C	334	op_bg0_0003	src/end_main.c
060C847A	278	op_bg0_0004	src/end_main.c
060C8590	394	op_bg0_0005	src/end_main.c
060C871A	198	op_bg0_0006	src/end_main.c
060C87E0	174	op_bg0_0007	src/end_main.c
060C888E	226	op_bg0_0008	src/end_main.c
060C8970	204	op_bg0_0009	src/end_main.c
060C8A3C	158	op_bg0_0010	src/end_main.c
060C8ADA	238	op_bg0_0011	src/end_main.c
060C8BC8	240	op_bg0_0012	src/end_main.c
060C8CB8	166	op_bg0_0013	src/end_main.c
060C8D5E	4	op_bg0_0014	src/end_main.c
060C8D62	314	op_bg0_0015	src/end_main.c
060C8E9C	258	op_bg0_0016	src/end_main.c
060C8F9E	110	op_bg1_move	src/end_main.c
060C900C	54	op_bg1_0000	src/end_main.c
060C9042	162	op_bg1_0001	src/end_main.c
060C90E4	340	op_bg1_0002	src/end_main.c
060C9238	488	op_bg1_0003_move	src/end_main.c
060C9420	50	op_bg2_move	src/end_main.c
060C9452	60	op_bg2_0000	src/end_main.c
060C948E	44	op_bg2_0001	src/end_main.c
060C94BA	82	op_bg2_0002	src/end_main.c
060C950C	60	op_bg2_0003	src/end_main.c
060C9548	64	opening_capcom_scene_init	src/end_main.c
060C9588	372	opening_title_00	src/end_main.c
060C96FC	224	opening_capcom_logo_draw	src/end_main.c
060C97DC	164	opening_bgw_commit_pos	src/end_main.c
060C9880	326	update_all_disp_pos_ending	src/end_main.c
060C99C6	114	ending_effects_cleanup	src/end_main.c
060C9A38	50	Ending_init	src/end_main.c
060C9A6A	70	Ending_main	src/end_main.c
060C9AB0	978	normal_ending	src/end_main.c
060C9E82	26	end_main_move	src/end_main.c
060C9E9C	6	end_00000	src/end_main.c
060C9EA2	12	end_color_load	src/end_main.c
060C9EAE	106	fadeout_to_staff_roll	src/end_main.c
060C9F18	1232	common_end_init00	src/end_main.c
060CA3E8	300	common_end_init01	src/end_main.c
060CA514	58	end_fam_set	src/end_main.c
060CA54E	180	end_fam_set2	src/end_main.c
060CA602	70	end_bg_pos_hosei	src/end_main.c
060CA648	78	end_bg_pos_hosei2	src/end_main.c
060CA696	98	end_scn_pos_set	src/end_main.c
060CA6F8	134	end_scn_pos_set2	src/end_main.c
060CA77E	66	end_bg_block_attr_set	src/end_main.c
060CA7C0	66	end_bg_block_attr_add	src/end_main.c
060CA802	80	end_reset_etc	src/end_main.c
060CA852	90	end_X_com01	src/end_main.c
060CA8AC	36	end_fade_bgm	src/end_main.c
060CA8D0	44	end_fade_complete	src/end_main.c
060CA8FC	56	Cut_Cut_Cut_t	src/end_main.c
060CA934	4	Cut_Cut_Cut_dummy	src/end_main.c
060CA938	136	end_ake_cell_put	src/end_main.c
060CA9C0	208	end_01000	src/end_1.c
060CAA90	124	end_100_move	src/end_1.c
060CAB0C	392	end_100_0000	src/end_1.c
060CAC94	136	end_100_0001	src/end_1.c
060CAD1C	132	end_100_0002	src/end_1.c
060CADA0	204	end_100_0004	src/end_1.c
060CAE6C	84	end_100_cell_set	src/end_1.c
060CAEC0	222	end_02000	src/end_2.c
060CAF9E	126	end_200_move	src/end_2.c
060CB01C	154	end_200_0000	src/end_2.c
060CB0B6	180	end_200_1000	src/end_2.c
060CB16A	90	end_200_3000_anime	src/end_2.c
060CB1C4	86	end_200_2000	src/end_2.c
060CB21A	186	end_200_3000	src/end_2.c
060CB2D4	56	end_201_move	src/end_2.c
060CB30C	206	end_201_1000	src/end_2.c
060CB3DA	100	end_201_1000_anim	src/end_2.c
060CB43E	102	end_201_3000	src/end_2.c
060CB4A4	100	end_202_move	src/end_2.c
060CB508	114	end_202_1000	src/end_2.c
060CB57A	122	end_202_3000	src/end_2.c
060CB5F4	110	end_202_4000	src/end_2.c
060CB662	186	end_200_cell_set	src/end_2.c
060CB71C	214	end_03000	src/end_3.c
060CB7F2	126	end_300_move	src/end_3.c
060CB870	122	end_300_0000	src/end_3.c
060CB8EA	230	end_300_0002	src/end_3.c
060CB9D0	252	end_300_0003	src/end_3.c
060CBACC	228	end_300_0004	src/end_3.c
060CBBB0	166	end_300_0005	src/end_3.c
060CBC56	60	end_301_move	src/end_3.c
060CBC92	66	end_301_0003	src/end_3.c
060CBCD4	168	end_300_cell_set	src/end_3.c
060CBD7C	236	end_04000	src/end_4.c
060CBE68	92	end_400_move	src/end_4.c
060CBEC4	132	end_400_0000	src/end_4.c
060CBF48	280	end_400_1000	src/end_4.c
060CC060	20	end_401_move	src/end_4.c
060CC074	134	end_401_0000	src/end_4.c
060CC0FA	274	end_401_1000	src/end_4.c
060CC20C	282	end_401_2000	src/end_4.c
060CC326	256	end_401_3000	src/end_4.c
060CC426	264	end_401_4000	src/end_4.c
060CC52E	20	end_402_move	src/end_4.c
060CC542	162	end_402_0000	src/end_4.c
060CC5E4	260	end_402_1000	src/end_4.c
060CC6E8	136	end_400_cell_set	src/end_4.c
060CC770	268	end_05000	src/end_5.c
060CC87C	88	end_500_move	src/end_5.c
060CC8D4	146	end_500_comm	src/end_5.c
060CC966	366	end_500_0001	src/end_5.c
060CCAD4	124	end_500_0006	src/end_5.c
060CCB50	88	end_500_quake_y_sub	src/end_5.c
060CCBA8	260	end_500_0007	src/end_5.c
060CCCAC	282	end_500_0008	src/end_5.c
060CCDC6	70	end_500_0011	src/end_5.c
060CCE0C	88	end_5_bg0_move_sub	src/end_5.c
060CCE64	26	end_5_bg1_move_sub	src/end_5.c
060CCE7E	26	end_5_bg1_back_sub	src/end_5.c
060CCE98	88	end_501_move	src/end_5.c
060CCEF0	216	end_501_0007	src/end_5.c
060CCFC8	42	end_501_0008	src/end_5.c
060CCFF2	74	end_501_0009	src/end_5.c
060CD03C	106	end_501_0010	src/end_5.c
060CD0A6	250	end_501_0011	src/end_5.c
060CD1A0	132	end_501_0012	src/end_5.c
060CD224	220	end_5_bg1_cell_sub	src/end_5.c
060CD300	168	end_500_cell_set	src/end_5.c
060CD3A8	218	end_06000	src/end_6.c
060CD482	130	end_600_move	src/end_6.c
060CD504	140	end_600_0000	src/end_6.c
060CD590	342	end_600_1000	src/end_6.c
060CD6E6	486	end_600_2000	src/end_6.c
060CD8CC	170	end_600_3000	src/end_6.c
060CD976	76	end_600_4000	src/end_6.c
060CD9C2	254	end_600_5000	src/end_6.c
060CDAC0	60	end_601_move	src/end_6.c
060CDAFC	176	end_601_0000	src/end_6.c
060CDBAC	216	end_601_1000	src/end_6.c
060CDC84	376	end_601_2000	src/end_6.c
060CDDFC	122	end_601_3000	src/end_6.c
060CDE76	198	end_600_cell_set	src/end_6.c
060CDF3C	212	end_07000	src/end_7.c
060CE010	120	end_700_move	src/end_7.c
060CE088	54	end_701_move	src/end_7.c
060CE0BE	274	end_700_0000	src/end_7.c
060CE1D0	134	end_700_2000	src/end_7.c
060CE256	182	end_700_cell_set	src/end_7.c
060CE30C	202	end_08000	src/end_8.c
060CE3D6	52	end_800_move	src/end_8.c
060CE40A	208	end_8000_0000	src/end_8.c
060CE4DA	128	end_8000_0001	src/end_8.c
060CE55A	186	end_8000_0002	src/end_8.c
060CE614	116	end_800_cell_set	src/end_8.c
060CE688	210	end_09000	src/end_9.c
060CE75A	126	end_900_move	src/end_9.c
060CE7D8	172	end_900_0000	src/end_9.c
060CE884	238	end_900_5000	src/end_9.c
060CE972	142	end_900_cell_set	src/end_9.c
060CEA00	284	end_10000	src/end_10.c
060CEB1C	60	end_1000_move	src/end_10.c
060CEB58	186	end_1000_0000	src/end_10.c
060CEC12	244	end_1000_1000	src/end_10.c
060CED06	250	end_1000_2000	src/end_10.c
060CEE00	250	end_1000_4000	src/end_10.c
060CEEFA	60	end_1001_move	src/end_10.c
060CEF36	232	end_1001_1000	src/end_10.c
060CF01E	60	end_1002_move	src/end_10.c
060CF05A	234	end_1002_1000	src/end_10.c
060CF144	60	end_1003_move	src/end_10.c
060CF180	252	end_1003_1000	src/end_10.c
060CF27C	92	end_1003_2000	src/end_10.c
060CF2D8	124	end_1000_cell_set	src/end_10.c
060CF354	264	end_11000	src/end_11.c
060CF45C	66	end_b00_move	src/end_11.c
060CF49E	274	end_b00_0000	src/end_11.c
060CF5B0	130	end_b00_1000	src/end_11.c
060CF632	264	end_b00_3000	src/end_11.c
060CF73A	64	end_b01_move	src/end_11.c
060CF77A	174	end_b01_0000	src/end_11.c
060CF828	264	end_b01_3000	src/end_11.c
060CF930	152	end_b00_cell_set	src/end_11.c
060CF9C8	218	end_12000	src/end_12.c
060CFAA2	134	end_C00_move	src/end_12.c
060CFB28	166	end_C00_0000	src/end_12.c
060CFBCE	138	end_C00_anim	src/end_12.c
060CFC58	114	end_C00_1000	src/end_12.c
060CFCCA	88	end_C00_2000	src/end_12.c
060CFD22	164	end_C00_3000	src/end_12.c
060CFDC6	98	end_C00_4000	src/end_12.c
060CFE28	116	end_C00_5000	src/end_12.c
060CFE9C	122	end_C00_6000	src/end_12.c
060CFF16	64	end_C01_move	src/end_12.c
060CFF56	180	end_C01_0000	src/end_12.c
060D000A	194	end_C00_cell_set	src/end_12.c
060D00CC	300	end_13000	src/end_13.c
060D01F8	68	end_d00_move	src/end_13.c
060D023C	166	end_d00_1000	src/end_13.c
060D02E2	144	end_d00_2000	src/end_13.c
060D0372	132	end_d00_3000	src/end_13.c
060D03F6	236	end_d00_4000	src/end_13.c
060D04E2	460	end_d00_6000	src/end_13.c
060D06AE	102	end_d00_7000	src/end_13.c
060D0714	68	end_d01_move	src/end_13.c
060D0758	104	end_d01_4000	src/end_13.c
060D07C0	100	end_d00_cell_set	src/end_13.c
060D0824	220	end_14000	src/end_14.c
060D0900	140	end_e00_move	src/end_14.c
060D098C	514	end_e00_0000	src/end_14.c
060D0B8E	142	end_e00_0000_col_sub	src/end_14.c
060D0C1C	100	end_e00_1000_col_sub	src/end_14.c
060D0C80	176	end_e00_1000	src/end_14.c
060D0D30	272	end_e00_2000	src/end_14.c
060D0E40	260	end_e00_3000	src/end_14.c
060D0F44	210	end_e00_4000	src/end_14.c
060D1016	144	end_e00_5000	src/end_14.c
060D10A6	284	end_e00_6000	src/end_14.c
060D11C2	390	end_e00_7000	src/end_14.c
060D1348	68	end_e01_move	src/end_14.c
060D138C	324	end_e01_0000	src/end_14.c
060D14D0	172	end_e01_7000	src/end_14.c
060D157C	68	end_e02_move	src/end_14.c
060D15C0	194	end_e02_0000	src/end_14.c
060D1682	108	end_e02_1000	src/end_14.c
060D16EE	110	end_e02_2000	src/end_14.c
060D175C	152	end_e02_3000	src/end_14.c
060D17F4	76	end_e02_4000	src/end_14.c
060D1840	180	end_e02_7000	src/end_14.c
060D18F4	244	end_e00_cell_set	src/end_14.c
060D19E8	204	end_16000	src/end_16.c
060D1AB4	60	end_1600_move	src/end_16.c
060D1AF0	204	end_1600_0000	src/end_16.c
060D1BBC	188	end_1600_1000	src/end_16.c
060D1C78	178	end_1600_2000	src/end_16.c
060D1D2A	170	end_1600_3000	src/end_16.c
060D1DD4	232	end_1600_5000	src/end_16.c
060D1EBC	68	end_1600_cell_set	src/end_16.c
060D1F00	96	end_16_col_change	src/end_16.c
060D1F60	272	end_17000	src/end_17.c
060D2070	64	end_1100_move	src/end_17.c
060D20B0	306	end_1100_common	src/end_17.c
060D21E2	270	end_1100_3	src/end_17.c
060D22F0	288	end_1100_6	src/end_17.c
060D2410	108	end_1101_move	src/end_17.c
060D247C	162	end_1101_2	src/end_17.c
060D251E	94	end_1102_move	src/end_17.c
060D257C	84	end_1100_cell_set	src/end_17.c
060D25D0	100	end_1100_cell_change	src/end_17.c
060D2634	276	end_18000	src/end_18.c
060D2748	80	end_1800_move	src/end_18.c
060D2798	248	end_1800_0001	src/end_18.c
060D2890	180	end_1800_0005	src/end_18.c
060D2944	172	end_1800_0006	src/end_18.c
060D29F0	130	end_1800_0008	src/end_18.c
060D2A72	144	end_1800_0009	src/end_18.c
060D2B02	186	end_1800_0010	src/end_18.c
060D2BBC	152	end_1800_cell_set	src/end_18.c
060D2C54	212	end_19000	src/end_19.c
060D2D28	128	end_1900_move	src/end_19.c
060D2DA8	216	end_1900_0	src/end_19.c
060D2E80	254	end_1900_common	src/end_19.c
060D2F7E	146	end_1900_cell_set	src/end_19.c
060D3010	402	end_20000	src/end_20.c
060D31A2	60	end_2000_move	src/end_20.c
060D31DE	126	end_2000_0000	src/end_20.c
060D325C	224	end_2000_0001	src/end_20.c
060D333C	128	end_2000_0002	src/end_20.c
060D33BC	212	end_2000_0003	src/end_20.c
060D3490	284	end_2000_0005	src/end_20.c
060D35AC	60	end_2001_move	src/end_20.c
060D35E8	104	end_2001_0000	src/end_20.c
060D3650	150	end_2001_0002	src/end_20.c
060D36E6	294	end_2001_0003	src/end_20.c
060D380C	38	end_2001_0004	src/end_20.c
060D3832	74	end_2001_0005	src/end_20.c
060D387C	172	end_2000_cell_set	src/end_20.c
060D3928	30	card_pl_work_clear	src/end_sub.c
060D3946	28	card_work_clear	src/end_sub.c
060D3962	428	card_win_check	src/end_sub.c
060D3B0E	546	card_msg_disp	src/end_sub.c
060D3D30	44	cd_keep_spinning_tick	src/end_sub_2.c
060D3D5C	64	cd_selftest_periodic	src/end_sub_2.c
060D3D9C	232	cd_error_fatal_hang	src/end_sub_2.c
060D3E84	44	staff_roll_skip_check	src/end_sub_2.c
060D3EB0	58	staff_roll_put	src/end_sub_2.c
060D3EEA	1342	staff_roll_main	src/end_sub_2.c
060D4428	38	debug_play07	src/end_sub_3.c
060D444E	180	debug_play07_init	src/end_sub_3.c
060D4502	178	debug_play07_move	src/end_sub_3.c
060D45B4	38	debug_play08	src/end_sub_4.c
060D45DA	180	debug_play08_init	src/end_sub_4.c
060D468E	178	debug_play08_move	src/end_sub_4.c
060D4740	38	debug_play09	src/end_sub_5.c
060D4766	180	debug_play09_init	src/end_sub_5.c
060D481A	178	debug_play09_move	src/end_sub_5.c
060D48CC	38	debug_play10	src/end_sub_6.c
060D48F2	180	debug_play10_init	src/end_sub_6.c
060D49A6	178	debug_play10_move	src/end_sub_6.c
060D4A58	38	debug_play11	src/end_sub_7.c
060D4A7E	180	debug_play11_init	src/end_sub_7.c
060D4B32	178	debug_play11_move	src/end_sub_7.c
060D4BE4	38	debug_play12	src/end_sub_7b.c
060D4C0A	32	debug_play12_init	src/end_sub_7b.c
060D4C2A	6	debug_play12_move	src/end_sub_7b.c
060D4C30	28	debug_play12_dummy	src/end_sub_7b.c
060D4C4C	38	debug_play13	src/end_sub_7c.c
060D4C72	180	debug_play13_init	src/end_sub_7c.c
060D4D26	178	debug_play13_move	src/end_sub_7c.c
060D4DD8	26	init_color_trans_req	src/color3rd.c
060D4DF2	50	load_any_color	src/color3rd.c
060D4E24	50	load_bg_color	src/color3rd.c
060D4E56	72	load_bg_color_fade	src/color3rd.c
060D4E9E	72	load_any_color_fade	src/color3rd.c
060D4EE6	102	load_any_color_attr	src/color3rd.c
060D4F4C	68	load_any_color_req	src/color3rd.c
060D4F90	4	color_trans_dummy	src/color3rd.c
060D4F94	28	color_dma_error_disp	src/color3rd.c
060D4FB0	278	load_player_color	src/color3rd.c
060D50C6	134	metamor_color_restore	src/color3rd.c
060D514C	130	load_player_color_fade	src/end_sub_8.c
060D51CE	64	load_char_eff_color	src/end_sub_8.c
060D520E	74	load_side_color	src/end_sub_8.c
060D5258	136	load_player_sub_color	src/end_sub_8.c
060D52E0	60	load_opt_color	src/end_sub_8.c
060D531C	42	sc_chr_trans	src/sc_trans.c
060D5346	48	sc_chr_save	src/sc_trans.c
060D5376	50	sc_chr_load	src/sc_trans.c
060D53A8	180	sc_chr_block_trans	src/sc_trans.c
060D545C	176	sc_chr_sheet_trans	src/sc_trans.c
060D550C	152	scfont_sqput	src/sc_trans.c
060D55A4	144	scfont_sqput_rev	src/sc_trans.c
060D5634	136	scfont_lnput	src/sc_trans.c
060D56BC	150	scfont_lnput_rev	src/sc_trans.c
060D5752	120	scfont_fill	src/sc_trans.c
060D57CA	124	sq_paint_chenge	src/sc_trans.c
060D5846	150	sc_chr_clear	src/sc_trans.c
060D58DC	64	sc_chr_to_ram	src/sc_trans.c
060D591C	174	sc_chr_sheet_to_ram	src/sc_trans.c
060D59CA	110	sc_chr_backup	src/sc_trans.c
060D5A38	118	Ranking_00_6th	src/sc_trans.c
060D5AAE	62	ToneDown	src/sc_trans.c
060D5AEC	156	sc_chr_list_trans	src/sc_trans.c
060D5B88	260	sc_chr_slot_trans	src/sc_trans.c
060D5C8C	198	sc_ram_to_vram	src/sc_trans.c
060D5D52	198	sc_ram_to_vram_opc	src/sc_trans.c
060D5E18	44	tilemap_put_cell	src/sc_trans.c
060D5E44	58	score8x16_put	src/sc_trans.c
060D5E7E	124	score16x24_put	src/sc_trans.c
060D5EFA	66	sc_celllist_put	src/sc_trans.c
060D5F3C	76	sc_celllist_put_scr	src/sc_trans.c
060D5F88	98	sc_celllist_put_pos	src/sc_trans.c
060D5FEA	46	sc_attr_put	src/sc_trans.c
060D6018	268	player_name_trans	src/sc_trans.c
060D6124	84	player_name	src/sc_trans.c
060D6178	112	sa_number_trans	src/sc_trans.c
060D61E8	150	stun_mark_put	src/sc_trans.c
060D627E	124	max_mark_write	src/sc_trans.c
060D62FA	48	max_mark_chr_trans	src/sc_trans.c
060D632A	138	tilemap_clear_rect	src/sc_trans.c
060D63B4	126	sc_fill_rect	src/sc_trans.c
060D6432	10	Sa_frame_Clear	src/sc_trans.c
060D643C	70	sc_picture_put	src/sc_trans.c
060D6482	200	count_digit_trans	src/sc_trans.c
060D654A	210	count_small_digit_trans	src/sc_trans.c
060D661C	170	bcount_digit_trans	src/sc_trans.c
060D66C6	106	bcount_mark_trans	src/sc_trans.c
060D6730	54	sa_stock_chr_trans	src/sc_trans.c
060D6766	60	sa_max_level_trans	src/sc_trans.c
060D67A2	92	sa_stock_trans	src/sc_trans.c
060D67FE	82	sa_fullstock_trans	src/sc_trans.c
060D6850	128	win_mark_put	src/sc_trans.c
060D68D0	82	win_mark_ram_clear	src/sc_trans.c
060D6922	104	win_mark_find_put	src/sc_trans.c
060D698A	114	win_mark_find	src/sc_trans.c
060D69FC	54	naming_set	src/sc_trans.c
060D6A32	80	rank_mark_set	src/sc_trans.c
060D6A82	248	winner_name_put	src/sc_trans.c
060D6B7A	110	player_face_char_set	src/sc_trans.c
060D6BE8	140	player_grade_char_set	src/sc_trans.c
060D6C74	78	player_face_default_set	src/sc_trans.c
060D6CC2	318	player_face	src/sc_trans.c
060D6E00	52	SF3_logo	src/sc_trans.c
060D6E34	160	break_into_banner_trans	src/sc_trans.c
060D6ED4	178	combo_message_set	src/sc_trans.c
060D6F86	234	combo_hitnum_set	src/sc_trans.c
060D7070	484	combo_pts_set	src/sc_trans.c
060D7254	114	combo_window_slide	src/sc_trans.c
060D72C6	122	combo_window_erase	src/sc_trans.c
060D7340	86	combo_window_all_clear	src/sc_trans.c
060D7396	18	sc_vram_to_ram	src/sc_trans.c
060D73A8	344	end_waku_write	src/sc_trans.c
060D7500	296	debug_scrfont_view	src/VITAL.c
060D7628	108	vital_cont_init	src/VITAL.c
060D7694	66	vital_cont_main	src/VITAL.c
060D76D6	654	vital_control	src/VITAL.c
060D7964	396	vital_parts_allwrite	src/VITAL.c
060D7AF0	106	count_cont_init	src/count.c
060D7B5A	84	count_cont_reset	src/count.c
060D7BAE	46	count_cont_main	src/count.c
060D7BDC	220	counter_control	src/count.c
060D7CB8	76	counter_flash	src/count.c
060D7D04	112	counter_color_clear	src/count.c
060D7D74	78	bcount_cont_init	src/count.c
060D7DC2	54	bcount_cont_reset	src/count.c
060D7DF8	54	bcount_cont_main	src/count.c
060D7E2E	108	bcounter_control	src/count.c
060D7E9A	154	bcounter_down	src/count.c
060D7F34	586	spgauge_cont_init	src/spgauge.c
060D817E	728	spgauge_cont_demo_init	src/spgauge.c
060D8456	146	spgauge_cont_main	src/spgauge.c
060D84E8	708	spgauge_control	src/spgauge.c
060D87AC	286	wipe_check	src/spgauge.c
060D88CA	50	satime_ko_after_clear	src/spgauge.c
060D88FC	172	sa_time_moji_send	src/spgauge.c
060D89A8	288	sast_control	src/spgauge.c
060D8AC8	1144	samoji_control	src/spgauge.c
060D8F40	152	sa_gauge_color_set	src/spgauge.c
060D8FD8	80	sa_color_chenge	src/spgauge.c
060D9028	394	sagauge_color_chenge	src/spgauge.c
060D91B2	266	sa_moji_trans	src/spgauge.c
060D92BC	302	sa_waku_trans	src/spgauge.c
060D93EA	58	spgauge_sound_request	src/spgauge.c
060D9424	152	spgauge_work_clear	src/spgauge.c
060D94BC	86	satime_stock_clear	src/spgauge.c
060D9512	80	spgauge_wipe_write	src/spgauge.c
060D9562	338	sa_gauge_trans	src/spgauge.c
060D96B4	240	win_mark_control	src/sc_sub.c
060D97A4	50	win_mark_pos_set	src/sc_sub.c
060D97D6	24	win_mark_new_check	src/sc_sub.c
060D97EE	274	win_mark_write	src/sc_sub.c
060D9900	288	win_mark_all_write	src/sc_sub.c
060D9A20	212	fade_cont_init	src/sc_sub_2.c
060D9AF4	480	fade_cont_main	src/sc_sub_2.c
060D9CD4	168	stngauge_cont_init	src/sc_sub_2.c
060D9D7C	42	stngauge_cont_main	src/sc_sub_2.c
060D9DA6	482	stngauge_control	src/sc_sub_2.c
060D9F88	200	stun_put	src/sc_sub_2.c
060DA050	320	stun_mark_write	src/sc_sub_2.c
060DA190	134	stun_gauge_waku_write	src/sc_sub_2.c
060DA216	86	stngauge_work_clear	src/sc_sub_2.c
060DA26C	190	combo_cont_init	src/cmb_cont.c
060DA32A	240	combo_cont_main	src/cmb_cont.c
060DA41A	262	combo_control	src/cmb_cont.c
060DA520	144	combo_hit_count	src/cmb_cont.c
060DA5B0	120	combo_hensuu_clear	src/cmb_cont.c
060DA628	66	combo_rp_clear_check	src/cmb_cont.c
060DA66A	126	super_arts_finish_check	src/cmb_cont.c
060DA6E8	50	super_arts_last_check	src/cmb_cont.c
060DA71A	44	first_attack_pts_check	src/cmb_cont.c
060DA746	116	reversal_check	src/cmb_cont.c
060DA7BA	32	reversal_continue_check	src/cmb_cont.c
060DA7DA	58	bonus_pts_inc	src/cmb_cont.c
060DA814	64	paring_check	src/cmb_cont.c
060DA854	174	hit_combo_check	src/cmb_cont.c
060DA902	84	arts_finish_check	src/cmb_cont.c
060DA956	82	arts_finish_check2	src/cmb_cont.c
060DA9A8	456	SCORE_CALCULATION	src/cmb_cont.c
060DAB70	74	SCORE_PLUS	src/cmb_cont.c
060DABBA	692	combo_window_push	src/cmb_cont.c
060DAE6E	1634	combo_window_trans	src/cmb_cont.c
060DB4D0	114	move_effect_work	src/EFFECT.c
060DB542	166	effect_work_init	src/EFFECT.c
060DB5E8	40	effect_work_quick_init	src/EFFECT.c
060DB610	40	effect_work_quick_clear	src/EFFECT.c
060DB638	146	effect_work_list_release	src/EFFECT.c
060DB6CA	166	effect_work_list_init	src/EFFECT.c
060DB770	124	pull_effect_work	src/EFFECT.c
060DB7EC	142	effect_work_pull_link	src/EFFECT.c
060DB87A	98	search_effect_index	src/EFFECT.c
060DB8DC	264	push_effect_work	src/EFFECT.c
060DB9E4	96	effect_work_kill	src/EFFECT.c
060DBA44	6	get_frwctr	src/EFFECT.c
060DBA4A	78	work_init_zero	src/EFFECT.c
060DBA98	72	work_init_copy	src/EFFECT.c
060DBAE0	40	write_my_shell_ix	src/EFFECT.c
060DBB08	74	erase_my_shell_ix	src/EFFECT.c
060DBB52	56	get_my_shell_ix	src/EFFECT.c
060DBB8A	68	get_vs_shell_adrs	src/EFFECT.c
060DBBCE	40	clear_my_shell_ix	src/EFFECT.c
060DBBF6	186	setup_shell_hit_stop	src/EFFECT.c
060DBCB0	182	shell_live_check	src/EFFECT.c
060DBD66	8	clear_caution_flag	src/EFFECT.c
060DBD6E	8	set_caution_flag	src/EFFECT.c
060DBD76	6	setup_status_flag	src/EFFECT.c
060DBD7C	12	reset_extra_bg_flag	src/EFFECT.c
060DBD88	10	flip_my_rl_flag	src/EFFECT.c
060DBD92	6	setup_meoshi_hit_flag	src/EFFECT.c
060DBD98	78	exec_char_asxy	src/EFFECT.c
060DBDE6	4	setup_free_program	src/EFFECT.c
060DBDEA	8	setup_bg_quake_x	src/EFFECT.c
060DBDF2	8	setup_bg_quake_y	src/EFFECT.c
060DBDFA	6	setup_exdm_ix	src/EFFECT.c
060DBE00	6	setup_dmv_use_flag	src/EFFECT.c
060DBE06	6	setup_disp_flag	src/EFFECT.c
060DBE0C	24	setup_command_number	src/EFFECT.c
060DBE24	390	effect_00_move	src/EFF00.c
060DBFAA	290	renewal_table_address	src/EFF00.c
060DC0CC	708	renewal_table_data	src/EFF00.c
060DC390	136	effect_00_init	src/EFF00.c
060DC418	706	effect_01_move	src/EFF01_code.c
060DC6DA	218	get_new_parts_data	src/EFF01_code.c
060DC7B4	80	set_parts_disp_flag	src/EFF01_code.c
060DC804	140	effect_01_init	src/EFF01_code.c
060DC890	930	effect_02_move	src/EFF02.c
060DCC32	76	urian_guard_se_check	src/EFF02.c
060DCC7E	446	effect_02_init	src/EFF02.c
060DCE3C	730	effect_03_move	src/EFF03.c
060DD116	74	eff03_disp_pos	src/EFF03.c
060DD160	232	effect_03_init	src/EFF03.c
060DD248	364	effect_04_move	src/EFF04.c
060DD3B4	92	effect_04_init	src/EFF04.c
060DD410	118	effect_05_move	src/eff05.c
060DD486	278	effect_05_init	src/eff05.c
060DD59C	118	effect_06_move	src/eff06.c
060DD612	278	effect_06_init	src/eff06.c
060DD728	124	effect_07_move	src/EFF07.c
060DD7A4	228	effect_07_init	src/EFF07.c
060DD888	872	effect_08_move	src/eff08.c
060DDBF0	110	effect_08_build_tile_grid	src/eff08.c
060DDC5E	146	effect_08_init	src/eff08.c
060DDCF0	44	effect_09_move	src/EFF09.c
060DDD1C	204	eff09_0000	src/EFF09.c
060DDDE8	440	eff09_1000	src/EFF09.c
060DDFA0	804	eff09_2000	src/EFF09.c
060DE2C4	346	sean_ball_move	src/EFF09.c
060DE41E	60	ball_bound_set	src/EFF09.c
060DE45A	328	eff09_3000	src/EFF09.c
060DE5A2	400	eff09_4000	src/EFF09.c
060DE732	166	eff09_5000	src/EFF09.c
060DE7D8	228	eff09_6000	src/EFF09.c
060DE8BC	208	eff09_7000	src/EFF09.c
060DE98C	196	eff09_8000	src/EFF09.c
060DEA50	208	eff09_9000	src/EFF09.c
060DEB20	190	eff09_10000	src/EFF09.c
060DEBDE	468	eff09_11000	src/EFF09.c
060DEDB2	320	eff09_12000	src/EFF09.c
060DEEF2	392	eff09_13000	src/EFF09.c
060DF07A	308	eff09_14000	src/EFF09.c
060DF1AE	240	eff09_15000	src/EFF09.c
060DF29E	228	eff09_16000	src/EFF09.c
060DF382	320	eff09_17000	src/EFF09.c
060DF4C2	406	eff09_18000	src/EFF09.c
060DF658	406	eff09_19000	src/EFF09.c
060DF7EE	286	eff09_20000	src/EFF09.c
060DF90C	520	eff09_21000	src/EFF09.c
060DFB14	308	eff09_22000	src/EFF09.c
060DFC48	332	eff09_23000	src/EFF09.c
060DFD94	392	eff09_24000	src/EFF09.c
060DFF1C	356	eff09_25000	src/EFF09.c
060E0080	360	eff09_26000	src/EFF09.c
060E01E8	46	jijii_win_tama_sub	src/EFF09.c
060E0216	350	eff09_27000	src/EFF09.c
060E0374	236	effect_09_init	src/EFF09.c
060E0460	456	effect_09_init2	src/EFF09.c
060E0628	156	effect_10_move	src/EFF10.c
060E06C4	332	eff10_run_away	src/EFF10.c
060E0810	128	eff10_anime_end_wait	src/EFF10.c
060E0890	252	effect_10_init	src/EFF10.c
060E098C	122	effect_11_move	src/EFF11.c
060E0A06	134	eff11_quake_sub	src/EFF11.c
060E0A8C	376	quake_level_middle	src/EFF11.c
060E0C04	816	quake_level_large	src/EFF11.c
060E0F34	236	effect_11_init	src/EFF11.c
060E1020	142	effect_12_move	src/eff12.c
060E10AE	274	effect_12_init	src/eff12.c
060E11C0	962	effect_13_move	src/EFF13.c
060E1582	42	tama_display	src/EFF13.c
060E15AC	72	screen_x_range_check	src/EFF13.c
060E15F4	104	screen_range_check	src/EFF13.c
060E165C	154	tama15_screen_check	src/EFF13.c
060E16F6	52	set_tengu_init_pos	src/EFF13.c
060E172A	638	kotp_00000	src/EFF13.c
060E19A8	262	kotp_01000	src/EFF13.c
060E1AAE	780	kotp_02000	src/EFF13.c
060E1DBA	118	set_tengu_my_home	src/EFF13.c
060E1E30	136	check_tengu_attack	src/EFF13.c
060E1EB8	74	make_speed_xy_att	src/EFF13.c
060E1F02	106	make_speed_xy_back	src/EFF13.c
060E1F6C	492	kotp_03000	src/EFF13.c
060E2158	14	kotp_04000	src/EFF13.c
060E2166	566	kotp_05000	src/EFF13.c
060E239C	1016	kotp_06000	src/EFF13.c
060E2794	754	kotp_07000	src/EFF13.c
060E2A86	610	kotp_08000	src/EFF13.c
060E2CE8	598	kotp_09000	src/EFF13.c
060E2F3E	36	kotp_10000	src/EFF13.c
060E2F62	234	kotp_11000	src/EFF13.c
060E304C	680	kotp_12000	src/EFF13.c
060E32F4	404	kotp_13000	src/EFF13.c
060E3488	62	kotp_14000	src/EFF13.c
060E34C6	342	kotp_15000	src/EFF13.c
060E361C	634	kotp_16000	src/EFF13.c
060E3896	362	effect_13_init	src/EFF13.c
060E3A00	66	effect_14_init	src/eff14.c
060E3A42	1230	effect_14_move	src/eff14.c
060E3F10	10	effect_15_move	src/EFF15.c
060E3F1A	4	eff15_kemuri	src/EFF15.c
060E3F1E	370	eff15_koishi	src/EFF15.c
060E4090	228	effect_15_init	src/EFF15.c
060E4174	342	effect_16_move	src/EFF16.c
060E42CA	118	eff16_trans	src/EFF16.c
060E4340	238	score_bunkai_eff16	src/EFF16.c
060E442E	242	effect_16_init	src/EFF16.c
060E4520	94	effect_17_move	src/EFF18.c
060E457E	212	eff17_zoom_in	src/EFF18.c
060E4652	72	eff17_close	src/EFF18.c
060E469A	214	effect_17_init	src/EFF18.c
060E4770	148	effect_18_move	src/EFF18.c
060E4804	376	eff18_00	src/EFF18.c
060E497C	146	eff18_01	src/EFF18.c
060E4A0E	318	effect_18_init	src/EFF18.c
060E4B4C	120	effect_19_move	src/EFF19.c
060E4BC4	460	eff19_quake_sub	src/EFF19.c
060E4D90	204	effect_19_init	src/EFF19.c
060E4E5C	242	effect_20_move	src/eff20.c
060E4F4E	270	effect_20_init	src/eff20.c
060E505C	222	effect_21_move	src/EFF21.c
060E513A	350	effect_21_init	src/EFF21.c
060E5298	356	effect_22_move	src/EFF22.c
060E53FC	160	effect_22_init	src/EFF22.c
060E549C	414	effect_23_move	src/EFF23.c
060E563A	178	effect_23_init	src/EFF23.c
060E56EC	140	effect_24_move	src/EFF24.c
060E5778	420	eff24_quake_sub	src/EFF24.c
060E591C	88	dog24_data_set	src/EFF24.c
060E5974	250	eff24_sp_data_set	src/EFF24.c
060E5A6E	282	effect_24_init	src/EFF24.c
060E5B88	150	effect_25_move	src/EFF25.c
060E5C1E	224	eff25_00	src/EFF25.c
060E5CFE	214	eff25_02	src/EFF25.c
060E5DD4	130	eff25_08	src/EFF25.c
060E5E56	236	eff25_06	src/EFF25.c
060E5F42	130	eff25_04	src/EFF25.c
060E5FC4	30	eff25_char_set	src/EFF25.c
060E5FE2	70	piece_set	src/EFF25.c
060E6028	264	effect_25_init	src/EFF25.c
060E6130	210	effect_26_move	src/EFF26.c
060E6202	106	eff26_00	src/EFF26.c
060E626C	196	eff26_01	src/EFF26.c
060E6330	232	eff26_02	src/EFF26.c
060E6418	306	eff26_03	src/EFF26.c
060E654A	330	eff26_04	src/EFF26.c
060E6694	416	eff26_05	src/EFF26.c
060E6834	324	effect_26_init	src/EFF26.c
060E6978	216	effect_27_move	src/EFF27.c
060E6A50	140	eff27_00	src/EFF27.c
060E6ADC	60	eff27_02	src/EFF27.c
060E6B18	192	eff27_03	src/EFF27.c
060E6BD8	122	eff27_04	src/EFF27.c
060E6C52	148	eff27_05	src/EFF27.c
060E6CE6	72	eff27_06	src/EFF27.c
060E6D2E	198	eff27_07	src/EFF27.c
060E6DF4	64	eff27_08	src/EFF27.c
060E6E34	120	eff27_09	src/EFF27.c
060E6EAC	112	set_second_hop	src/EFF27.c
060E6F1C	28	dead_check27	src/EFF27.c
060E6F38	400	effect_27_init	src/EFF27.c
060E70C8	168	effect_28_move	src/eff28.c
060E7170	300	effect_28_init	src/eff28.c
060E729C	208	effect_29_move	src/EFF29.c
060E736C	216	effect_29_init	src/EFF29.c
060E7444	466	effect_30_move	src/EFF30.c
060E7616	334	effect_30_init	src/EFF30.c
060E7764	466	effect_31_move	src/EFF31.c
060E7936	338	effect_31_init	src/EFF31.c
060E7A88	466	effect_32_move	src/EFF32.c
060E7C5A	346	effect_32_init	src/EFF32.c
060E7DB4	426	effect_33_move	src/EFF33.c
060E7F5E	278	effect_33_init	src/EFF33.c
060E8074	512	effect_34_move	src/EFF34.c
060E8274	332	effect_34_init	src/EFF34.c
060E83C0	70	effect_35_move	src/eff35.c
060E8406	104	eff35_0000	src/eff35.c
060E846E	308	eff35_0001	src/eff35.c
060E85A2	216	eff35_0002	src/eff35.c
060E867A	448	eff35_0003	src/eff35.c
060E883A	266	eff35_0004	src/eff35.c
060E8944	288	eff35_0005	src/eff35.c
060E8A64	260	eff35_0006	src/eff35.c
060E8B68	348	effect_35_init	src/eff35.c
060E8CC4	168	effect_36_move	src/eff36.c
060E8D6C	150	eff36_move00	src/eff36.c
060E8E02	78	eff36_move01	src/eff36.c
060E8E50	84	eff36_move02	src/eff36.c
060E8EA4	132	eff36_move03	src/eff36.c
060E8F28	374	eff36_move04	src/eff36.c
060E909E	110	eff36_move05	src/eff36.c
060E910C	190	eff36_move06	src/eff36.c
060E91CA	222	effect_36_init	src/eff36.c
060E92A8	416	effect_37_move	src/EFF37.c
060E9448	148	effect_37_init	src/EFF37.c
060E94DC	52	effect_38_move	src/EFF38.c
060E9510	36	EFF38_WAIT	src/EFF38.c
060E9534	84	EFF38_SUDDENLY	src/EFF38.c
060E9588	408	EFF38_SLIDE_IN	src/EFF38.c
060E9720	134	Exit_Slide_in_38	src/EFF38.c
060E97A6	174	EFF38_SLIDE_OUT	src/EFF38.c
060E9854	112	EFF38_KILL	src/EFF38.c
060E98C4	574	EFF38_SHIFT	src/EFF38.c
060E9B02	128	Shift_38	src/EFF38.c
060E9B82	112	Move_X_Sub_38	src/EFF38.c
060E9BF2	94	Move_Y_Sub_38	src/EFF38.c
060E9C50	528	EFF38_MOVE	src/EFF38.c
060E9E60	1204	effect_38_init	src/EFF38.c
060EA314	52	effect_39_move	src/Eff39.c
060EA348	36	EFF39_WAIT	src/Eff39.c
060EA36C	222	EFF39_SUDDENLY	src/Eff39.c
060EA44A	612	EFF39_SLIDE_IN	src/Eff39.c
060EA6AE	210	EFF39_SLIDE_OUT	src/Eff39.c
060EA780	72	EFF39_KILL	src/Eff39.c
060EA7C8	418	EFF39_MOVE	src/Eff39.c
060EA96A	296	effect_39_init	src/Eff39.c
060EAA92	114	Get_Pos39	src/Eff39.c
060EAB04	252	effect_40_move	src/EFF40.c
060EAC00	240	effect_40_init	src/EFF40.c
060EACF0	414	effect_41_move	src/EFF41.c
060EAE8E	174	eff41_process_00	src/EFF41.c
060EAF3C	230	eff41_process_01	src/EFF41.c
060EB022	102	gauge_minus	src/EFF41.c
060EB088	156	effect_41_init	src/EFF41.c
060EB124	58	effect_42_move	src/EFF42.c
060EB15E	294	EFF42_SUDDENLY	src/EFF42.c
060EB284	358	EFF42_SLIDE_IN	src/EFF42.c
060EB3EA	170	EFF42_SLIDE_OUT	src/EFF42.c
060EB494	108	EFF42_KILL	src/EFF42.c
060EB500	108	EFF42_MOVE	src/EFF42.c
060EB56C	50	Setup_Char_Index	src/EFF42.c
060EB59E	342	effect_42_init	src/EFF42.c
060EB6F4	78	zoom_x_step_check	src/EFF42.c
060EB742	50	Order_Timer_Dec	src/EFF42.c
060EB774	132	effect_43_move	src/EFF44.c
060EB7F8	244	effect_43_init	src/EFF44.c
060EB8EC	150	effect_44_move	src/EFF44.c
060EB982	290	effect_44_init	src/EFF44.c
060EBAA4	442	effect_45_move	src/EFF45.c
060EBC5E	178	effect_45_init	src/EFF45.c
060EBD10	114	effect_46_move	src/EFF46.c
060EBD82	224	eff46_move	src/EFF46.c
060EBE62	66	eff46_appear_check	src/EFF46.c
060EBEA4	284	effect_46_init	src/EFF46.c
060EBFC0	202	effect_47_move	src/EFF47.c
060EC08A	298	effect_47_init	src/EFF47.c
060EC1B4	54	effect_48_move	src/EFF48.c
060EC1EA	152	eff48_0000	src/EFF48.c
060EC282	280	eff48_1000	src/EFF48.c
060EC39A	4	eff48_dummy_1	src/EFF48.c
060EC39E	4	eff48_dummy_2	src/EFF48.c
060EC3A2	4	eff48_dummy_3	src/EFF48.c
060EC3A6	274	effect_48_init	src/EFF48.c
060EC4B8	258	effect_49_move	src/EFF49.c
060EC5BA	258	effect_49_init	src/EFF49.c
060EC6BC	92	Setup_Char_49	src/EFF49.c
060EC718	526	effect_50_move	src/Eff50.c
060EC926	18	effect_50_char_move	src/Eff50.c
060EC938	444	effect_50_init	src/Eff50.c
060ECAF4	556	effect_51_move	src/Eff51.c
060ECD20	260	effect_51_init	src/Eff51.c
060ECE24	280	Flash_Violent	src/Eff51.c
060ECF3C	52	effect_52_move	src/Eff52.c
060ECF70	36	EFF52_WAIT	src/Eff52.c
060ECF94	224	EFF52_SUDDENLY	src/Eff52.c
060ED074	222	EFF52_SLIDE_IN	src/Eff52.c
060ED152	200	EFF52_SLIDE_OUT	src/Eff52.c
060ED21A	72	EFF52_KILL	src/Eff52.c
060ED262	190	effect_52_init	src/Eff52.c
060ED320	116	Setup_Char_52	src/Eff52.c
060ED394	264	Setup_Pos_52	src/Eff52.c
060ED49C	216	effect_53_move	src/EFF53.c
060ED574	116	effect_53_init	src/EFF53.c
060ED5E8	66	effect_54_move	src/EFF54.c
060ED62A	226	effect_54_init	src/EFF54.c
060ED70C	342	effect_55_move	src/EFF54.c
060ED862	166	effect_55_init	src/EFF54.c
060ED908	78	effect_56_init	src/eff56.c
060ED956	146	effect_56_move	src/eff56.c
060ED9E8	110	effect_57_move	src/eff57.c
060EDA56	182	effect_57_init	src/eff57.c
060EDB0C	1606	effect_58_move	src/EFF58.c
060EE152	98	effect_58_init	src/EFF58.c
060EE1B4	90	effect_58_area_init	src/EFF58.c
060EE20E	104	EFF58_Type_01	src/EFF58.c
060EE276	36	EFF58_Type_03	src/EFF58.c
060EE29A	334	EFF58_Type_02	src/EFF58.c
060EE3E8	346	EFF58_Type_05	src/EFF58.c
060EE542	90	SF33rd_Logo	src/EFF58.c
060EE59C	120	EFF58_Type_11	src/EFF58.c
060EE614	402	effect_59_move	src/Eff59.c
060EE7A6	62	Check_Break_Into_59	src/Eff59.c
060EE7E4	278	effect_59_init	src/Eff59.c
060EE8FA	150	Check_Break_Into_59_ID04	src/Eff59.c
060EE990	192	effect_60_move	src/Eff59.c
060EEA50	256	effect_60_init	src/Eff59.c
060EEB50	638	effect_61_move	src/EFF62.c
060EEDCE	26	effect_61_dummy	src/EFF62.c
060EEDE8	232	effect_62_move	src/EFF62.c
060EEED0	296	effect_62_init	src/EFF62.c
060EEFF8	230	effect_63_move	src/EFF63.c
060EF0DE	226	effect_78_init	src/EFF63.c
060EF1C0	130	effect_64_move	src/eff64.c
060EF242	126	eff64_00	src/eff64.c
060EF2C0	150	eff64_02	src/eff64.c
060EF356	224	eff64_04	src/eff64.c
060EF436	206	eff64_08	src/eff64.c
060EF504	222	eff64_data_set	src/eff64.c
060EF5E2	26	eff64_wait	src/eff64.c
060EF5FC	50	eff64_goal_check	src/eff64.c
060EF62E	162	effect_64_init	src/eff64.c
060EF6D0	4	effect_65_move	src/eff65.c
060EF6D4	60	effect_65_init	src/eff65.c
060EF710	182	effect_66_move	src/eff66.c
060EF7C6	216	eff66_00	src/eff66.c
060EF89E	4	eff66_01	src/eff66.c
060EF8A2	4	eff66_02	src/eff66.c
060EF8A6	242	eff66_03	src/eff66.c
060EF998	224	effect_66_init	src/eff66.c
060EFA78	758	effect_67_move	src/EFF68.c
060EFD6E	1338	effect_67_init	src/EFF68.c
060F02A8	726	effect_68_move	src/EFF68.c
060F057E	286	effect_68_init	src/EFF68.c
060F069C	52	effect_69_move	src/EFF69.c
060F06D0	32	EFF69_WAIT	src/EFF69.c
060F06F0	350	EFF69_SLIDE_IN	src/EFF69.c
060F084E	210	EFF69_SLIDE_OUT	src/EFF69.c
060F0920	134	EFF69_SUDDENLY	src/EFF69.c
060F09A6	72	EFF69_KILL	src/EFF69.c
060F09EE	194	effect_69_init	src/EFF69.c
060F0AB0	76	Setup_Clear_OBJ	src/EFF69.c
060F0AFC	488	effect_70_move	src/EFF70.c
060F0CE4	100	effect_70_init	src/EFF70.c
060F0D48	96	Setup_Eff70	src/EFF70.c
060F0DA8	198	effect_71_move	src/EFF71.c
060F0E6E	122	effect_71_init	src/EFF71.c
060F0EE8	142	effect_72_move	src/EFF72.c
060F0F76	250	effect_72_init	src/EFF72.c
060F1070	418	effect_73_move	src/eff73.c
060F1212	370	effect_73_init	src/eff73.c
060F1384	402	effect_74_move	src/EFF74.c
060F1516	206	eff74_pattern_set	src/EFF74.c
060F15E4	110	eff74_cell_trans	src/EFF74.c
060F1652	166	effect_74_init	src/EFF74.c
060F16F8	52	effect_75_move	src/EFF75_ORDER.c
060F172C	32	EFF75_WAIT	src/EFF75_ORDER.c
060F174C	4	EFF75_SLIDE_IN	src/EFF75_ORDER.c
060F1750	84	EFF75_CHAR_CHANGE	src/EFF75_ORDER.c
060F17A4	226	EFF75_SUDDENLY	src/EFF75_ORDER.c
060F1886	72	EFF75_DIE	src/EFF75_ORDER.c
060F18CE	162	effect_75_init	src/EFF75_ORDER.c
060F1970	46	effect_76_move	src/Eff76.c
060F199E	134	EFF76_WAIT	src/Eff76.c
060F1A24	78	EFF76_WAIT_BREAK_INTO	src/Eff76.c
060F1A72	282	EFF76_SLIDE_IN	src/Eff76.c
060F1B8C	4	EFF76_SLIDE_OUT	src/Eff76.c
060F1B90	376	EFF76_SUDDENLY	src/Eff76.c
060F1D08	94	EFF76_BEFORE	src/Eff76.c
060F1D66	72	EFF76_DIE	src/Eff76.c
060F1DAE	198	EFF76_SHIFT	src/Eff76.c
060F1E74	164	effect_76_init	src/Eff76.c
060F1F18	1900	Setup_Pos_76	src/Eff76.c
060F2684	768	Setup_Char_76	src/Eff76.c
060F2984	76	Check_Range_Out	src/Eff76.c
060F29D0	26	Setup_Color_76	src/Eff76.c
060F29EA	24	Setup_Color_L1	src/Eff76.c
060F2A02	46	chkNameAkuma	src/Eff76.c
060F2A30	608	effect_77_move	src/EFF77.c
060F2C90	84	eff77_scroll_set	src/EFF77.c
060F2CE4	144	effect_77_init	src/EFF77.c
060F2D74	152	effect_78_move	src/EFF78.c
060F2E0C	140	crow_fuss_check	src/EFF78.c
060F2E98	694	crow_fuss_move	src/EFF78.c
060F314E	198	effect_78_entry	src/EFF78.c
060F3214	1640	effect_79_move	src/Eff79.c
060F387C	412	Check_Play_Status_79	src/Eff79.c
060F3A18	252	Move_Move_79	src/Eff79.c
060F3B14	336	Setup_Move_79	src/Eff79.c
060F3C64	200	Move_79	src/Eff79.c
060F3D2C	94	Check_Priority	src/Eff79.c
060F3D8A	110	EFF79_Move_X	src/Eff79.c
060F3DF8	360	EFF79_Move_Y	src/Eff79.c
060F3F60	242	Setup_Command_Name	src/Eff79.c
060F4052	4	Setup_Command_Name_dummy	src/Eff79.c
060F4056	162	Select_End_Sub_79	src/Eff79.c
060F40F8	500	effect_79_init	src/Eff79.c
060F42EC	640	Setup_Pos_79	src/Eff79.c
060F456C	74	Check_Speed_79	src/Eff79.c
060F45B6	166	Move_X_Sub	src/Eff79.c
060F465C	38	Check_Depth_to_Before	src/Eff79.c
060F4682	114	Move_Y_Sub	src/Eff79.c
060F46F4	244	effect_80_move	src/Eff80.c
060F47E8	260	effect_80_init	src/Eff80.c
060F48EC	414	effect_81_move	src/Eff81.c
060F4A8A	174	effect_81_init	src/Eff81.c
060F4B38	432	effect_82_move	src/EFF82.c
060F4CE8	312	effect_82_init	src/EFF82.c
060F4E20	426	effect_83_move	src/EFF83.c
060F4FCA	314	effect_83_init	src/EFF83.c
060F5104	476	effect_84_move	src/EFF84.c
060F52E0	140	eff84_message_clear	src/EFF84.c
060F536C	60	effect_84_init	src/EFF84.c
060F53A8	54	effect_85_move	src/EFF85.c
060F53DE	32	eff85_0000	src/EFF85.c
060F53FE	100	eff85_0100	src/EFF85.c
060F5462	176	eff85_1000	src/EFF85.c
060F5512	90	eff85_common	src/EFF85.c
060F556C	192	eff85_3000	src/EFF85.c
060F562C	98	eff85_5000	src/EFF85.c
060F568E	142	eff85_7000	src/EFF85.c
060F571C	120	eff85_8000	src/EFF85.c
060F5794	252	eff85_9000	src/EFF85.c
060F5890	34	swallow_sprize_check	src/EFF85.c
060F58B2	22	eff85_0200	src/EFF85.c
060F58C8	172	effect_85_init	src/EFF85.c
060F5974	98	effect_86_move	src/EFF86.c
060F59D6	128	eff86_0000	src/EFF86.c
060F5A56	218	effect_86_init	src/EFF86.c
060F5B30	220	effect_87_move	src/eff87.c
060F5C0C	280	effect_87_init	src/eff87.c
060F5D24	220	effect_88_move	src/eff88.c
060F5E00	276	effect_88_init	src/eff88.c
060F5F14	232	effect_89_move	src/eff89.c
060F5FFC	128	eff89_cell_attr_set	src/eff89.c
060F607C	168	effect_89_init	src/eff89.c
060F6124	216	effect_90_move	src/eff90.c
060F61FC	52	effect_90_dummy	src/eff90.c
060F6230	158	effect_91_move	src/eff91.c
060F62CE	178	eff91_cell_data_set	src/eff91.c
060F6380	164	effect_91_init	src/eff91.c
060F6424	178	effect_92_move	src/eff92_code.c
060F64D6	130	effect_92_init	src/eff92_code.c
060F6558	20	effect_93_move	src/Eff93.c
060F656C	372	Eff93_SLIDE_L	src/Eff93.c
060F66E0	296	Eff93_SLIDE_R	src/Eff93.c
060F6808	182	Eff93_SLIDE_L_OUT	src/Eff93.c
060F68BE	194	Eff93_SLIDE_R_OUT	src/Eff93.c
060F6980	122	Bg_Family_Set_Ex	src/Eff93.c
060F69FA	114	effect_93_init	src/Eff93.c
060F6A6C	170	effect_94_move	src/eff94.c
060F6B16	162	eff94_0000	src/eff94.c
060F6BB8	306	eff94_1000	src/eff94.c
060F6CEA	60	eff94_2000	src/eff94.c
060F6D26	52	eff94_2000_0	src/eff94.c
060F6D5A	170	eff94_2000_1	src/eff94.c
060F6E04	52	eff94_2000_2	src/eff94.c
060F6E38	72	eff94_2000_3	src/eff94.c
060F6E80	24	eff94_2000_4	src/eff94.c
060F6E98	56	eff94_3000	src/eff94.c
060F6ED0	94	eff94_3000_0	src/eff94.c
060F6F2E	50	eff94_3000_4	src/eff94.c
060F6F60	152	eff94_4000	src/eff94.c
060F6FF8	244	effect_94_init	src/eff94.c
060F70EC	690	effect_95_move	src/Eff95.c
060F739E	326	effect_95_init	src/Eff95.c
060F74E4	196	effect_96_move	src/EFF96.c
060F75A8	232	effect_96_init	src/EFF96.c
060F7690	454	effect_97_move	src/eff97.c
060F7856	242	effect_97_init	src/eff97.c
060F7948	52	effect_98_move	src/EFF98.c
060F797C	32	EFF98_WAIT	src/EFF98.c
060F799C	470	EFF98_SLIDE_IN	src/EFF98.c
060F7B72	4	EFF98_SLIDE_OUT	src/EFF98.c
060F7B76	238	EFF98_SUDDENLY	src/EFF98.c
060F7C64	72	EFF98_DIE	src/EFF98.c
060F7CAC	220	effect_98_init	src/EFF98.c
060F7D88	160	effect_99_move	src/EFF99.c
060F7E28	244	effect_99_init	src/EFF99.c
060F7F1C	722	effect_A0_move	src/effa0.c
060F81EE	430	effect_A0_init	src/effa0.c
060F839C	308	effect_A1_move	src/EFFA1.c
060F84D0	188	effect_A1_init	src/EFFA1.c
060F858C	130	effect_A2_move	src/EFFA2_MAIN.c
060F860E	110	effect_A2_init	src/EFFA2_MAIN.c
060F867C	178	effect_A3_move	src/EFFA3.c
060F872E	70	effA3_area_clear	src/EFFA3.c
060F8774	200	effA3_cell_put	src/EFFA3.c
060F883C	204	effect_A3_init	src/EFFA3.c
060F8908	108	effect_A4_move	src/EFFA4.c
060F8974	140	effect_A4_init	src/EFFA4.c
060F8A00	292	effect_A5_move	src/effa5.c
060F8B24	22	Check_Sleep_A5	src/effa5.c
060F8B3A	66	effect_A5_entry	src/effa5.c
060F8B7C	36	effA5_shot_pressed	src/effa5_input.c
060F8BA0	36	effA5_start_pressed	src/effa5_input.c
060F8BC4	1188	effect_A6_move	src/EFFA6.c
060F9068	204	effect_A6_init	src/EFFA6.c
060F9134	96	effA6_work_set	src/EFFA6.c
060F9194	868	effect_A7_move	src/EFFA7.c
060F94F8	240	effect_A7_init	src/EFFA7.c
060F95E8	120	effect_A8_move	src/effa8.c
060F9660	92	effect_A8_init	src/effa8.c
060F96BC	416	effect_A9_move	src/effa9.c
060F985C	232	effect_A9_init	src/effa9.c
060F9944	144	Setup_A9	src/effa9.c
060F99D4	218	effect_B0_move	src/EFFB0.c
060F9AAE	298	effect_B0_init	src/EFFB0.c
060F9BD8	474	effect_B1_move	src/EFFB1.c
060F9DB2	122	effB1_trans	src/EFFB1.c
060F9E2C	140	effB1_mark_change	src/EFFB1.c
060F9EB8	156	effB1_mark_exchange	src/EFFB1.c
060F9F54	348	effect_B1_init	src/EFFB1_INIT.c
060FA0B0	574	effect_B2_move	src/effb2.c
060FA2EE	50	b3_Break_Into_check	src/effb2.c
060FA320	172	fight_col_chg_sub	src/effb2.c
060FA3CC	300	effect_B2_init	src/effb2.c
060FA4F8	228	effect_B3_move	src/effb3.c
060FA5DC	92	round_move_init	src/effb3.c
060FA638	280	round_move	src/effb3.c
060FA750	148	fight_move	src/effb3.c
060FA7E4	14	fight_col_move	src/effb3.c
060FA7F2	162	fight_vanish	src/effb3.c
060FA894	232	effect_B3_init	src/effb3.c
060FA97C	224	effect_B4_move	src/EFFB4.c
060FAA5C	200	effect_B4_init	src/EFFB4.c
060FAB24	672	effect_B5_move	src/EFFB5.c
060FADC4	248	current_name_move	src/EFFB5.c
060FAEBC	248	effect_B5_init	src/EFFB5_INIT.c
060FAFB4	660	effect_B6_move	src/EFFB6.c
060FB248	166	effB6_pos_data_set	src/EFFB6.c
060FB2EE	162	effect_B6_init	src/EFFB6.c
060FB390	116	effect_B7_move	src/EFFB7.c
060FB404	296	effect_B7_init	src/EFFB7.c
060FB52C	1238	effect_B8_move	src/EFFB8.c
060FBA02	528	effect_B8_init	src/EFFB8.c
060FBC12	166	wk_set	src/EFFB8.c
060FBCB8	116	effB8_mes_change_init	src/EFFB8.c
060FBD2C	200	effect_B9_move	src/effb9.c
060FBDF4	328	effect_B9_init	src/effb9.c
060FBF3C	472	effect_C0_move	src/EFFC0.c
060FC114	160	effect_C0_init	src/EFFC0.c
060FC1B4	460	effect_C1_move	src/EFFC1.c
060FC380	248	effect_C1_init	src/EFFC1.c
060FC478	700	effect_C2_move	src/EFFC2.c
060FC734	732	effC2_main_process_first	src/EFFC2.c
060FCA10	276	effc2_parts_work_chain_check	src/EFFC2.c
060FCB24	728	effC2_main_process_second	src/EFFC2.c
060FCDFC	80	c2_last_char_and_mvxy	src/EFFC2.c
060FCE4C	88	c2_last_dir_select	src/EFFC2.c
060FCEA4	176	setup_demojump	src/EFFC2.c
060FCF54	42	check_effc2_p2_rno	src/EFFC2.c
060FCF7E	38	copy_rno	src/EFFC2.c
060FCFA4	160	player_hosei_data	src/EFFC2.c
060FD044	60	set_c2_quake	src/EFFC2.c
060FD080	94	get_bs2_parts_data	src/EFFC2.c
060FD0DE	48	setup_prio_ix	src/EFFC2.c
060FD10E	86	set_parts_priority	src/EFFC2.c
060FD164	76	setup_vital_bonus2	src/EFFC2.c
060FD1B0	242	c3_new_damage	src/EFFC2.c
060FD2A2	10	bs2_get_hit_stop	src/EFFC2.c
060FD2AC	60	bs2_get_parts_vital	src/EFFC2.c
060FD2E8	10	bs2_sync_bomb	src/EFFC2.c
060FD2F2	34	bs2_get_parts_break	src/EFFC2.c
060FD314	140	setup_parts_break	src/EFFC2.c
060FD3A0	96	setup_parts_break2	src/EFFC2.c
060FD400	238	disp_bs2_parts_debug	src/EFFC2.c
060FD4EE	200	check_parts_break_level	src/EFFC2.c
060FD5B6	68	bs2_score_add_next	src/EFFC2.c
060FD5FA	44	set_1st_Bonus_Game_result	src/EFFC2.c
060FD626	154	set_bs2_floor	src/EFFC2.c
060FD6C0	82	clear_bs2_floor	src/EFFC2.c
060FD712	22	init_bs2_floor	src/EFFC2.c
060FD728	58	get_shizumi_guai	src/EFFC2.c
060FD762	24	send_to_shizumi_guai	src/EFFC2.c
060FD77A	142	effect_C2_init	src/EFFC2.c
060FD808	374	effect_C3_move	src/EFFC3.c
060FD97E	76	bs2_display_C3	src/EFFC3.c
060FD9CA	146	set_display_car_parts	src/EFFC3.c
060FDA5C	176	clear_parts_hit_data	src/EFFC3.c
060FDB0C	220	effC3_main_process	src/EFFC3.c
060FDBE8	78	get_efffC3_nsc	src/EFFC3.c
060FDC36	138	effect_C3_init	src/EFFC3.c
060FDCC0	428	effect_C4_move	src/EFFC4.c
060FDE6C	212	effect_C4_init	src/EFFC4.c
060FDF40	668	effect_C5_move	src/EFFC5.c
060FE1DC	448	effect_C5_init	src/EFFC5.c
060FE39C	326	effect_C6_move	src/EFFC6.c
060FE4E2	174	effect_C6_init	src/EFFC6.c
060FE590	380	effect_C7_move	src/EFFC7.c
060FE70C	6	effc7_sort_push2	src/EFFC7.c
060FE712	194	effect_C7_init	src/EFFC7.c
060FE7D4	450	effect_C8_move	src/EFFC8.c
060FE996	194	effect_C8_init	src/EFFC8.c
060FEA58	998	effect_C9_move	src/EFFC9.c
060FEE3E	142	effect_C9_init	src/EFFC9.c
060FEECC	232	setup_EJG_index	src/EFFC9.c
060FEFB4	488	effect_D0_move	src/EFFD0.c
060FF19C	100	d0_speed_set	src/EFFD0.c
060FF200	204	effect_D0_init	src/EFFD0.c
060FF2CC	394	effect_D1_move	src/EFFD1.c
060FF456	214	fall_data_set	src/EFFD1.c
060FF52C	32	fall_data_restore	src/EFFD1.c
060FF54C	200	effect_D1_init	src/EFFD1.c
060FF614	46	effect_D2_move	src/effd2.c
060FF642	278	effD2_wipe_close	src/effd2.c
060FF758	266	effD2_wipe_open	src/effd2.c
060FF862	204	effect_D2_init	src/effd2.c
060FF92E	506	effD2_pos_set	src/effd2.c
060FFB28	14	effect_D3_move	src/effd3.c
060FFB36	750	akebono_finish	src/effd3.c
060FFE24	602	syungoku_finish	src/effd3.c
0610007E	130	effect_D3_init	src/effd3.c
06100100	612	effect_D4_move	src/EFFD4.c
06100364	124	distance2speed	src/EFFD4.c
061003E0	300	effect_D4_init	src/EFFD4.c
0610050C	362	effect_D5_move	src/EFFD5.c
06100676	504	effD5_main_process	src/EFFD5.c
0610086E	228	cal_speeds	src/EFFD5.c
06100952	222	effect_D5_init	src/EFFD5.c
06100A30	168	my_rose_live_check	src/EFFD5.c
06100AD8	384	effect_D6_move	src/effd6_code.c
06100C58	248	effect_D6_init	src/effd6_code.c
06100D50	192	setup_hana_extra	src/effd6_code.c
06100E10	354	effect_D7_move	src/EFFD7.c
06100F72	1112	effD7_main_process	src/EFFD7.c
061013CA	44	cal_speeds_to_me	src/EFFD7.c
061013F6	68	cal_speeds_to_em	src/EFFD7.c
0610143A	108	cal_speeds_effD7	src/EFFD7.c
061014A6	102	ball_init_position_effD7	src/EFFD7.c
0610150C	92	screen_range_check_effD7	src/EFFD7.c
06101568	130	effect_D7_init	src/EFFD7.c
061015EA	182	my_ball_live_check	src/EFFD7.c
061016A0	602	effect_D8_move	src/EffD8.c
061018FA	176	effect_D8_entry	src/EffD8.c
061019AA	60	effect_D8_init	src/EffD8.c
061019E6	94	Setup_Face_Offset_X	src/EffD8.c
06101A44	490	effect_D9_move	src/EFFD9.c
06101C2E	186	effect_D9_init	src/EFFD9.c
06101CE8	630	effect_E0_move	src/EffE0.c
06101F5E	48	Setup_Char_E0	src/EffE0.c
06101F8E	334	effect_E0_init	src/EffE0.c
061020DC	92	effect_E1_move	src/EFFE1.c
06102138	220	effect_E1_init	src/EFFE1.c
06102214	456	effect_E2_move	src/EFFE2.c
061023DC	120	effE2_sort_push	src/EFFE2.c
06102454	54	effe2_erase_or_die	src/EFFE2.c
0610248A	336	effect_E2_init	src/EFFE2.c
061025DA	674	setup_accessories	src/EFFE2.c
0610287C	470	effect_E3_move	src/effe3.c
06102A52	86	effE3_scroll_set	src/effe3.c
06102AA8	4	effect_E3_dummy_1	src/effe3.c
06102AAC	60	effect_E3_dummy_2	src/effe3.c
06102AE8	4	effect_E4_move	src/EFFE5.c
06102AEC	4	effect_E4_dummy	src/EFFE5.c
06102AF0	812	effect_E5_move	src/EFFE5.c
06102E1C	214	setup_illusion_data	src/EFFE5.c
06102EF2	54	check_new_after_image	src/EFFE5.c
06102F28	168	effect_E5_init	src/EFFE5.c
06102FD0	190	effect_e7_e8_init_union	src/EFFE5.c
0610308E	240	get_attdata_of_illusion	src/EFFE5.c
0610317E	118	setup_after_images	src/EFFE5.c
061031F4	40	erase_after_images	src/EFFE5.c
0610321C	90	effect_E6_move	src/effe6.c
06103276	74	effe6_0000	src/effe6.c
061032C0	80	effe6_0001	src/effe6.c
06103310	120	effe6_0002	src/effe6.c
06103388	88	effe6_0003	src/effe6.c
061033E0	136	effe6_0004	src/effe6.c
06103468	126	effe6_0005	src/effe6.c
061034E6	174	effe6_0006	src/effe6.c
06103594	216	effe6_0007	src/effe6.c
0610366C	154	effe6_0009	src/effe6.c
06103706	182	effe6_0010	src/effe6.c
061037BC	72	effe6_0010_sub	src/effe6.c
06103804	180	effe6_0011	src/effe6.c
061038B8	130	effe6_0012	src/effe6.c
0610393A	178	effe6_0013	src/effe6.c
061039EC	382	effe6_0014	src/effe6.c
06103B6A	238	effe6_0015	src/effe6.c
06103C58	222	effe6_0016	src/effe6.c
06103D36	130	effe6_0017	src/effe6.c
06103DB8	150	effe6_0018	src/effe6.c
06103E4E	246	effe6_0019	src/effe6.c
06103F44	138	effe6_0020	src/effe6.c
06103FCE	144	effe6_0021	src/effe6.c
0610405E	190	effe6_0022	src/effe6.c
0610411C	124	effe6_0023	src/effe6.c
06104198	186	effe6_0024	src/effe6.c
06104252	512	effe6_0025	src/effe6.c
06104452	108	effe6_0026	src/effe6.c
061044BE	138	effe6_0027	src/effe6.c
06104548	104	effe6_0028	src/effe6.c
061045B0	236	effe6_0029	src/effe6.c
0610469C	172	effe6_0030	src/effe6.c
06104748	46	effe6_init_common	src/effe6.c
06104776	226	effect_E6_init	src/effe6.c
06104858	480	effect_E7_move	src/EFFE7.c
06104A38	184	effe7_get_zanzou_data	src/EFFE7.c
06104AF0	108	effect_E7_init	src/EFFE7.c
06104B5C	252	effect_E8_move	src/EFFE8.c
06104C58	500	effe8_zanzou_process	src/EFFE8.c
06104E4C	34	effE8_trans	src/EFFE8.c
06104E6E	162	effect_E8_init	src/EFFE8.c
06104F10	158	effect_E9_move	src/effe9.c
06104FAE	206	effect_E9_init	src/effe9.c
0610507C	700	effect_F0_move	src/efff0.c
06105338	126	effF0_scroll_reset	src/efff0.c
061053B6	276	effF0_scroll_set	src/efff0.c
061054CA	118	effect_F0_init	src/efff0.c
06105540	426	effect_F1_move	src/EFFF1.c
061056EA	106	effF1_data_set	src/EFFF1.c
06105754	28	effect_F1_init	src/EFFF1.c
06105770	372	effect_F2_move	src/EFFF2_code.c
061058E4	248	effect_F2_init	src/EFFF2_code.c
061059DC	214	effect_F3_move	src/EFFF3.c
06105AB2	164	effect_F3_init	src/EFFF3.c
06105B56	146	effF3_pos_set	src/EFFF3.c
06105BE8	370	effect_F4_move	src/EFFF4.c
06105D5A	4	effect_F4_init	src/EFFF4.c
06105D5E	30	effect_F4_dummy	src/EFFF4.c
06105D7C	90	effect_F5_move	src/efff5.c
06105DD6	142	efff5_0000	src/efff5.c
06105E64	112	efff5_0001	src/efff5.c
06105ED4	102	efff5_0002	src/efff5.c
06105F3A	104	efff5_0003	src/efff5.c
06105FA2	146	efff5_0004	src/efff5.c
06106034	160	efff5_0005	src/efff5.c
061060D4	132	efff5_0006	src/efff5.c
06106158	92	efff5_0007	src/efff5.c
061061B4	98	efff5_0008	src/efff5.c
06106216	268	efff5_0009	src/efff5.c
06106322	288	efff5_0010	src/efff5.c
06106442	284	efff5_0011	src/efff5.c
0610655E	202	effect_F5_init	src/efff5.c
06106628	100	effect_F6_move	src/efff6.c
0610668C	104	efff6_move	src/efff6.c
061066F4	642	efff6_move_common	src/efff6.c
06106976	180	efff6_move01	src/efff6.c
06106A2A	302	effect_F6_init	src/efff6.c
06106B58	586	effect_F7_move	src/efff7.c
06106DA2	250	effect_F7_init	src/efff7.c
06106E9C	392	effect_F8_move	src/efff8_code.c
06107024	196	effect_F8_init	src/efff8_code.c
061070E8	804	effect_F9_move	src/EFFF9.c
0610740C	126	effect_F9_init	src/EFFF9.c
0610748A	66	efff9_wk_set	src/EFFF9.c
061074CC	96	effF9_talk_init	src/EFFF9.c
0610752C	132	effF9_talk_wk_set	src/EFFF9.c
061075B0	142	Rewrite_End_Message	src/EFFF9.c
0610763E	142	Rewrite_Talk_Message	src/EFFF9.c
061076CC	128	Set_Direct_Message	src/EFFF9.c
0610774C	180	Next_Talk_Message	src/EFFF9.c
06107800	272	effect_G0_move	src/EffG0.c
06107910	28	Check_Die_G0	src/EffG0.c
0610792C	52	effG0_trans	src/EffG0.c
06107960	230	Flash_G0	src/EffG0.c
06107A46	318	score_bunkai_G0	src/EffG0.c
06107B84	412	effect_G0_init	src/EffG0.c
06107D20	4	effect_G1_move	src/EFFG3.c
06107D24	4	effect_G1_init	src/EFFG3.c
06107D28	4	effect_G2_move	src/EFFG3.c
06107D2C	4	effect_G2_dummy	src/EFFG3.c
06107D30	316	effect_G3_move	src/EFFG3.c
06107E6C	168	effect_G3_init	src/EFFG3.c
06107F14	336	effect_G4_move	src/EFFG4.c
06108064	212	effect_G4_init	src/EFFG4.c
06108138	330	effect_G5_move	src/EFFG5.c
06108282	138	effect_G5_init	src/EFFG5.c
0610830C	216	setup_ase_extra	src/EFFG5.c
061083E4	628	effect_G6_move	src/EFFG6.c
06108658	204	effect_G6_init	src/EFFG6.c
06108724	134	effect_G7_move	src/EFFG7.c
061087AA	170	effect_G7_init	src/EFFG7.c
06108854	382	effect_G8_move	src/effg8.c
061089D2	62	effg8_range_check	src/effg8.c
06108A10	184	effect_G8_init	src/effg8.c
06108AC8	336	effect_G9_move	src/EFFG9.c
06108C18	156	effect_G9_init	src/EFFG9.c
06108CB4	204	effect_H0_move	src/EFFH0.c
06108D80	104	effH0_trans	src/EFFH0.c
06108DE8	184	effect_H0_init	src/EFFH0.c
06108EA0	88	effect_H1_move	src/EFFH1.c
06108EF8	262	eff_h1_move	src/EFFH1.c
06108FFE	214	effect_H1_init	src/EFFH1.c
061090D4	274	effect_H2_move	src/EFFH2.c
061091E6	166	effect_H2_init	src/EFFH2.c
0610928C	94	effect_H3_move	src/EFFH3.c
061092EA	306	effect_H3_init	src/EFFH3.c
0610941C	370	effect_H4_move	src/effh4.c
0610958E	14	effect_H4_dummy	src/effh4.c
0610959C	62	effect_H5_move	src/effh5.c
061095DA	90	effH5_0000	src/effh5.c
06109634	90	effH5_0001	src/effh5.c
0610968E	110	effH5_0002	src/effh5.c
061096FC	340	effH5_0003	src/effh5.c
06109850	326	effH5_0004	src/effh5.c
06109996	46	effH5_init_common	src/effh5.c
061099C4	224	effect_H5_init	src/effh5.c
06109AA4	44	end_cut_check	src/effh6_code.c
06109AD0	1234	effect_H6_move	src/effh6_code.c
06109FA2	1038	effect_H6_init	src/effh6_code.c
0610A3B0	734	effect_H7_move	src/EFFH9.c
0610A68E	214	effect_H7_init	src/EFFH9.c
0610A764	760	effect_H8_move	src/EFFH9.c
0610AA5C	236	effect_H8_init	src/EFFH9.c
0610AB48	244	effect_H9_move	src/EFFI0.c
0610AC3C	60	effH9_trans	src/EFFI0.c
0610AC78	42	nokori_ball_effH9	src/EFFI0.c
0610ACA2	290	effect_H9_init	src/EFFI0.c
0610ADC4	356	effect_I0_move	src/EFFI0.c
0610AF28	190	effI0_piece_set	src/EFFI0.c
0610AFE6	270	effect_I0_init	src/EFFI0.c
0610B0F4	4	effect_I1_move	src/EFFI3.c
0610B0F8	4	effect_I1_dummy	src/EFFI3.c
0610B0FC	60	effect_I2_init	src/EFFI3.c
0610B138	172	effect_I2_move	src/EFFI3.c
0610B1E4	300	effect_I3_move	src/EFFI3.c
0610B310	136	effect_I3_init	src/EFFI3.c
0610B398	142	effect_I4_move	src/EFFI4MV.c
0610B426	192	effect_i4_hit_sub	src/EFFI4MV.c
0610B4E6	194	effi4_down_to_up	src/EFFI4MV.c
0610B5A8	42	effi4_up_to_down	src/EFFI4MV.c
0610B5D2	174	effect_I4_init	src/EFFI4MV.c
0610B680	380	effect_I5_move	src/EFFI5.c
0610B7FC	188	effect_I5_init	src/EFFI5.c
0610B8B8	102	effect_I6_move	src/effi6.c
0610B91E	68	effi6_line_move	src/effi6.c
0610B962	222	effect_I6_init	src/effi6.c
0610BA40	326	effect_I7_move	src/EFFI7.c
0610BB86	92	effI7_pos_hosei	src/EFFI7.c
0610BBE2	158	effect_I7_init	src/EFFI7.c
0610BC80	358	effect_I8_move	src/EFFI8.c
0610BDE6	1212	effI8_main_process	src/EFFI8.c
0610C2A2	66	cal_speeds_to_me_effI8	src/EFFI8.c
0610C2E4	78	cal_speeds_to_em_effI8	src/EFFI8.c
0610C332	262	check_ball_mizushibuki	src/EFFI8.c
0610C438	176	effect_I8_init	src/EFFI8.c
0610C4E8	88	bbbs_ball_set	src/EFFI8.c
0610C540	284	effect_I9_move	src/EFFI9.c
0610C65C	56	push_image_buff	src/EFFI9.c
0610C694	34	init_image_buff	src/EFFI9.c
0610C6B6	246	effect_I9_init	src/EFFI9.c
0610C7AC	316	effect_J0_move	src/EFFJ0.c
0610C8E8	240	effect_J0_init	src/EFFJ0.c
0610C9D8	4	effect_J1_move	src/effj1.c
0610C9DC	4	effect_J1_dummy	src/effj1.c
0610C9E0	256	effect_J2_move	src/effj2_code.c
0610CAE0	60	effJ2_trans	src/effj2_code.c
0610CB1C	180	effect_J2_init	src/effj2_code.c
0610CBD0	124	effect_J3_move	src/effj4.c
0610CC4C	244	effect_J3_init	src/effj4.c
0610CD40	348	effect_J4_move	src/effj4.c
0610CE9C	100	effJ4_piece_set	src/effj4.c
0610CF00	66	effect_J4_init	src/effj4.c
0610CF42	94	effJ4_piece_set_stay	src/effj4.c
0610CFA0	88	effect_J4_init2	src/effj4.c
0610CFF8	336	effect_J5_move	src/effj5.c
0610D148	110	effJ5_bg_write	src/effj5.c
0610D1B6	138	effect_J5_init	src/effj5.c
0610D240	260	effect_J6_move	src/effJ6.c
0610D344	44	effect_j6_hit_sub	src/effJ6.c
0610D370	180	effect_J6_init	src/effJ6.c
0610D424	422	effect_J7_move	src/EFFJ7.c
0610D5CA	110	J7_color_step	src/EFFJ7.c
0610D638	80	get_new_color_data	src/EFFJ7.c
0610D688	160	effect_J7_init	src/EFFJ7.c
0610D728	148	effect_J8_move	src/EFFJ8.c
0610D7BC	72	dragonfly_move	src/EFFJ8.c
0610D804	120	dragonfly_l_move_0	src/EFFJ8.c
0610D87C	22	dragonfly_l_move_1	src/EFFJ8.c
0610D892	82	dragonfly_l_move_2	src/EFFJ8.c
0610D8E4	98	dragonfly_l_move_3	src/EFFJ8.c
0610D946	78	dragonfly_l_move_4	src/EFFJ8.c
0610D994	168	dragonfly_l_move	src/EFFJ8.c
0610DA3C	62	dragonfly_r_move_0	src/EFFJ8.c
0610DA7A	46	dragonfly_r_move_1	src/EFFJ8.c
0610DAA8	82	dragonfly_r_move_2	src/EFFJ8.c
0610DAFA	98	dragonfly_r_move_3	src/EFFJ8.c
0610DB5C	50	dragonfly_r_move_4	src/EFFJ8.c
0610DB8E	196	dragonfly_r_move	src/EFFJ8.c
0610DC52	228	dragonfly_move_0000	src/EFFJ8.c
0610DD36	240	dragonfly_move_0001	src/EFFJ8.c
0610DE26	202	dragonfly_move_0004	src/EFFJ8.c
0610DEF0	212	dragonfly_move_0005	src/EFFJ8.c
0610DFC4	60	dragonfly_stop_timer	src/EFFJ8.c
0610E000	88	dragonfly_line_set	src/EFFJ8.c
0610E058	30	dragonfly_move_next	src/EFFJ8.c
0610E076	262	effect_J8_init	src/EFFJ8.c
0610E17C	266	effect_J9_move	src/EFFJ9.c
0610E286	58	effJ9_trans	src/EFFJ9.c
0610E2C0	28	get_c2_quake	src/EFFJ9.c
0610E2DC	124	effect_J9_init	src/EFFJ9.c
0610E358	164	effect_K0_move	src/EFFK0.c
0610E3FC	88	effect_A5_init	src/EFFK0.c
0610E454	604	effect_K1_move	src/EFFK2.c
0610E6B0	284	effect_K1_init	src/EFFK2.c
0610E7CC	412	effect_K2_move	src/EFFK2.c
0610E968	96	disp_effK2	src/EFFK2.c
0610E9C8	128	effK2_parts_move_type_0	src/EFFK2.c
0610EA48	394	effK2_parts_move_type_1	src/EFFK2.c
0610EBD2	118	effK2_parts_move_type_2	src/EFFK2.c
0610EC48	160	effK2_parts_move_type_3	src/EFFK2.c
0610ECE8	118	effK2_parts_move_type_4	src/EFFK2.c
0610ED5E	40	effK2_parts_move_type_5	src/EFFK2.c
0610ED86	134	effK2_parts_move_type_6	src/EFFK2.c
0610EE0C	72	effK2_parts_move_type_7	src/EFFK2.c
0610EE54	414	effK2_parts_move_type_8	src/EFFK2.c
0610EFF2	66	set_next_next_y	src/EFFK2.c
0610F034	188	effect_K2_init	src/EFFK2.c
0610F0F0	104	setup_effK2	src/EFFK2.c
0610F158	216	setup_effK2_sync_bomb	src/EFFK2.c
0610F230	72	illegal_setup_effK2	src/EFFK2.c
0610F278	300	effect_K3_move	src/EFFK3.c
0610F3A4	270	set_init_posspeed_effK3	src/EFFK3.c
0610F4B2	162	effect_K3_init	src/EFFK3.c
0610F554	112	setup_effK3	src/EFFK3.c
0610F5C4	330	effect_K4_move	src/EFFK4.c
0610F70E	92	get_init_position_effK4	src/EFFK4.c
0610F76A	212	get_init_speed_and_timer_effK4	src/EFFK4.c
0610F83E	184	effect_K4_init	src/EFFK4.c
0610F8F6	26	setup_effK4	src/EFFK4.c
0610F910	350	effect_K5_move	src/EFFK5.c
0610FA6E	160	K5_main_process	src/EFFK5.c
0610FB0E	450	get_okuri_time	src/EFFK5.c
0610FCD0	882	K5_decode_new_hit_index	src/EFFK5.c
06110042	104	decode_mvsw	src/EFFK5.c
061100AA	106	get_table_adrs_K5	src/EFFK5.c
06110114	76	init_K5_work	src/EFFK5.c
06110160	20	get_master_table_address	src/EFFK5.c
06110174	156	K5_init_data	src/EFFK5.c
06110210	68	K5_init_data_copy	src/EFFK5.c
06110254	58	K5_init_data_copy2	src/EFFK5.c
0611028E	62	get_cal_work	src/EFFK5.c
061102CC	122	k5_add_sub	src/EFFK5.c
06110346	126	effect_K5_init	src/EFFK5.c
061103C4	52	effect_K6_move	src/EffK6.c
061103F8	32	EFFK6_WAIT	src/EffK6.c
06110418	422	EFFK6_SLIDE_IN	src/EffK6.c
061105BE	188	EFFK6_SLIDE_OUT	src/EffK6.c
0611067A	262	EFFK6_SUDDENLY	src/EffK6.c
06110780	108	EFFK6_KILL	src/EffK6.c
061107EC	402	EFFK6_MOVE	src/EffK6.c
0611097E	214	effect_K6_init	src/EffK6.c
06110A54	276	Setup_1st_PosK6	src/EffK6.c
06110B68	322	Get_PosK6	src/EffK6.c
06110CAA	88	Setup_CharK6	src/EffK6.c
06110D02	114	Setup_K6_Index	src/EffK6.c
06110D74	52	chkNameExport	src/EffK6.c
06110DA8	168	effect_K7_move	src/EFFK7.c
06110E50	664	K7_move_type_1	src/EFFK7.c
061110E8	26	K7_col_mode_flip	src/EFFK7.c
06111102	444	K7_move_type_0	src/EFFK7.c
061112BE	106	K7_mt0_rebirth_check	src/EFFK7.c
06111328	144	effect_K7_init	src/EFFK7.c
061113B8	234	effect_K8_move	src/EFFK8.c
061114A2	194	effect_K8_init	src/EFFK8.c
06111564	220	effect_K9_move	src/EFFK9.c
06111640	196	effect_K9_init	src/EFFK9.c
06111704	240	effect_L0_move	src/EFFL0.c
061117F4	120	effect_L0_init	src/EFFL0.c
0611186C	500	effect_L1_move	src/EFFL1.c
06111A60	56	effL1_trans	src/EFFL1.c
06111A98	210	effL1_w_win_init	src/EFFL1.c
06111B6A	198	effL1_w_grade_init	src/EFFL1.c
06111C30	188	effL1_k_grade_init	src/EFFL1.c
06111CEC	216	effL1_w_score_init	src/EFFL1.c
06111DC4	376	effL1_w_graph_init	src/EFFL1.c
06111F3C	424	effL1_k_graph_init	src/EFFL1.c
061120E4	340	effL1_f_stage_p_init	src/EFFL1.c
06112238	112	effL1_f_col_adjust	src/EFFL1.c
061122A8	424	effL1_f_stage_r_init	src/EFFL1.c
06112450	160	effL1_f_grade_init	src/EFFL1.c
061124F0	1034	effL1_f_mk_spp_init	src/EFFL1.c
061128FA	238	effL1_f_mk_all_init	src/EFFL1.c
061129E8	134	effL1_f_kz_cont_init	src/EFFL1.c
06112A6E	198	effL1_f_kz_spp_init	src/EFFL1.c
06112B34	166	effL1_f_score_init	src/EFFL1.c
06112BDA	70	effL1_suuchi_bunkai_sub	src/EFFL1.c
06112C20	116	effect_L1_init	src/EFFL1.c
06112C94	336	effect_L2_move	src/effL2.c
06112DE4	110	effl2_dir_check	src/effL2.c
06112E52	374	effect_L2_init	src/effL2.c
06112FC8	114	effect_L3_move	src/effL3.c
0611303A	272	effl3_0000	src/effL3.c
0611314A	282	effl3_0001	src/effL3.c
06113264	94	effl3_0002	src/effL3.c
061132C2	258	effl3_tobi	src/effL3.c
061133C4	132	effl3_kie	src/effL3.c
06113448	364	effect_L3_init	src/effL3.c
061135B4	114	effect_L4_move	src/EFFL4.c
06113626	210	effect_L4_init	src/EFFL4.c
061136F8	104	effect_L5_move	src/effl5.c
06113760	270	hukuromoji_move	src/effl5.c
0611386E	202	effect_L5_init	src/effl5.c
06113938	86	effect_L6_move	src/effl6.c
0611398E	244	effl6_flont	src/effl6.c
06113A82	200	effl6_back	src/effl6.c
06113B4A	522	effect_L6_init	src/effl6.c
06113D54	124	effect_L7_move	src/effL7.c
06113DD0	504	effl7_move	src/effL7.c
06113FC8	484	effect_L7_init	src/effL7.c
061141AC	304	effect_L8_move	src/effl8.c
061142DC	94	check_new_color_data_L8	src/effl8.c
0611433A	80	get_new_color_data_L8	src/effl8.c
0611438A	34	save_old_color_data	src/effl8.c
061143AC	34	load_old_color_data	src/effl8.c
061143CE	146	effect_L8_init	src/effl8.c
06114460	184	effect_L9_move	src/effect_L9_move.c
06114518	336	effect_L9_init	src/effect_L9_move.c
06114668	112	effect_M0_move	src/effM0.c
061146D8	264	animal_init	src/effM0.c
061147E0	70	animal_control	src/effM0.c
06114826	206	animal_0000	src/effM0.c
061148F4	144	animal_0001	src/effM0.c
06114984	176	animal_0002	src/effM0.c
06114A34	240	animal_0004	src/effM0.c
06114B24	288	animal_0005	src/effM0.c
06114C44	46	mouse_run_set	src/effM0.c
06114C72	32	mouse_stand_set	src/effM0.c
06114C92	46	cat_run_set	src/effM0.c
06114CC0	46	cat_run_set2	src/effM0.c
06114CEE	92	cat_walk_set	src/effM0.c
06114D4A	46	don_run_set	src/effM0.c
06114D78	144	effect_M0_init	src/effM0.c
06114E08	150	effect_M1_move	src/EFFM1.c
06114E9E	306	effm1_move	src/EFFM1.c
06114FD0	320	effect_M1_init	src/EFFM1.c
06115110	150	effect_M2_move	src/EFFM2.c
061151A6	262	effm2_move	src/EFFM2.c
061152AC	374	effm2_move2	src/EFFM2.c
06115422	198	effect_M2_init	src/EFFM2.c
061154E8	422	effect_M3_move	src/EffM3.c
0611568E	150	effM3_trans	src/EffM3.c
06115724	140	effect_M3_init	src/EffM3.c
061157B0	228	effect_M4_move	src/effM5.c
06115894	96	effect_M4_init	src/effM5.c
061158F4	668	effect_M5_move	src/effM5.c
06115B90	420	effect_M5_init	src/effM5.c
06115D34	288	effect_M6_move	src/effM6.c
06115E54	168	effect_M6_init	src/effM6.c
06115EFC	66	effect_M7_move	src/EFFM7.c
06115F3E	470	effm7_move	src/EFFM7.c
06116114	344	effect_M7_init	src/EFFM7.c
0611626C	80	effect_M8_move	src/PLCNTSET.c
061162BC	184	effm8_move_app	src/PLCNTSET.c
06116374	56	don_run_sub_m8	src/PLCNTSET.c
061163AC	76	effm8_move_win	src/PLCNTSET.c
061163F8	868	effect_M8_init	src/PLCNTSET.c
0611675C	548	Player_control	src/plcntset_2.c
06116980	64	plcnt_init	src/plcntset_2.c
061169C0	146	init_app_10000	src/plcntset_2.c
06116A52	220	init_app_20000	src/plcntset_2.c
06116B2E	318	init_app_30000	src/plcntset_2.c
06116C6C	60	pli_0000	src/plcntset_2.c
06116CA8	144	pli_1000	src/plcntset_2.c
06116D38	184	pli_3000	src/plcntset_2.c
06116DF0	372	plcnt_move	src/plcntset_2.c
06116F64	64	plcnt_die	src/plcntset_2.c
06116FA4	448	settle_type_00000	src/plcntset_2.c
06117164	182	settle_type_10000	src/plcntset_2.c
0611721A	312	settle_type_20000	src/plcntset_2.c
06117352	244	settle_type_30000	src/plcntset_2.c
06117446	506	settle_type_40000	src/plcntset_2.c
06117640	194	settle_type_50000	src/plcntset_2.c
06117702	192	settle_type_60000	src/plcntset_2.c
061177C2	4	settle_type_70000	src/plcntset_2.c
061177C6	264	move_player_work	src/plcntset_2.c
061178CE	214	move_P1_move_P2	src/plcntset_2.c
061179A4	166	move_P2_move_P1	src/plcntset_2.c
06117A4A	210	check_damage_hosei	src/plcntset_2.c
06117B1C	216	check_damage_hosei_nage	src/plcntset_2.c
06117BF4	50	check_damage_hosei_dageki	src/plcntset_2.c
06117C26	120	time_over_check	src/plcntset_2.c
06117C9E	46	will_die	src/plcntset_2.c
06117CCC	92	setup_settle_rno	src/plcntset_2.c
06117D28	318	settle_check	src/plcntset_2.c
06117E66	38	check_sa_resurrection	src/plcntset_2.c
06117E8C	34	check_sa_type_rebirth	src/plcntset_2.c
06117EAE	52	nekorobi_check	src/plcntset_2.c
06117EE2	70	footwork_check	src/plcntset_2.c
06117F28	70	reset_char_disp_work	src/plcntset_2.c
06117F6E	54	set_quake	src/plcntset_2.c
06117FA4	44	add_next_position	src/plcntset_2.c
06117FD0	68	setup_gouki_wins	src/plcntset_2.c
06118014	416	debug_player_change	src/PLCNTDAT.c
061181B4	14	reset_piyori_and_fight	src/PLCNTDAT.c
061181C2	44	reset_fight_status	src/PLCNTDAT.c
061181EE	56	reset_round_and_screen	src/PLCNTDAT.c
06118226	106	erase_extra_plef_work	src/PLCNTDAT.c
06118290	130	setup_base_and_other_data	src/PLCNTDAT.c
06118312	142	setup_any_data	src/PLCNTDAT.c
061183A0	192	set_base_data	src/PLCNTDAT.c
06118460	112	set_base_data_metamor	src/PLCNTDAT.c
061184D0	110	set_base_data_tiny	src/PLCNTDAT.c
0611853E	46	set_player_shadow	src/PLCNTDAT.c
0611856C	98	setup_other_data	src/PLCNTDAT.c
061185CE	134	set_kizetsu_status	src/PLCNTDAT.c
06118654	44	clear_kizetsu_point	src/PLCNTDAT.c
06118680	120	set_super_arts_status	src/PLCNTDAT.c
061186F8	68	clear_super_arts_point	src/plcntdat_2.c
0611873C	222	check_combo_end	src/plcntdat_2.c
0611881A	54	set_scrrrl	src/plcntdat_2.c
06118850	560	Player_control_bonus	src/PLCNT2.c
06118A80	374	plcnt_b_init	src/PLCNT2.c
06118BF6	262	plcnt_b_move	src/PLCNT2.c
06118CFC	178	plcnt_b_die	src/PLCNT2.c
06118DAE	106	footwork_check_bns	src/PLCNT2.c
06118E18	212	setup_bs_scrrrl_bs	src/PLCNT2.c
06118EEC	80	setup_bs_scrrrl_bs2	src/PLCNT2.c
06118F3C	180	move_player_work_bonus	src/PLCNT2.c
06118FF0	142	move_P1_move_P2_bonus	src/PLCNT2.c
0611907E	166	move_P2_move_P1_bonus	src/PLCNT2.c
06119124	272	check_damage_hosei_bonus	src/PLCNT2.c
06119234	564	Player_control_bonus2	src/PLCNT3.c
06119468	98	plcnt_b2_move	src/PLCNT3.c
061194CA	278	plcnt_b2_die	src/PLCNT3.c
061195E0	476	Player_move	src/PLMAIN.c
061197BC	282	player_mv_0000	src/PLMAIN.c
061198D6	202	player_mv_1000	src/PLMAIN.c
061199A0	40	plmv_1010	src/PLMAIN.c
061199C8	74	plmv_1020	src/PLMAIN.c
06119A12	70	player_mv_2000	src/PLMAIN.c
06119A58	20	player_mv_3000	src/PLMAIN.c
06119A6C	150	player_mv_4000	src/PLMAIN.c
06119B02	362	check_hit_stop	src/PLMAIN.c
06119C6C	42	select_hit_stop	src/PLMAIN.c
06119C96	180	look_after_timers	src/PLMAIN.c
06119D4A	58	about_gauge_process	src/PLMAIN.c
06119D84	288	mpg_union	src/PLMAIN.c
06119EA4	398	eag_union	src/PLMAIN.c
0611A032	284	sag_normal	src/PLMAIN.c
0611A14E	588	sag_timer	src/PLMAIN.c
0611A39A	4	sag_timer_dummy	src/PLMAIN.c
0611A39E	266	sag_rebirth	src/PLMAIN.c
0611A4A8	42	demo_set_sa_full	src/PLMAIN.c
0611A4D2	126	get_saikinnno_idouryou	src/PLMAIN.c
0611A550	42	clear_attack_num	src/PLMAIN.c
0611A57A	42	clear_tk_flags	src/PLMAIN.c
0611A5A4	428	Player_move_bonus	src/PLMAIN2.c
0611A750	286	player_mvbs_0000	src/PLMAIN2.c
0611A86E	232	player_mvbs_1000	src/PLMAIN2.c
0611A956	46	plmv_b_1010	src/PLMAIN2.c
0611A984	100	plmv_b_1020	src/PLMAIN2.c
0611A9E8	58	player_mvbs_2000	src/PLMAIN2.c
0611AA22	6	player_mvbs_3000	src/PLMAIN2.c
0611AA28	208	player_mvbs_4000	src/PLMAIN2.c
0611AAF8	34	check_lever_data	src/PLS00.c
0611AB1A	20	process_normal	src/PLS00.c
0611AB2E	22	TO_nm_01000	src/PLS00.c
0611AB44	22	TO_nm_36000	src/PLS00.c
0611AB5A	22	TO_nm_09000	src/PLS00.c
0611AB70	22	TO_nm_37000	src/PLS00.c
0611AB86	24	TO_nm_38000	src/PLS00.c
0611AB9E	24	TO_nm_18000_01	src/PLS00.c
0611ABB6	14	nm_00000	src/PLS00.c
0611ABC4	192	nm_01000	src/PLS00.c
0611AC84	356	nm_02000	src/PLS00.c
0611ADE8	198	nm_03000	src/PLS00.c
0611AEAE	106	nm_05000	src/PLS00.c
0611AF18	276	nm_07000	src/PLS00.c
0611B02C	226	nm_08000	src/PLS00.c
0611B10E	266	nm_09000	src/PLS00.c
0611B218	184	nm_10000	src/PLS00.c
0611B2D0	4	nm_11000	src/PLS00.c
0611B2D4	84	nm_13000	src/PLS00.c
0611B328	152	nm_16000	src/PLS00.c
0611B3C0	180	nm_17000	src/PLS00.c
0611B474	52	check_jump_rl_dir	src/PLS00.c
0611B4A8	76	set_new_jpdir	src/PLS00.c
0611B4F4	184	nm_18000	src/PLS00.c
0611B5AC	1364	jumping_cg_type_check	src/PLS00.c
0611BB00	42	jumping_guard_type_check	src/PLS00.c
0611BB2A	290	nm_27000	src/PLS00.c
0611BC4C	140	nm_27_cg_type_check	src/PLS00.c
0611BCD8	304	nm_29000	src/PLS00.c
0611BE08	248	nm_31000	src/PLS00.c
0611BF00	72	nm_34000	src/PLS00.c
0611BF48	114	nm_36000	src/PLS00.c
0611BFBA	62	nm_37000	src/PLS00.c
0611BFF8	112	nm_38000	src/PLS00.c
0611C068	56	nm_39000	src/PLS00.c
0611C0A0	72	nm_40000	src/PLS00.c
0611C0E8	56	nm_42000	src/PLS00.c
0611C120	244	nm_45000	src/PLS00.c
0611C214	18	nm_47000	src/PLS00.c
0611C226	4	nm_48000	src/PLS00.c
0611C22A	4	nm_49000	src/PLS00.c
0611C22E	4	nm_51000	src/PLS00.c
0611C232	52	nm_52000	src/PLS00.c
0611C266	18	nm_55000	src/PLS00.c
0611C278	18	nm_57000	src/PLS00.c
0611C28A	32	process_damage	src/PLS00.c
0611C2AA	64	dm_00000	src/PLS00.c
0611C2EA	178	dm_04000	src/PLS00.c
0611C39C	94	dm_08000	src/PLS00.c
0611C3FA	32	dm_17000	src/PLS00.c
0611C41A	176	dm_18000	src/PLS00.c
0611C4CA	58	dm_25000	src/PLS00.c
0611C504	124	process_catch	src/PLS00.c
0611C580	70	nm_91000	src/PLS00.c
0611C5C6	4	process_caught	src/PLS00.c
0611C5CA	4	nm_95000	src/PLS00.c
0611C5CE	296	process_attack	src/PLS00.c
0611C6F6	390	check_cg_cancel_data	src/PLS00.c
0611C87C	32	sa_stop_check	src/PLS01.c
0611C89C	76	check_my_tk_power_off	src/PLS01.c
0611C8E8	112	check_em_tk_power_off	src/PLS01.c
0611C958	10	check_ukemi_flag	src/PLS01.c
0611C962	38	check_rl_flag	src/PLS01.c
0611C988	116	set_rl_waza	src/PLS01.c
0611C9FC	156	check_rl_on_car	src/PLS01.c
0611CA98	104	saishin_bs2_area_car	src/PLS01.c
0611CB00	34	saishin_bs2_on_car	src/PLS01.c
0611CB22	190	check_air_jump	src/PLS01.c
0611CBE0	166	check_sankaku_tobi	src/PLS01.c
0611CC86	92	check_extra_jump_timer	src/PLS01.c
0611CCE2	190	remake_sankaku_tobi_mvxy	src/PLS01.c
0611CDA0	204	check_F_R_dash	src/PLS01.c
0611CE6C	56	check_360_jump	src/PLS01.c
0611CEA4	96	check_jump_ready	src/PLS01.c
0611CF04	114	check_hijump_only	src/PLS01.c
0611CF76	38	check_bend_myself	src/PLS01.c
0611CF9C	66	check_F_R_walk	src/PLS01.c
0611CFDE	96	check_F_R_step	src/PLS01.c
0611D03E	124	check_turn_to_back	src/PLS01.c
0611D0BA	42	check_hurimuki	src/PLS01.c
0611D0E4	108	check_walking_lv_dir	src/PLS01.c
0611D150	96	check_walking_lv_dir2	src/PLS01.c
0611D1B0	38	check_stand_up	src/PLS01.c
0611D1D6	80	check_defense_lever	src/PLS01.c
0611D226	94	check_em_catt	src/PLS01.c
0611D284	192	check_attbox_dir	src/PLS01.c
0611D344	216	check_defense_kind	src/PLS01.c
0611D41C	168	jumping_union_process	src/PLS01.c
0611D4C4	90	jumping_process_ix	src/PLS01.c
0611D51E	62	check_floor	src/PLS01.c
0611D55C	48	check_ashimoto	src/PLS01.c
0611D58C	74	check_floor_2	src/PLS01.c
0611D5D6	58	check_ashimoto_ex	src/PLS01.c
0611D610	94	add_to_mvxy_data	src/PLS02.c
0611D66E	66	setup_move_data_easy	src/PLS02.c
0611D6B0	42	setup_mvxy_data	src/PLS02.c
0611D6DA	88	setup_butt_own_data_ex	src/PLS02.c
0611D732	114	setup_butt_own_data_ex2	src/PLS02.c
0611D7A4	62	setup_butt_own_data	src/PLS02.c
0611D7E2	74	read_adrs_store_mvxy	src/PLS02.c
0611D82C	16	get_weight_point	src/PLS02.c
0611D83C	236	cal_mvxy_speed	src/PLS02.c
0611D928	52	add_mvxy_speed	src/PLS02.c
0611D95C	78	add_mvxy_speed_exp	src/PLS02.c
0611D9AA	32	add_mvxy_speed_no_use_rl	src/PLS02.c
0611D9CA	40	add_mvxy_speed_direct	src/PLS02.c
0611D9F2	42	reset_mvxy_data	src/PLS02.c
0611DA1C	132	setup_air_paring_mvxy	src/PLS02.c
0611DAA0	54	remake_mvxy_PoSB	src/PLS02.c
0611DAD6	206	remake_mvxy_PoGR	src/PLS02.c
0611DBA4	282	check_body_touch	src/PLS02.c
0611DCBE	118	meri_case_switch	src/PLS02.c
0611DD34	422	check_body_touch2	src/PLS02.c
0611DEDA	152	hoseishitemo_eenka	src/PLS02.c
0611DF72	10	get_sel_hosei_tbl_ix	src/PLS02.c
0611DF7C	60	check_work_position_bonus	src/PLS02.c
0611DFB8	158	set_field_hosei_flag	src/PLS02.c
0611E056	128	check_work_position	src/PLS02.c
0611E0D6	24	random_32_com	src/PLS02.c
0611E0EE	24	random_16_com	src/PLS02.c
0611E106	24	random_32_ex_com	src/PLS02.c
0611E11E	24	random_16_ex_com	src/PLS02.c
0611E136	80	get_guard_direction	src/PLS02.c
0611E186	24	cal_attdir	src/PLS02.c
0611E19E	50	cal_attdir_flip	src/PLS02.c
0611E1D0	24	get_kind_of_head_dm	src/PLSGAUGE.c
0611E1E8	24	get_kind_of_trunk_dm	src/PLSGAUGE.c
0611E200	124	setup_vitality	src/PLSGAUGE.c
0611E27C	262	cal_dm_vital_gauge_hosei	src/PLSGAUGE.c
0611E382	20	get_sa_gauge_len	src/PLSGAUGE.c
0611E396	46	set_hit_stop_hit_quake	src/PLSGAUGE.c
0611E3C4	180	add_sp_arts_gauge_init	src/PLSGAUGE.c
0611E478	152	add_sp_arts_gauge_guard	src/PLSGAUGE.c
0611E510	200	add_sp_arts_gauge_hit_dm	src/PLSGAUGE.c
0611E5D8	118	cal_sa_gauge_waribiki	src/PLSGAUGE.c
0611E64E	4	cal_sa_gauge_dummy	src/PLSGAUGE.c
0611E652	124	add_sp_arts_gauge_paring	src/PLSGAUGE.c
0611E6CE	132	add_sp_arts_gauge_tokushu	src/PLSGAUGE.c
0611E752	98	add_sp_arts_gauge_ukemi	src/PLSGAUGE.c
0611E7B4	128	add_sp_arts_gauge_nagenuke	src/PLSGAUGE.c
0611E834	242	add_super_arts_gauge	src/PLSGAUGE.c
0611E926	78	check_buttobi_type	src/PLSGAUGE.c
0611E974	34	check_buttobi_type2	src/PLSGAUGE.c
0611E996	96	setup_saishin_lvdir	src/PLSGAUGE.c
0611E9F6	46	setup_lvdir_after_autodir	src/PLSGAUGE.c
0611EA24	84	dead_voice_request	src/PLSGAUGE.c
0611EA78	110	dead_voice_request2	src/PLSGAUGE.c
0611EAE6	38	gauge_rank_value	src/PLSGAUGE.c
0611EB0C	64	short_to_bcd	src/PLSGAUGE.c
0611EB4C	164	kakushi_setup	src/PLSGAUGE.c
0611EBF0	42	hissatsu_setup_union	src/PLS03.c
0611EC1A	1222	check_full_gauge_attack	src/PLS03.c
0611F0E0	1256	check_full_gauge_attack2	src/PLS03.c
0611F5C8	1104	check_super_arts_attack	src/PLS03.c
0611FA18	604	execute_super_arts	src/PLS03.c
0611FC74	1594	check_special_attack	src/PLS03.c
061202AE	198	check_leap_attack	src/PLS03.c
06120374	4	check_leap_dummy	src/PLS03ATT.c
06120378	758	check_nm_attack	src/PLS03ATT.c
0612066E	112	check_jump_pat_status	src/PLS03ATT.c
061206DE	178	check_paring_attack	src/PLS03ATT.c
06120790	126	check_dm_shot_attack	src/PLS03ATT.c
0612080E	162	check_chouhatsu	src/PLS03ATT.c
061208B0	158	check_lever_up_attack	src/PLS03ATT.c
0612094E	52	check_nagenuke_cmd	src/PLS03ATT.c
06120982	480	check_catch_attack	src/PLS03ATT.c
06120B62	28	set_attack_routine_number	src/PLS03ATT.c
06120B7E	130	get_nearing_range	src/PLS03ATT.c
06120C00	394	waza_select	src/PLS03ATT.c
06120D8A	500	decode_wst_data	src/PLS03ATT.c
06120F7E	144	get_em_body_range	src/PLS03ATT.c
0612100E	44	cmd_ex_check	src/PLS03ATT.c
0612103A	152	shot_data_convert	src/PLS03ATT.c
061210D2	10	shot_data_refresh	src/PLS03ATT.c
061210DC	16	renbanshot_conpaneshot	src/PLS03ATT.c
061210EC	20	datacmd_conpanecmd	src/PLS03ATT.c
06121100	170	check_renda_cancel	src/PLS03ATT.c
061211AA	178	check_sp_waza_flag	src/PLS03ATT.c
0612125C	538	check_meoshi_cancel	src/PLS03ATT.c
06121476	12	get_meoshi_lever	src/PLS03ATT.c
06121482	34	get_meoshi_shot	src/PLS03ATT.c
061214A4	88	Player_normal	src/PLPNM.c
061214FC	134	setup_normal_process_flags	src/PLPNM.c
06121582	6	Normal_00000	src/PLPNM.c
06121588	100	Normal_01000	src/PLPNM.c
061215EC	64	Normal_02000	src/PLNORMAL.c
0612162C	118	Normal_03000	src/PLNORMAL.c
061216A2	130	Normal_04000	src/PLNORMAL.c
06121724	60	Normal_05000	src/PLNORMAL.c
06121760	124	nm_05_0000	src/PLNORMAL.c
061217DC	232	nm_05_0100	src/PLNORMAL.c
061218C4	60	Normal_06000	src/PLNORMAL.c
06121900	80	nm_06_0000	src/PLNORMAL.c
06121950	124	nm_06_0100	src/PLNORMAL.c
061219CC	214	nm_06_0200	src/PLNORMAL.c
06121AA2	60	Normal_07000	src/PLNORMAL.c
06121ADE	60	Normal_08000	src/PLNORMAL.c
06121B1A	78	Normal_09000	src/PLNORMAL.c
06121B68	64	Normal_10000	src/PLNORMAL.c
06121BA8	104	Normal_11000	src/PLNORMAL.c
06121C10	130	Normal_12000	src/PLNORMAL.c
06121C92	60	Normal_13000	src/PLNORMAL.c
06121CCE	72	Normal_16000	src/PLNORMAL.c
06121D16	90	Normal_17000	src/PLNORMAL.c
06121D70	142	Normal_18000	src/PLNORMAL.c
06121DFE	82	Normal_18000_init_unit	src/PLNORMAL.c
06121E50	112	Normal_27000	src/PLNORMAL.c
06121EC0	146	Normal_31000	src/PLNORMAL.c
06121F52	244	Normal_air_paring	src/PLNORMAL.c
06122046	258	Normal_35000	src/PLNORMAL.c
06122148	24	Normal_36000	src/PLNORMAL.c
06122160	24	Normal_37000	src/PLNORMAL.c
06122178	72	Normal_38000	src/PLNORMAL.c
061221C0	48	Normal_39000	src/PLNORMAL.c
061221F0	12	Normal_40000	src/PLNORMAL.c
061221FC	48	Normal_41000	src/PLNORMAL.c
0612222C	352	Normal_42000	src/PLNORMAL.c
0612238C	350	Normal_47000	src/PLNORMAL.c
061224EA	238	Normal_48000	src/PLNORMAL.c
061225D8	180	Normal_50000	src/PLNORMAL.c
0612268C	64	Normal_51000	src/PLNORMAL.c
061226CC	156	Normal_52000	src/PLNORMAL.c
06122768	288	Normal_53000	src/PLNORMAL.c
06122888	178	Normal_54000	src/PLNORMAL.c
0612293A	162	Normal_55000	src/PLNORMAL.c
061229DC	160	make_nm55_init_sp	src/PLNORMAL.c
06122A7C	140	Normal_56000	src/PLNORMAL.c
06122B08	136	nm56_char_select	src/PLNORMAL.c
06122B90	208	Normal_57000	src/PLNORMAL.c
06122C60	88	nm57_dir_select	src/PLNORMAL.c
06122CB8	136	Normal_58000	src/PLNORMAL.c
06122D40	192	Player_damage	src/PLPDM.c
06122E00	152	Damage_00000	src/PLPDM.c
06122E98	228	Damage_01000	src/PLPDM.c
06122F7C	340	Damage_04000	src/PLPDM.c
061230D0	488	Damage_07000	src/PLPDM.c
061232B8	222	Damage_08000	src/PLPDM.c
06123396	428	Damage_12000	src/PLPDM.c
06123542	212	Damage_14000	src/PLPDM.c
06123616	256	Damage_16000	src/PLPDM.c
06123716	402	Damage_17000	src/PLPDM.c
061238A8	262	Damage_18000	src/PLPDM.c
061239AE	256	Damage_19000	src/PLPDM.c
06123AAE	194	Damage_20000	src/PLPDM.c
06123B70	172	Damage_21000	src/PLPDM.c
06123C1C	172	Damage_23000	src/PLPDM.c
06123CC8	308	Damage_24000	src/PLPDM.c
06123DFC	364	Damage_25000	src/PLPDM.c
06123F68	310	Damage_26000	src/PLPDM.c
0612409E	166	Damage_27000	src/PLPDM.c
06124144	140	Damage_28000	src/PLPDM.c
061241D0	548	Damage_29000	src/PLPDM.c
061243F4	386	Damage_30000	src/PLPDM.c
06124576	466	Damage_31000	src/PLPDM.c
06124748	54	set_dm_char_by_pat_status	src/PLPDM.c
0612477E	46	set_dm_char_dummy	src/PLPDM.c
061247AC	142	first_flight_union	src/PLPDM.c
0612483A	180	first_TtktV_union	src/PLPDM.c
061248EE	250	buttobi_chakuchi_cg_type_check	src/PLPDM.c
061249E8	44	buttobi_add_y_check	src/PLPDM.c
06124A14	88	setup_smoke_type	src/PLPDM.c
06124A6C	56	add_dm_step_tbl	src/PLPDM.c
06124AA4	4	check_dmpat_to_dmpat	src/PLPDM.c
06124AA8	130	set_dm_hos_flag_sky	src/PLPDM.c
06124B2A	58	set_dm_hos_flag_grd	src/PLPDM.c
06124B64	96	get_sky_dm_timer	src/PLPDM.c
06124BC4	338	subtract_dm_vital	src/PLPDM.c
06124D16	310	subtract_dm_vital_aiuchi	src/PLPDM.c
06124E4C	320	get_damage_reaction_data	src/PLPDM.c
06124F8C	104	damage_atemi_setup	src/PLPDM.c
06124FF4	80	setup_kuzureochi	src/PLPDM.c
06125044	116	setup_kuuchuu_nmdm	src/PLPDM.c
061250B8	68	get_catch_off_data	src/PLPDM.c
061250FC	64	check_bullet_damage	src/PLPDM.c
0612513C	214	Player_catch	src/PLPCA.c
06125212	176	check_nagenuke	src/PLPCA.c
061252C2	4	Catch_00000	src/PLPCA.c
061252C6	64	Catch_01000	src/PLPCA.c
06125306	72	Catch_02000	src/PLPCA.c
0612534E	98	Catch_03000	src/PLPCA.c
061253B0	236	Catch_04000	src/PLPCA.c
0612549C	268	Catch_05000	src/PLPCA.c
061255A8	90	Catch_06000	src/PLPCA.c
06125602	306	Catch_07000	src/PLPCA.c
06125734	80	cat07_running_check	src/PLPCA.c
06125784	120	Catch_08000	src/PLPCA.c
061257FC	4	Catch_09000	src/PLPCA.c
06125800	210	subtract_cu_vital	src/PLPCA.c
061258D2	58	check_dm_vital	src/PLPCA.c
0612590C	312	catch_cg_type_check	src/PLPCA.c
06125A44	88	set_char_move_init_ca	src/PLPCA.c
06125A9C	148	Player_caught	src/PLPCU.c
06125B30	4	Caught_00000	src/PLPCU.c
06125B34	284	Caught_01000	src/PLPCU.c
06125C50	270	Caught_02000	src/PLPCU.c
06125D5E	4	Caught_03000	src/PLPCU.c
06125D62	4	Caught_04000	src/PLPCU.c
06125D66	4	Caught_05000	src/PLPCU.c
06125D6A	4	Caught_06000	src/PLPCU.c
06125D6E	4	Caught_07000	src/PLPCU.c
06125D72	4	Caught_08000	src/PLPCU.c
06125D76	190	caught_cg_type_check	src/PLPCU.c
06125E34	92	check_tsukamare_keizoku_check	src/PLPCU.c
06125E90	100	scdmd_12000	src/PLPCU.c
06125EF4	32	scdmd_14000	src/PLPCU.c
06125F14	46	scdmd_16000	src/PLPCU.c
06125F42	48	scdmd_17000	src/PLPCU.c
06125F72	146	scdmd_18000	src/PLPCU.c
06126004	46	scdmd_19000	src/PLPCU.c
06126032	6	scdmd_20000	src/PLPCU.c
06126038	32	scdmd_21000	src/PLPCU.c
06126058	20	scdmd_23000	src/PLPCU.c
0612606C	14	scdmd_24000	src/PLPCU.c
0612607A	4	scdmd_25000	src/PLPCU.c
0612607E	6	scdmd_26000	src/PLPCU.c
06126084	32	scdmd_27000	src/PLPCU.c
061260A4	48	scdmd_28000	src/PLPCU.c
061260D4	4	scdmd_29000	src/PLPCU.c
061260D8	46	scdmd_30000	src/PLPCU.c
06126106	26	scdmd_31000	src/PLPCU.c
06126120	250	Player_attack	src/PLPAT.c
0612621A	144	Attack_00000	src/PLPAT.c
061262AA	186	Attack_01000	src/PLPAT.c
06126364	172	Attack_02000	src/PLPAT.c
06126410	320	Attack_03000	src/PLPAT.c
06126550	130	ja_nmj_rno_change	src/PLPAT.c
061265D2	234	check_ja_nmj_dummy_RTNM	src/PLPAT.c
061266BC	138	get_cjdR	src/PLPAT.c
06126746	150	Attack_04000	src/PLPAT.c
061267DC	168	Attack_05000	src/PLPAT.c
06126884	10	Attack_06000	src/PLPAT.c
0612688E	142	Attack_07000	src/PLPAT.c
0612691C	284	Attack_08000	src/PLPAT.c
06126A38	216	Attack_09000	src/PLPAT.c
06126B10	408	Attack_10000	src/PLPAT.c
06126CA8	102	Attack_14000	src/PLPAT.c
06126D0E	230	Attack_15000	src/PLPAT.c
06126DF4	32	get_cancel_timer	src/PLPAT.c
06126E14	88	hoken_muriyari_chakuchi	src/PLPAT.c
06126E6C	4	Att_DUMMY	src/PLPATUNI.c
06126E70	144	Att_METAMOR_WAIT	src/PLPATUNI.c
06126F00	378	Att_METAMOR_REBIRTH	src/PLPATUNI.c
0612707A	10	Att_HADOUKEN	src/PLPATUNI.c
06127084	114	Att_HADOUKEN2	src/PLPATUNI.c
061270F6	58	Att_NM_OKIAGARI	src/PLPATUNI.c
06127130	262	Att_SHOURYUUKEN	src/PLPATUNI.c
06127236	254	Att_SENPUUKYAKU	src/PLPATUNI.c
06127334	164	Att_SENPUUKYAKU2	src/PLPATUNI.c
061273D8	270	Att_ABISEGERI	src/PLPATUNI.c
061274E6	346	Att_SHOURYUUREPPA	src/PLPATUNI.c
06127640	192	Att_SHINSHOURYUUKEN	src/PLPATUNI.c
06127700	168	Att_KUUCHUUNICHIRINSHOU	src/PLPATUNI.c
061277A8	256	Att_KUUCHUUJINNCHUUWATARI	src/PLPATUNI.c
061278A8	328	Att_TENSHINSENKYUUTAI_OLD	src/PLPATUNI.c
061279F0	516	Att_TENSHINSENKYUUTAI	src/PLPATUNI.c
06127BF4	154	Att_CHOUCHUURENGEKI	src/PLPATUNI.c
06127C8E	466	Att_SLIDE_and_JUMP	src/PLPATUNI.c
06127E60	202	Att_JINNCHUUWATARI	src/PLPATUNI.c
06127F2A	156	Att_HOMING_JUMP	src/PLPATUNI.c
06127FC6	410	att_ahj_table_reader	src/PLPATUNI.c
06128160	22	pl00_extra_attack	src/PLPAT00.c
06128176	318	Att_MOONSALT_KNEE_DROP	src/PLPAT00.c
061282B4	220	Att_RESURRECTION	src/PLPAT00.c
06128390	28	get_life_add_point	src/PLPAT00.c
061283AC	254	Att_PL00_TOKUSHUKOUDOU	src/PLPAT00.c
061284AA	394	Att_JYOUKA	src/PLPAT00.c
06128634	22	pl01_extra_attack	src/PLPAT01.c
0612864A	298	Att_PL01_DDT	src/PLPAT01.c
06128774	232	Att_PL01_TOKUSHUKOUDOU	src/PLPAT01.c
0612885C	22	pl02_extra_attack	src/PLPAT02.c
06128872	170	Att_DENJINHADOUKEN	src/PLPAT02.c
0612891C	240	Att_PL02_TOKUSHUKOUDOU	src/PLPAT02.c
06128A0C	22	pl03_extra_attack	src/PLPAT03.c
06128A22	238	Att_PL03_TOKUSHUKOUDOU	src/PLPAT03.c
06128B10	22	pl04_extra_attack	src/PLPAT04.c
06128B26	190	Att_PL04_TOKUSHUKOUDOU	src/PLPAT04.c
06128BE4	22	pl05_extra_attack	src/PLPAT05.c
06128BFA	194	Att_PL05_TOKUSHUKOUDOU	src/PLPAT05.c
06128CBC	22	pl06_extra_attack	src/PLPAT06.c
06128CD2	572	Att_PL06_HASHIRI_NAGE	src/PLPAT06.c
06128F0E	266	Att_PL06_TOKUSHUKOUDOU	src/PLPAT06.c
06129018	22	pl07_extra_attack	src/PLPAT07.c
0612902E	346	Att_PL07_BOUND_JUMP	src/PLPAT07.c
06129188	216	Att_PL07_SA2	src/PLPAT07.c
06129260	264	Att_PL07_HOP_JUMP	src/PLPAT07.c
06129368	284	Att_PL07_AT1	src/PLPAT07.c
06129484	176	Att_PL07_AT2	src/PLPAT07.c
06129534	146	Att_PL07_AT3	src/PLPAT07.c
061295C6	146	Att_PL07_SA3	src/PLPAT07.c
06129658	388	Att_PL07_TOKUSHUKOUDOU	src/PLPAT07.c
061297DC	22	pl08_extra_attack	src/PLPAT08.c
061297F2	270	Att_PL08_HEALING	src/PLPAT08.c
06129900	188	Att_PL08_TOKUSHUKOUDOU	src/PLPAT08.c
061299BC	22	pl09_extra_attack	src/PLPAT09.c
061299D2	302	Att_SP_YAGYOUDAMA	src/PLPAT09.c
06129B00	502	set_tenguiwa	src/PLPAT09.c
06129CF6	280	Att_PL09_TOKUSHUKOUDOU	src/PLPAT09.c
06129E0E	246	Att_JINNCHUUWATARI_EX	src/PLPAT09.c
06129F04	540	mvxy_table_reader	src/PLPAT09.c
0612A120	128	Att_PL09_EX_TENGUIWA	src/PLPAT09.c
0612A1A0	216	Att_PL09_EX_KISHINRIKI	src/PLPAT09.c
0612A278	22	pl10_extra_attack	src/plpat10.c
0612A28E	178	Att_PL10_TOKUSHUKOUDOU	src/plpat10.c
0612A340	372	Att_PL10_MACH_SLIDE	src/plpat10.c
0612A4B4	396	Att_PL10_MACH_SLIDE2	src/plpat10.c
0612A640	22	pl11_extra_attack	src/PLPAT11.c
0612A656	194	Att_PL11_TOKUSHUKOUDOU	src/PLPAT11.c
0612A718	22	pl12_extra_attack	src/PLPAT12.c
0612A72E	386	Att_PL12_TOKUSHUKOUDOU	src/PLPAT12.c
0612A8B0	228	Att_PL12_BONUS_STAGE	src/PLPAT12.c
0612A994	22	pl13_extra_attack	src/PLPAT13.c
0612A9AA	318	Att_MOONSALT_KNEE_DROP2	src/PLPAT13.c
0612AAE8	220	Att_RESURRECTION2	src/PLPAT13.c
0612ABC4	28	get_life_add_point2	src/PLPAT13.c
0612ABE0	240	Att_PL13_TOKUSHUKOUDOU	src/PLPAT13.c
0612ACD0	22	pl14_extra_attack	src/plpat14.c
0612ACE6	436	Att_PL14_AT1	src/plpat14.c
0612AE9A	240	Att_PL14_AT2	src/plpat14.c
0612AF8A	686	Att_PL14_AT3	src/plpat14.c
0612B238	236	Att_PL14_TOKUSHUKOUDOU	src/plpat14.c
0612B324	22	pl16_extra_attack	src/plpat16.c
0612B33A	290	Att_PL16_TOKUSHUKOUDOU	src/plpat16.c
0612B45C	22	pl17_extra_attack	src/plpat17.c
0612B472	812	Att_PL17_AT1	src/plpat17.c
0612B79E	100	set_kabe_move_spd	src/plpat17.c
0612B802	104	kabe_check	src/plpat17.c
0612B86A	122	Att_PL17_AT2	src/plpat17.c
0612B8E4	308	Att_PL17_TOKUSHUKOUDOU	src/plpat17.c
0612BA18	22	pl18_extra_attack	src/plpat18.c
0612BA2E	358	Att_PL18_NINGENBAKUDAN	src/plpat18.c
0612BB94	264	Att_PL18_TOKUSHUKOUDOU	src/plpat18.c
0612BC9C	22	pl19_extra_attack	src/plpat19.c
0612BCB2	170	Att_METAMORPHOSE	src/plpat19.c
0612BD5C	576	Att_SA__D_R_A	src/plpat19.c
0612BF9C	460	Att_EX__D_R_A	src/plpat19.c
0612C168	348	Att_KUUCHUUHISSATU	src/plpat19.c
0612C2C4	478	Att_AIRDASH	src/plpat19.c
0612C4A2	162	kabe_check2	src/plpat19.c
0612C544	60	kabe_check3	src/plpat19.c
0612C580	226	Att_pl19_TOKUSHUKOUDOU	src/plpat19.c
0612C662	266	Att_AIR_A_X_E	src/plpat19.c
0612C76C	64	get_lever_dir	src/plpat19.c
0612C7AC	22	pl20_extra_attack	src/plpat20.c
0612C7C2	356	Att_PL20_AT1	src/plpat20.c
0612C926	344	Att_PL20_AT2	src/plpat20.c
0612CA7E	356	Att_PL20_AT3	src/plpat20.c
0612CBE2	214	Att_PL20_TOKUSHUKOUDOU	src/plpat20.c
0612CCB8	806	bbbs_com_execute	src/BBBSCOM.c
0612CFDE	14	bbbs_com_initialize	src/BBBSCOM.c
0612CFEC	128	makeup_bonus_game_level	src/BBBSCOM.c
0612D06C	70	set_bonus_game_difficulty	src/BBBSCOM.c
0612D0B2	128	set_bonus_game_nando	src/BBBSCOM.c
0612D132	42	katteni_bonus_nando	src/BBBSCOM.c
0612D15C	160	bbbs_com_execute2	src/BBBSCOM2.c
0612D1FC	164	metamor_color_trans	src/meta_col.c
0612D2A0	100	metamor_color_copy	src/meta_col.c
0612D304	116	metamor_color_store	src/meta_col.c
0612D378	176	metamor_color_reset	src/meta_col.c
0612D428	180	_divls	lib/shclib.src
0612D4DC	168	_divlu	lib/shclib.src
0612D584	80	_divws	lib/shclib.src
0612D5D4	200	_modls	lib/shclib.src
0612D69C	184	_modlu	lib/shclib.src
0612D754	224	_quick_mvn	lib/shclib.src
0612D834	192	_sftl	lib/shclib.src
0612D8F4	126	_sftra	lib/shclib.src
0612D972	122	sftra_neg_rotl	lib/shclib.src
0612D9EC	24	memset	src/meta_col_mem.c
0612DA04	32	strcat	src/meta_col_mem.c
0612DA24	20	strcpy	src/meta_col_strcpy.c
0612DA38	128	strstr	src/meta_col_lib.c
0612DAB8	128	hex_to_bcd	src/meta_col_bcd.c
0612DB38	84	abcd	src/meta_col_bcd.c
0612DB8C	104	sbcd	src/meta_col_bcd.c
0612DBF4	68	nbcd	src/meta_col_bcd.c
0612DC38	14	fifo_init	src/fifo.c
0612DC46	44	fifo_put	src/fifo.c
0612DC72	50	fifo_get	src/fifo.c
0612DCA4	78	Family_Init	src/family.c
0612DCF2	86	Family_Set_R	src/family.c
0612DD48	44	Family_Set_W	src/family.c
0612DD74	88	Family_Add_W	src/family.c
0612DDCC	200	Irl_Family	src/sys_test.c
0612DE94	184	scrn_flip_set	src/sys_test.c
0612DF4C	102	scrn_flip_toggle	src/sys_test.c
0612DFB2	162	clear_scroll_layer_state_and_mask	src/sys_test.c
0612E054	84	scroll_layer_mask_enable	src/sys_test.c
0612E0A8	48	Bg_On_W	src/sys_test.c
0612E0D8	64	scroll_layer_mask_disable	src/sys_test.c
0612E118	52	Bg_Off_W	src/sys_test.c
0612E14C	192	scroll_layer_commit	src/sys_test.c
0612E20C	76	scrn_line_set_now	src/sys_test.c
0612E258	34	scrn_line_set	src/sys_test.c
0612E27A	74	simmram_large_page_addr	src/sys_test.c
0612E2C4	58	simmram_small_page_addr	src/sys_test.c
0612E2FE	66	scrn_map_set_now	src/sys_test.c
0612E340	30	scrn_map_set	src/sys_test.c
0612E35E	58	scrn_linescroll_set_now	src/sys_test.c
0612E398	30	scrn_linescroll_set	src/sys_test.c
0612E3B6	78	scrn_attr_set	src/sys_test.c
0612E404	88	Scrn_Pos_Init	src/sys_test.c
0612E45C	88	Scrn_Move_Set_R	src/sys_test.c
0612E4B4	44	Scrn_X_Set_R	src/sys_test.c
0612E4E0	60	Scrn_Y_Set_R	src/sys_test.c
0612E51C	44	Scrn_Move_Set	src/sys_test.c
0612E548	40	Scrn_X_Set_W	src/sys_test.c
0612E570	30	Scrn_Y_Set_W	src/sys_test.c
0612E58E	130	Scrn_Move_Add	src/sys_test.c
0612E610	1060	scroll_layers_finalize_frame	src/sys_test.c
0612EA34	800	iotest_draw_sw_grid	src/sys_test_2.c
0612ED54	164	iotest_input_page	src/sys_test_2.c
0612EDF8	328	iotest_output_toggle	src/sys_test_2.c
0612EF40	348	iotest_output_page	src/sys_test_2.c
0612F09C	66	soundtest_draw_title	src/sys_test_2.c
0612F0DE	330	soundtest_code_select	src/sys_test_2.c
0612F228	136	soundtest_page	src/sys_test_2.c
0612F2B0	1000	soundtest_monitor_task	src/sys_test_2.c
0612F698	62	soundtest_print_pan_bar	src/sys_test_2.c
0612F6D6	104	soundtest_print_lr_balance	src/sys_test_2.c
0612F73E	102	soundtest_print_level_bar	src/sys_test_2.c
0612F7A4	78	colortest_draw_title	src/sys_test_2.c
0612F7F2	342	colortest_draw_palette_grid	src/sys_test_2.c
0612F948	112	colortest_page	src/sys_test_2.c
0612F9B8	244	screentest_draw_crosshatch	src/sys_test_2a.c
0612FAAC	124	screentest_page	src/sys_test_2a.c
0612FB28	288	gamedata_print_counters	src/sys_test_2b.c
0612FC48	192	gamedata_draw_title	src/sys_test_2b.c
0612FD08	40	gamedata_show_counters	src/sys_test_2b.c
0612FD30	78	gamedata_clear_card_counter	src/sys_test_2b.c
0612FD7E	146	gamedata_page	src/sys_test_2b.c
0612FE10	92	config_menu_page	src/sys_test_2c.c
0612FE6C	152	memtest_pattern_word	src/sys_test_3.c
0612FF04	178	memtest_pattern_byte_lane	src/sys_test_3.c
0612FFB6	186	memtest_pattern_masked_word	src/sys_test_3.c
06130070	150	memtest_pattern_stride_8	src/sys_test_3.c
06130106	190	memtest_work_ram	src/sys_test_3.c
061301C4	150	memtest_sprite_ram	src/sys_test_3.c
0613025A	188	memtest_color_ram	src/sys_test_3.c
06130316	232	memtest_character_ram	src/sys_test_3.c
061303FE	188	memtest_ss_ram	src/sys_test_3.c
061304BA	190	memtest_eeprom	src/sys_test_3.c
06130578	380	memtest_sram	src/sys_test_3.c
061306F4	176	cd_check_drive_inquiry	src/sys_test_3.c
061307A4	674	cd_check_disc_id	src/sys_test_3.c
06130A46	154	memtest_cdrom	src/sys_test_3.c
06130AE0	370	memtest_simm_quick	src/sys_test_3.c
06130C52	118	memtest_memory_check	src/sys_test_3.c
06130CC8	292	simm_check_run	src/sys_test_3.c
06130DEC	140	memtest_menu_init	src/sys_test_3.c
06130E78	336	memtest_menu_select	src/sys_test_3.c
06130FC8	140	memtest_page	src/sys_test_3.c
06131054	72	sram_read_byte	src/sys_test_3.c
0613109C	86	sram_write_byte	src/sys_test_3.c
061310F2	28	sram_bus_slow	src/sys_test_3.c
0613110E	54	sram_bus_normal	src/sys_test_3.c
06131144	376	simm_full_checksum	src/sys_test_3.c
061312BC	248	simm_bank_checksum	src/sys_test_3.c
061313B4	376	simm_quick_checksum	src/sys_test_3.c
0613152C	38	scsi_test_unit_ready	src/sys_test_3.c
06131552	50	scsi_inquiry	src/sys_test_3.c
06131584	40	scsi_read_capacity	src/sys_test_3.c
061315AC	52	scsi_request_sense	src/sys_test_3.c
061315E0	88	scsi_start_stop_unit	src/sys_test_3.c
06131638	66	scsi_prevent_allow_medium_removal	src/sys_test_3.c
0613167A	150	scsi_read_10	src/sys_test_3.c
06131710	112	scsi_send_cdb_bytes	src/sys_test_3.c
06131780	1220	scsi_send_cdb_and_read	src/sys_test_3.c
06131C44	312	scsi_decode_sense_key	src/sys_test_3.c
06131D7C	118	rewrite_menu_init	src/sys_test_4.c
06131DF2	488	rewrite_menu_select	src/sys_test_4.c
06131FDA	124	rewrite_cd_not_ready	src/sys_test_4.c
06132056	210	rewrite_page	src/sys_test_4.c
06132128	812	coin_chutes_update	src/sys_test_4.c
06132454	448	service_coin_check	src/sys_test_4.c
06132614	376	coin_lockout_update	src/sys_test_5.c
0613278C	92	coin_work_init	src/coin_sw.c
061327E8	232	coin_chute_check	src/coin_sw.c
061328D0	206	coin_credit_add	src/coin_sw.c
0613299E	134	coin_counter_drive	src/coin_sw.c
06132A24	96	coin_lock_release	src/coin_sw.c
06132A84	102	coin_lock_set	src/coin_sw.c
06132AEA	94	coin_lock_check	src/coin_sw.c
06132B48	536	credit_use	src/coin_sw.c
06132D60	232	switch_work_clear	src/coin_sw.c
06132E48	400	switch_read	src/coin_sw.c
06132FD8	356	switch_read_six_button	src/coin_sw.c
0613313C	292	ext_switch_read	src/coin_sw.c
06133260	116	coin_sw_shift	src/coin_sw.c
061332D4	96	coin_sw_sample	src/coin_sw.c
06133334	92	dispenser_sw_read	src/coin_sw.c
06133390	56	dispenser_init	src/coin_sw.c
061333C8	232	dispenser_control	src/coin_sw.c
061334B0	296	eeprom_test	src/eeprom.c
061335D8	152	eeprom_fill_verify	src/eeprom.c
06133670	306	eeprom_read	src/eeprom.c
061337A2	232	eeprom_write	src/eeprom.c
0613388A	80	eeprom_wait_ready	src/eeprom.c
061338DA	66	eeprom_error_halt	src/eeprom.c
0613391C	36	bookkeep_coin_count	src/eeprom.c
06133940	52	bookkeep_service_count	src/eeprom.c
06133974	36	bookkeep_freeplay_count	src/eeprom.c
06133998	52	bookkeep_card_count	src/eeprom.c
061339CC	84	bookkeep_clear_all	src/eeprom.c
06133A20	248	bookkeep_flush	src/eeprom.c
06133B18	232	eeprom_config_load	src/sys_config.c
06133C00	300	eeprom_config_reset	src/sys_config.c
06133D2C	100	config_bytes_equal	src/sys_config.c
06133D90	658	eeprom_config_apply	src/sys_config.c
06134022	388	eeprom_config_save	src/sys_config.c
061341A6	236	eeprom_config_default	src/sys_config.c
06134292	170	eeprom_config_verify	src/sys_config.c
0613433C	44	config_menu_run	src/sys_config_2.c
06134368	472	config_menu_init	src/sys_config_2.c
06134540	22	config_menu_dispatch	src/sys_config_2.c
06134556	22	config_top_page	src/sys_config_2.c
0613456C	360	config_top_draw	src/sys_config_2.c
061346D4	250	config_top_select	src/sys_config_2.c
061347CE	134	config_top_system	src/sys_config_2.c
06134854	88	config_top_game	src/sys_config_2.c
061348AC	532	config_top_default	src/sys_config_2.c
06134AC0	688	config_top_save_exit	src/sys_config_2.c
06134D70	22	sysconfig_page	src/sys_config_2.c
06134D86	388	sysconfig_draw	src/sys_config_2.c
06134F0A	708	sysconfig_select	src/sys_config_2.c
061351CE	662	sysconfig_coin	src/sys_config_2.c
06135464	222	sysconfig_chute_mode	src/sys_config_2.c
06135542	118	sysconfig_continue	src/sys_config_2.c
061355B8	66	sysconfig_monitor	src/sys_config_2.c
061355FA	98	sysconfig_demo_sound	src/sys_config_2.c
0613565C	66	sysconfig_sound_mode	src/sys_config_2.c
0613569E	144	sysconfig_language	src/sys_config_2.c
0613572E	98	sysconfig_dispenser	src/sys_config_2.c
06135790	236	sysconfig_win_point	src/sys_config_2.c
0613587C	188	sysconfig_win_point_human	src/sys_config_2.c
06135938	106	sysconfig_voice_type_toggle	src/sys_config_2.c
061359A2	134	sysconfig_exit	src/sys_config_2.c
06135A28	208	gameconfig_page	src/sys_config_2.c
06135AF8	916	sysconfig_draw_values	src/sys_config_2.c
06135E8C	56	config_print_setting	src/sys_config_2.c
06135EC4	52	test_menu_print_script_at	src/sys_config_2.c
06135EF8	416	config_check_changed	src/sys_config_2.c
06136098	468	config_differs_from_default	src/sys_config_2.c
0613626C	94	config_modify_step	src/sys_config_2.c
061362CA	514	menu_cursor_vtick	src/sys_config_2.c
061364CC	144	menu_cursor_redraw	src/sys_config_2.c
0613655C	444	config_menu_load_settings	src/sys_config_2.c
06136718	106	init_render_lists	src/sys_config_3.c
06136782	108	render_list_primary_alloc	src/sys_config_3.c
061367EE	206	sprite_template_pool_init	src/sys_config_3.c
061368BC	176	sprite_template_chain_init	src/sys_config_3.c
0613696C	42	dma_src_ack_seq	src/sys_config_3.c
06136996	50	sprite_dma_end_wait	src/sys_config_3.c
061369C8	256	sprite_pools_init	src/spr_pool.c
06136AC8	652	sprite_entry_alloc	src/spr_pool.c
06136D54	468	sprite_layer_free	src/spr_pool.c
06136F28	104	sprite_entry_push_prio	src/spr_pool.c
06136F90	644	sprite_display_list_build	src/spr_pool.c
06137214	1176	sprite_bank_flip	src/spr_pool.c
061376AC	26	simmram_slot_to_page_offset	src/spr_pool_2.c
061376C6	30	simmram_slot_addr	src/spr_pool_2.c
061376E4	46	simmram_slot_to_code	src/spr_pool_2.c
06137712	74	sprite_list_shift_x	src/spr_pool_2.c
0613775C	40	simmram_freelist_init	src/simmram.src
06137784	108	simmram_block_alloc_40	src/simmram.src
061377F0	100	simmram_big_page_alloc_40	src/simmram.src
06137854	122	simmram_small_page_alloc_40	src/simmram.src
061378CE	62	simmram_block_free_40	src/simmram.src
0613790C	116	simmram_purge_by_owner_40	src/simmram.src
06137980	30	simmram_slot_to_offset	src/simmram_slot.c
0613799E	38	simmram_slot_to_cg_no	src/simmram_slot.c
061379C4	40	simmram_freelist_init_10	src/simmram.src
061379EC	108	simmram_block_alloc_10	src/simmram.src
06137A58	62	simmram_block_free_10	src/simmram.src
06137A96	114	simmram_purge_by_owner_10	src/simmram.src
06137B08	268	poly_queue_init	src/poly_que.c
06137C14	208	poly_bank_flip	src/poly_que.c
06137CE4	268	polygon2d_submit_line	src/poly_que.c
06137DF0	442	polygon2d_submit_quad	src/poly_que.c
06137FAA	240	polygon2d_queue_quad	src/poly_que.c
0613809A	74	sprite_poly_queue_drain_try	src/poly_que.c
061380E4	132	sprite_poly_queue_drain_wait	src/poly_que.c
06138168	616	sprite_polygon_flush_queue	src/poly_que.c
061383D0	272	sprite_list_init	src/spr_list.c
061384E0	538	sprite_list_setup	src/spr_list.c
061386FA	228	sprite_list_submit	src/spr_list.c
061387DE	210	sprite_list_clear	src/spr_list.c
061388B0	42	tilemap_chunk_copy_16b	src/textsound.c
061388DA	22	palette_bank_set	src/textsound.c
061388F0	40	palette_write	src/textsound.c
06138918	190	tilemap_fill_all	src/textsound.c
061389D6	192	tilemap_put_block	src/textsound.c
06138A96	222	tilemap_put_block_next	src/textsound.c
06138B74	44	tilemap_put_char	src/textsound.c
06138BA0	48	tilemap_print_string_attr	src/textsound.c
06138BD0	348	tilemap_rect_fill	src/textsound.c
06138D2C	356	tilemap_print_hex_block	src/textsound.c
06138E90	274	tilemap_print_hex	src/textsound.c
06138FA2	98	tilemap_print_binary	src/textsound.c
06139004	512	tilemap_print_script_seq	src/textsound.c
06139204	176	tilemap_print_string	src/textsound.c
061392B4	72	tilemap_fill_column0	src/textsound.c
061392FC	14	bgm_tempo_set	src/textsound_2.c
0613930A	6	sound_driver_version	src/textsound_2.c
06139310	6	sound_sample_bank_set	src/textsound_2.c
06139316	442	sound_init	src/textsound_2.c
061394D0	4	sound_request	src/textsound_2.c
061394D4	3246	sound_seq_start	src/textsound_2.c
0613A182	102	sound_request_pan	src/textsound_2.c
0613A1E8	52	bgm_stop	src/textsound_2.c
0613A21C	86	bgm_pause	src/textsound_2.c
0613A272	74	bgm_resume	src/textsound_2.c
0613A2BC	68	sound_fade_in_submit	src/textsound_2.c
0613A300	36	bgm_fade_out	src/textsound_2.c
0613A324	10	sound_reg_level_set	src/textsound_2.c
0613A32E	6	sound_status_read	src/textsound_2.c
0613A334	94	sound_driver_init	src/textsound_2.c
0613A392	32	se_voice_stop	src/textsound_2.c
0613A3B2	86	se_voice_stop_all	src/textsound_2.c
0613A408	672	sound_driver_tick	src/textsound_2.c
0613A6A8	56	_slow_mvn	lib/slow_mvn.src
0613A6E0	112	_slow_strcpy	lib/slow_mvn.src
0613A750	380	_sftrl	lib/slow_mvn.src
0613A8CC	22	_sta_sftra21	lib/sta_sftra.src
0613A8E2	2	_sta_sftra12	lib/sta_sftra.src
0613A8E4	2	_sta_sftra11	lib/sta_sftra.src
0613A8E6	2	_sta_sftra10	lib/sta_sftra.src
0613A8E8	2	_sta_sftra9	lib/sta_sftra.src
0613A8EA	82	_sta_sftra8	lib/sta_sftra.src
0613A93C	52	memcmp	src/textsound_3.c
0613A970	64	strlen	src/textsound_3.c
0613A9B0	16	delay_cycles	src/textsound_3.c
0613A9C0	136	dma0_transfer_wait	src/textsound_3.c
0613AA48	22	cram_bank_init	src/cram_bank.c
0613AA5E	82	cram_bank_set	src/cram_bank.c
0613AAB0	64	cram_bank_restore	src/cram_bank.c
0613AAF0	108	cram_bank_addr	src/cram_bank.c
0613AB5C	88	cram_bank_slot_offset	src/cram_bank.c
0613ABB4	36	cram_bank_now_get	src/cram_bank.c
0613ABD8	16	cram_bank_old_get	src/cram_bank.c
0613ABE8	40	sound_envelope_rate	src/sound_voice.c
0613AC10	4	voice_process_null	src/sound_voice.c
0613AC14	1476	voice_process_primary	src/sound_voice.c
0613B1D8	78	sound_note_to_pitch	src/sound_voice_2.c
0613B226	422	sound_voice_volume_compute	src/sound_voice_2.c
0613B3CC	2254	voice_process_secondary	src/sound_voice_2.c
0613BC9A	38	sound_reg_write_verify	src/sound_voice_2.c
0613BCC0	48	midi_vlq_decode_while	src/sound_voice_3.c
0613BCF0	64	midi_vlq_decode_leading	src/sound_voice_3.c
0613BD30	4	quick_strcpy	lib/quick_strcpy.src
